<?xml version="1.0" encoding="utf-8"?>
<COLLADA xmlns="http://www.collada.org/2005/11/COLLADASchema" version="1.4.1" xmlns:xsi="http://www.w3.org/2001/XMLSchema-instance">
  <asset>
    <contributor>
      <author>Blender User</author>
      <authoring_tool>Blender 2.79.0 commit date:2018-03-22, commit time:14:10, hash:f4dc9f9d68b</authoring_tool>
    </contributor>
    <created>2018-06-03T00:56:43</created>
    <modified>2018-06-03T00:56:43</modified>
    <unit name="meter" meter="1"/>
    <up_axis>Z_UP</up_axis>
  </asset>
  <library_images/>
  <library_effects>
    <effect id="GP-5_LP-effect">
      <profile_COMMON>
        <technique sid="common">
          <phong>
            <emission>
              <color sid="emission">0 0 0 1</color>
            </emission>
            <ambient>
              <color sid="ambient">0 0 0 1</color>
            </ambient>
            <diffuse>
              <color sid="diffuse">0.64 0.64 0.64 1</color>
            </diffuse>
            <specular>
              <color sid="specular">0.5 0.5 0.5 1</color>
            </specular>
            <shininess>
              <float sid="shininess">50</float>
            </shininess>
            <index_of_refraction>
              <float sid="index_of_refraction">1</float>
            </index_of_refraction>
          </phong>
        </technique>
      </profile_COMMON>
    </effect>
    <effect id="GP-5-Lezhit_LP-effect">
      <profile_COMMON>
        <technique sid="common">
          <phong>
            <emission>
              <color sid="emission">0 0 0 1</color>
            </emission>
            <ambient>
              <color sid="ambient">0 0 0 1</color>
            </ambient>
            <diffuse>
              <color sid="diffuse">0.64 0.64 0.64 1</color>
            </diffuse>
            <specular>
              <color sid="specular">0.5 0.5 0.5 1</color>
            </specular>
            <shininess>
              <float sid="shininess">50</float>
            </shininess>
            <index_of_refraction>
              <float sid="index_of_refraction">1</float>
            </index_of_refraction>
          </phong>
        </technique>
      </profile_COMMON>
    </effect>
  </library_effects>
  <library_materials>
    <material id="GP-5_LP-material" name="GP-5_LP">
      <instance_effect url="#GP-5_LP-effect"/>
    </material>
    <material id="GP-5-Lezhit_LP-material" name="GP-5-Lezhit_LP">
      <instance_effect url="#GP-5-Lezhit_LP-effect"/>
    </material>
  </library_materials>
  <library_geometries>
    <geometry id="Cube_004-mesh" name="Cube.004">
      <mesh>
        <source id="Cube_004-mesh-positions">
          <float_array id="Cube_004-mesh-positions-array" count="1434">-0.08414727 0.1376044 -0.1639497 -0.108904 0.1621576 0.1187857 -0.07906454 -0.1869981 -0.09519124 -0.1141715 -0.1570576 0.164337 -0.07844781 0.2361679 -0.0313217 -0.1090053 -0.201699 0.02511548 -0.06614631 0.2356646 -0.1992319 -0.06465649 0.3223463 -0.1283764 -0.1485521 0.04987686 0.1898729 -0.105254 0.01158416 -0.1817026 -0.1618275 0.04730147 -0.004116415 -0.08784794 -0.1963658 -0.02627456 -0.1025547 0.1768463 -0.1015813 -0.08601045 0.2841951 -0.1613063 -0.126138 0.04538071 -0.07567024 -0.08268707 0.2016269 -0.1848422 -0.06800705 0.2875215 -0.08421623 -0.09156042 0.2425276 -0.1373029 -0.0412079 0.1242021 -0.2392825 -0.03866559 0.207468 -0.2267455 -0.04535347 0.1852011 -0.2234204 -0.0516439 0.07068103 -0.2454323 -0.08345627 -0.1862109 -0.07186418 -0.1157189 0.02984488 -0.1253504 -0.1287639 0.1193927 0.1519005 -0.1374385 0.1445687 0.001290798 -0.1263865 0.1131707 -0.08766424 -0.1102472 0.09563857 -0.1491972 -0.05917906 0.2588984 -0.2026368 -0.0564205 0.3285114 -0.1490316 -0.07376551 0.2952294 -0.1747112 -0.03441542 0.237571 -0.2100079 0.08414727 0.1376044 -0.1639497 0.108904 0.1621576 0.1187857 0.07906454 -0.1869981 -0.09519124 0.1141715 -0.1570575 0.1643238 0.07844775 0.2361676 -0.03132104 0.1090053 -0.2079165 0.0207619 0.06614184 0.2358259 -0.1994623 0.06465643 0.3223463 -0.1283764 0.1485521 0.04987472 0.1898757 0.1052423 0.01158928 -0.1816921 0.1618275 0.04730147 -0.004116475 0.087848 -0.1963659 -0.02627456 0.1025547 0.1768463 -0.1015813 0.08601045 0.2841951 -0.1613063 0.1267133 0.04442363 -0.07479244 0.08268707 0.2016269 -0.1848422 0.06800705 0.2875215 -0.08421623 0.09156042 0.2425276 -0.1373029 0.04120802 0.1242022 -0.2392826 0.03866112 0.207468 -0.2267455 0.04535341 0.1852011 -0.2234204 0.0516439 0.07068103 -0.2454323 0.08345627 -0.1862109 -0.07186418 0.1157572 0.02897197 -0.1254435 0.1287639 0.1193938 0.1518983 0.1374385 0.1445687 0.001290798 0.1261074 0.1135572 -0.0873782 0.1081107 0.08796018 -0.1551694 0 0.1509636 -0.2575753 0 0.2080168 0.130281 0 -0.2399065 -0.09529125 0 -0.1892582 0.1813974 0 -0.2569234 0.01804238 0 0.2744615 -0.01924014 0 0.3413127 -0.1141019 0 0.2009561 -0.2291034 0 0.1056339 0.2405332 0 -0.2543705 -0.03027939 0 0.3140196 -0.06722229 0 0.1823654 -0.2365287 0 0.09455466 -0.2783577 0 -0.2440975 -0.07397705 0 0.1587226 0.1963382 0.05909693 0.2599669 -0.2021027 0.0589289 0.329821 -0.1479915 1.63249e-4 0.350341 -0.1327161 -1.1214e-4 0.2281457 -0.2215136 0.07562541 0.2952218 -0.1747708 0.03424179 0.2377484 -0.2100079 -0.1085796 0.1820338 0.06553161 -0.08641946 -0.1718114 0.1768105 -0.09155625 -0.1519685 -0.1052007 -0.1069552 -0.03349441 -0.1546475 -0.1432517 -0.0577327 0.2045217 -0.1167023 -0.1961263 0.06054508 -0.1393206 -0.08675813 0.01174634 -0.08147507 -0.2257452 0.0228855 -0.03942203 0.1971983 0.1278327 -0.03375798 -0.2245982 -0.09509307 -0.02694803 0.2656034 -0.02161765 0 -0.1394469 0.224171 0 0.02788376 0.2663614 0 -0.2490885 0.05246913 0 0.2601718 0.0389623 -0.05054694 0.3314058 -0.1212071 -0.1473225 5.8536e-4 0.2016002 -0.1533177 -0.01530396 0.00404632 -0.1167557 0.06863224 0.2151728 -0.1768748 0.04615622 0.04207849 -0.103419 -0.09186482 -0.1243544 -0.1307885 -0.1185529 0.1863038 -0.1290268 -0.1585306 0.01810419 0 -0.05895018 0.2636728 -0.1050344 -0.1605415 -0.0306608 -0.1187913 -0.01969075 -0.05620747 -0.06952846 -0.2171047 -0.02542257 -0.1133351 -0.09355676 -0.03921085 -0.04765224 0.3036822 -0.07383662 -0.09305477 0.2062981 0.01199007 -0.1214761 -0.1853834 0.1098803 7.90143e-4 -0.2319239 0.1099901 -8.4525e-4 0.2364547 0.09207326 -0.1814537 0.04812592 0.1110757 -0.0422675 -0.1829138 0.1827128 -0.03936058 -0.2458422 0.02053928 -0.07885211 0.1759456 0.1210346 -0.06360656 -0.2040528 -0.09421634 -0.05506992 0.24721 -0.0276829 -0.02544826 0.3382843 -0.1160106 -0.05892366 0.09009492 0.2382681 -0.03595864 -0.2397086 -0.02685922 -0.02048349 0.3114837 -0.06855285 -0.03520888 -0.2312019 -0.07242637 -0.1089289 -0.09055423 -0.08352476 -0.06743693 -0.2084829 -0.0715174 -0.1133469 -0.0244131 -0.1032342 -0.09916627 -0.1529351 -0.07421249 -0.05177849 0.150348 0.1912996 -0.1480401 0.1403926 0.0379793 -0.1012336 0.1273968 0.1722812 -0.1505004 0.1253193 0.09182131 -0.04417836 0.3367119 -0.1436886 -0.02253305 0.3462492 -0.1363582 0.1072792 0.1812909 0.06553214 0.08641946 -0.1718114 0.1767945 0.09155625 -0.1519685 -0.1052007 0.1068688 -0.03346204 -0.1537522 0.1432436 -0.0577349 0.2045021 0.1170581 -0.1995124 0.05851161 0.1393653 -0.08730542 0.01138472 0.08121871 -0.2289619 0.0206291 0.03946501 0.1962833 0.1274535 0.03345566 -0.2241284 -0.09503412 0.02707928 0.2647677 -0.02193915 0.05050259 0.3313833 -0.1212906 0.1473065 5.81356e-4 0.2015765 0.1533197 -0.01531255 0.004049718 0.1167957 0.06865018 0.2152252 0.1767386 0.0467208 0.04061621 0.1032205 -0.09180516 -0.1218169 0.1308131 -0.1185696 0.1862958 0.1295471 -0.161642 0.01586484 0.1050461 -0.1605547 -0.03075349 0.1188462 -0.01961892 -0.05614852 0.06955748 -0.2171493 -0.02548629 0.1135464 -0.09337139 -0.03907966 0.04765224 0.3036822 -0.07383662 0.09305727 0.2063021 0.01199209 0.1227911 -0.1871649 0.1092547 0.1811717 0.04738068 0.1095352 0.04247593 -0.1824951 0.1820749 0.03954553 -0.245929 0.01984816 0.07885223 0.1759455 0.1210347 0.06360656 -0.2040528 -0.09421634 0.05507117 0.2472088 -0.027682 0.02542328 0.3378785 -0.116374 0.05891072 0.08971345 0.2372462 0.03577822 -0.2389576 -0.02704179 0.02108424 0.3110251 -0.06889653 0.03498852 -0.2303376 -0.07248026 0.1084912 -0.09074926 -0.08361756 0.06743693 -0.2084829 -0.0715174 0.1131323 -0.02446788 -0.1032544 0.09916627 -0.1529351 -0.07421249 0.05163627 0.1497991 0.1903948 0.1480509 0.140402 0.03797876 0.1012451 0.1274077 0.1722905 0.1495967 0.124281 0.09181582 0.04579502 0.3376384 -0.1427484 0.02325016 0.344892 -0.1372092 0.04408055 -0.2227168 0.1132522 0.05562341 -0.05828166 0.2584285 0.07951861 0.2005965 0.07319903 0.05896854 0.0222972 0.2580968 0.04886323 -0.1357085 0.2206879 0.06543165 0.2196146 0.01798284 0.04100674 -0.2387025 0.05616229 0.08577591 -0.2223343 0.05861014 0.1564965 -0.08305388 0.05332911 0.03332525 0.2450069 0.03009057 0.1683315 -0.01271504 0.04746425 0.1408149 -0.155656 0.05655103 0.09958136 -0.1292851 0.2095451 0.1466836 -0.1416535 0.1172602 0.1794128 -0.00751692 0.1186209 0.1167241 0.0109663 0.2312865 0.03954088 0.2230074 0.08401733 0.1654523 -0.0738101 0.123036 0.1117036 -0.05927163 0.2341802 0.09091067 -0.2081052 0.1136093 -0.04209351 -0.2229011 0.1136719 -0.05539953 -0.05838155 0.2595207 -0.08096784 0.2011491 0.07322084 -0.05886685 0.02258348 0.2592982 -0.0484718 -0.1361378 0.2214355 -0.06544321 0.2195941 0.01798081 -0.04056644 -0.2388524 0.05652856 -0.08570551 -0.2204157 0.05949825 -0.1566181 -0.08253103 0.05463021 -0.03334534 0.2460925 0.0304749 -0.1685813 -0.01290619 0.04943889 -0.1403447 -0.1538091 0.05760145 -0.09929519 -0.1295508 0.2094204 -0.1458266 -0.1398263 0.1176136 -0.1791561 -0.006498217 0.1207786 -0.1164776 0.01099234 0.2314293 -0.04111999 0.2242063 0.08436363 -0.164893 -0.07239037 0.1243387 -0.1114348 -0.05927109 0.2342792 -0.08934891 -0.206943 0.1140282 -0.06379437 0.1657798 0.1239324 -0.08234667 0.1950703 0.1253901 -0.08598989 0.1529597 0.1148214 -0.101878 0.1837889 0.1173728 -0.1051858 0.1454939 0.09705102 -0.1189706 0.1771412 0.1015496 -0.1184594 0.1445193 0.07332617 -0.1308127 0.1762717 0.08038336 -0.1237901 0.1501842 0.04725903 -0.1355273 0.1812818 0.05732917 -0.1203665 0.1616261 0.02281785 -0.1325464 0.191244 0.03604876 -0.1087096 0.1771031 0.0037238 -0.1225376 0.2045327 0.01965439 -0.09059399 0.1942589 -0.007116377 -0.1070229 0.2192255 0.01037049 -0.06877785 0.2104818 -0.00805217 -0.08813482 0.2332711 0.009560108 -0.04658234 0.2233021 0.001058459 -0.06860363 0.2445524 0.01757735 -0.02738654 0.2307678 0.01882892 -0.05151098 0.2512001 0.03340077 -0.01411283 0.2317425 0.04255366 -0.03966873 0.2520697 0.05456703 -0.008782088 0.2260776 0.06862092 -0.03495419 0.2470596 0.07762122 -0.01220577 0.2146356 0.0930621 -0.03793507 0.2370974 0.09890156 -0.02386271 0.1991587 0.1121561 -0.04794389 0.2238086 0.1152959 -0.04197824 0.1820028 0.1229963 -0.06345862 0.2091158 0.1245797 -0.1062858 0.1764714 0.1283295 -0.08253163 0.1901919 0.1380801 -0.1268295 0.1684814 0.1093114 -0.1410353 0.1674384 0.08392053 -0.1467404 0.173501 0.05602276 -0.1430763 0.1857464 0.02986544 -0.1306008 0.2023102 0.009430468 -0.1112132 0.2206708 -0.00217092 -0.08786499 0.2380329 -0.003172576 -0.06411099 0.2517533 0.006577908 -0.04356718 0.2597433 0.02559632 -0.02936136 0.2607864 0.05098712 -0.02365624 0.2547238 0.07888484 -0.02732032 0.2424784 0.1050422 -0.03979587 0.2259145 0.1254771 -0.05918353 0.207554 0.1370785 -0.1001711 0.181444 0.1165142 -0.1172637 0.1747962 0.1006909 -0.1208307 0.2021878 0.01879572 -0.1053161 0.2168806 0.009511828 -0.08642798 0.2309262 0.008701443 -0.06689673 0.2422075 0.01671868 -0.04980409 0.2488552 0.0325421 -0.0379619 0.2497248 0.05370837 -0.04623699 0.2214637 0.1144372 -0.06175172 0.2067709 0.1237211 0.067739 0.1657798 0.1202091 0.08629131 0.1950703 0.1216667 0.08993452 0.1529597 0.1110982 0.1058226 0.183789 0.1136495 0.1091304 0.145494 0.0933277 0.1229152 0.1771413 0.09782624 0.122404 0.1445194 0.06960284 0.1347573 0.1762718 0.07666003 0.1277347 0.1501842 0.0435357 0.139472 0.1812818 0.05360585 0.1243112 0.1616261 0.01909452 0.136491 0.1912441 0.03232544 0.1126542 0.1771031 5.15953e-7 0.1264822 0.2045328 0.01593106 0.09453862 0.194259 -0.0108397 0.1109675 0.2192256 0.006647169 0.07272249 0.2104818 -0.01177549 0.09207946 0.2332711 0.005836784 0.05052691 0.2233021 -0.002664804 0.07254821 0.2445524 0.01385402 0.03133112 0.2307678 0.0151056 0.05545556 0.2512001 0.02967745 0.01805746 0.2317425 0.03883033 0.04361331 0.2520697 0.05084371 0.01272666 0.2260776 0.06489759 0.03889876 0.2470596 0.07389789 0.01615035 0.2146356 0.08933877 0.04187971 0.2370974 0.09517824 0.02780729 0.1991587 0.1084328 0.05188846 0.2238087 0.1115726 0.04592281 0.1820028 0.119273 0.06740319 0.2091159 0.1208564 0.1102303 0.1764714 0.1246062 0.08647626 0.1901919 0.1343568 0.1307741 0.1684815 0.105588 0.1449799 0.1674385 0.08019721 0.150685 0.1735011 0.05229949 0.1470209 0.1857464 0.02614212 0.1345454 0.2023103 0.005707144 0.1151578 0.2206708 -0.005894184 0.09180963 0.238033 -0.006895899 0.06805557 0.2517534 0.002854645 0.04751175 0.2597433 0.02187299 0.03330594 0.2607865 0.0472638 0.02760082 0.2547238 0.07516151 0.0312649 0.2424784 0.1013189 0.04374051 0.2259145 0.1217539 0.06312811 0.207554 0.1333552 0.08458441 0.1927254 0.1208081 0.1212083 0.1747963 0.09696757 0.1330505 0.1739268 0.07580137 0.1377651 0.1789369 0.05274718 0.1247754 0.2021878 0.0150724 0.04190647 0.2497248 0.04998505 5.04288e-5 0.2185197 -0.2232775 -0.05750787 0.2547467 -0.2334488 -0.07515311 0.2763788 -0.2183018 -0.07515317 0.3274126 -0.1825676 -0.03109991 0.3468016 -0.1334534 5.04262e-5 0.3685745 -0.1537457 0.0312007 0.3468016 -0.1334534 0.05760866 0.3490448 -0.1674206 0.05760866 0.3323475 -0.1435743 0.07525396 0.3274126 -0.1825676 0.07525396 0.3107154 -0.1587213 0.0814501 0.3018957 -0.2004348 0.07525402 0.2596817 -0.1944556 0.05760866 0.2380495 -0.2096025 0.0312007 0.2402926 -0.2435697 0.1193768 0.3393349 -0.2497642 0.1010119 0.3030164 -0.2751947 0.06707817 0.2752195 -0.2946583 0.02274155 0.2601759 -0.3051919 -0.02524799 0.2601759 -0.3051919 -0.06958466 0.2752195 -0.2946583 -0.1035184 0.3030164 -0.2751947 -0.1218833 0.3393349 -0.2497642 -0.1218833 0.3786457 -0.2222385 -0.1035184 0.4149641 -0.196808 -0.0695846 0.442761 -0.1773445 -0.02524793 0.4578046 -0.1668108 0.02274161 0.4578046 -0.1668109 0.06707829 0.442761 -0.1773445 0.1010121 0.414964 -0.1968082 0.1193768 0.3786455 -0.2222386 0.1193765 0.423581 -0.3718008 0.1010117 0.3872626 -0.3972314 0.06707793 0.3594656 -0.4166949 0.02274131 0.3444221 -0.4272286 -0.02524828 0.3444221 -0.4272286 -0.0695849 0.3594656 -0.4166949 -0.1035187 0.3872625 -0.3972314 -0.1218835 0.423581 -0.3718008 -0.1218835 0.4628918 -0.3442751 -0.1035187 0.4992103 -0.3188447 -0.06958484 0.5270072 -0.299381 -0.02524816 0.5420508 -0.2888475 0.02274137 0.5420507 -0.2888475 0.06707799 0.5270071 -0.2993811 0.1010118 0.4992101 -0.3188448 0.1193765 0.4628917 -0.3442752 0.03373008 0.3526631 -0.2408266 0.02840042 0.3421231 -0.2482067 0.01855248 0.3340561 -0.2538553 0.005685508 0.3296903 -0.2569123 -0.008241474 0.3296903 -0.2569123 -0.02110844 0.3340561 -0.2538553 -0.03095638 0.3421231 -0.2482067 -0.03628605 0.3526631 -0.2408266 -0.03628605 0.3640715 -0.2328383 -0.03095638 0.3746115 -0.2254581 -0.02110844 0.3826784 -0.2198096 -0.008241474 0.3870443 -0.2167527 0.005685567 0.3870443 -0.2167527 0.01855248 0.3826784 -0.2198096 0.02840042 0.3746114 -0.2254582 0.03373008 0.3640714 -0.2328383 0.03372782 0.3238506 -0.1996779 0.02839815 0.3133106 -0.2070581 0.01855021 0.3052436 -0.2127066 0.005683302 0.3008778 -0.2157636 -0.008243739 0.3008778 -0.2157636 -0.02111065 0.3052436 -0.2127066 -0.03095859 0.3133105 -0.2070581 -0.03628826 0.3238506 -0.1996779 -0.03628826 0.335259 -0.1916896 -0.03095859 0.3457989 -0.1843095 -0.02111065 0.3538659 -0.1786609 -0.00824368 0.3582317 -0.1756039 0.005683362 0.3582317 -0.1756039 0.01855027 0.3538659 -0.1786609 0.02839821 0.3457989 -0.1843095 0.03372782 0.3352589 -0.1916897 0.04124772 0.3069398 -0.1951825 0.03904962 0.2918503 -0.2057483 0.02533775 0.2803012 -0.213835 0.007932901 0.274051 -0.2182115 -0.01090598 0.274051 -0.2182115 -0.02831089 0.2803012 -0.213835 -0.04202276 0.2918503 -0.2057483 -0.04422086 0.3069398 -0.1951825 -0.04422086 0.3232726 -0.1837461 -0.04202282 0.3383621 -0.1731803 -0.02831083 0.3499111 -0.1650936 -0.01090598 0.3561614 -0.1607171 0.007932901 0.3561614 -0.1607171 0.02533781 0.3499111 -0.1650936 0.03904962 0.338362 -0.1731804 0.04124766 0.3232725 -0.1837462 5.04215e-5 0.2352169 -0.2471237 -0.03109985 0.2402926 -0.2435697 -0.03109985 0.2235953 -0.2197235 -0.05750781 0.2380495 -0.2096025 -0.07515305 0.2596817 -0.1944556 -0.08134931 0.3018957 -0.2004348 -0.08134925 0.2851986 -0.1765885 -0.07515317 0.3107153 -0.1587213 -0.05750787 0.3490448 -0.1674206 -0.05750787 0.3323475 -0.1435743 -0.03109991 0.3634989 -0.1572998 5.04332e-5 0.3518773 -0.1298995 0.0312007 0.3634989 -0.1572998 0.08145016 0.2851986 -0.1765885 0.07525396 0.2763789 -0.2183018 0.05760866 0.2547467 -0.2334488 0.0312007 0.2235953 -0.2197235 0.02431762 0.2819582 -0.2330235 0.02849787 0.2774234 -0.2361837 0.02849787 0.2681285 -0.2228457 0.02431762 0.2726634 -0.2196855 0.02849787 0.2683607 -0.2424991 0.02431762 0.2636432 -0.2457866 0.02431762 0.2543484 -0.2324486 0.02849787 0.259066 -0.229161 -0.02862095 0.2774234 -0.2361837 -0.0244407 0.2819582 -0.2330235 -0.0244407 0.2726634 -0.2196855 -0.02862095 0.2681285 -0.2228457 -0.0244407 0.2636432 -0.2457866 -0.02862095 0.2683607 -0.2424991 -0.02862095 0.259066 -0.229161 -0.0244407 0.2543484 -0.2324486 -0.08063977 0.1927254 0.1245314 -0.1291058 0.1739268 0.07952469 -0.1338204 0.1789368 0.05647051 -0.1308395 0.188899 0.0351901 -0.03324729 0.2447147 0.07676255 -0.03622823 0.2347525 0.0980429 0.1041157 0.181444 0.1127908 0.1347841 0.1888991 0.03146684 0.1092606 0.2168807 0.005788505 0.09037256 0.2309262 0.004978179 0.07084131 0.2422075 0.01299536 0.05374866 0.2488552 0.02881878 0.03719186 0.2447147 0.07303923 0.04017281 0.2347525 0.09431958 0.05018156 0.2214637 0.1107139 0.06569635 0.2067709 0.1199977</float_array>
          <technique_common>
            <accessor source="#Cube_004-mesh-positions-array" count="478" stride="3">
              <param name="X" type="float"/>
              <param name="Y" type="float"/>
              <param name="Z" type="float"/>
            </accessor>
          </technique_common>
        </source>
        <source id="Cube_004-mesh-normals">
          <float_array id="Cube_004-mesh-normals-array" count="1851">-0.4384322 -0.8385024 0.3235597 -0.6628839 -0.6033403 0.443357 -0.7249268 -0.6499407 0.2281628 0.00991863 0.7360554 0.6768487 -0.3643147 0.7814897 0.5065064 -0.3516404 0.6985503 0.6231988 -0.2548638 0.884531 0.3907037 -0.4701768 0.8746461 0.1180172 -0.4811336 0.8268541 0.2912438 -0.9547198 -0.2148523 -0.2057883 -0.8984003 -0.1908074 -0.3955622 -0.9014077 -0.19407 -0.3870413 0.8821458 0.469318 -0.03949129 0.6660562 0.7140938 0.2154977 0.8536265 0.4871195 0.1844895 -0.8184289 -0.1787194 0.5461076 -0.9882621 -0.09372341 0.1206411 -0.9653214 -0.237256 0.1089229 -0.5298129 0.6361417 0.5609119 -0.5619213 0.7314254 0.3863438 -0.7101296 0.5476128 0.4425339 -0.2304844 -0.2122336 0.9496493 -0.5754787 0.09757131 0.8119755 -0.5400726 -0.1836357 0.8213402 0.2760785 -0.9378916 0.2100955 0.004058957 -0.9233166 0.3840184 3.96743e-4 -0.9703415 0.2417384 -0.4511651 0.8103149 0.3739516 0.01358109 0.8161789 0.5776397 -7.3246e-4 0.8686371 0.4954485 -0.5536096 0.7803943 0.2906908 -0.4711561 0.7669487 0.4356623 -0.5462331 -0.8306723 -0.1077634 -0.7853776 -0.5584684 -0.2670113 -0.6278124 -0.7502558 -0.207287 -0.8137583 0.469443 0.3426672 -0.9379303 0.2697938 -0.2179409 -0.9847886 0.1576919 -0.07297104 -0.818291 0.2641164 0.5105315 -0.8301143 0.03421169 0.5565428 -0.9735083 0.1790879 0.1421594 -0.7655107 -0.6128847 -0.1958716 -0.9006863 -0.3149899 -0.299242 -0.947014 -0.1514978 -0.2832191 -0.9385231 -0.2866353 -0.1923923 -0.6692638 0.7131509 0.2085707 -0.883659 0.4649937 -0.05411088 -0.8532377 0.487765 0.1845828 -0.848304 -0.5012428 -0.1706923 -0.9812605 -0.1465542 -0.1250991 -0.9443305 -0.1629429 -0.2858139 -0.9875229 -0.1079445 -0.1146586 -0.466053 -0.8582199 -0.2150661 0.01025444 -0.9730735 -0.2302672 0.01095628 -0.9796304 -0.20051 -0.6990402 0.1369392 -0.701848 -0.610749 0.06985831 -0.7887367 -0.8730238 0.01852494 -0.4873259 0.4255587 -0.840222 0.336046 0.179607 -0.752152 0.6340417 0.222885 -0.8997195 0.3752697 -0.23686 0.7863596 0.5705577 0.01409989 0.8646743 0.5021349 0.01126158 0.821031 0.5707725 0.482087 -0.8362666 -0.2612475 0.6690152 -0.7146722 -0.2041136 0.4668226 -0.8585374 -0.2121089 -0.5839928 0.3972738 0.7079024 -0.2860283 0.1330343 0.9489414 -0.3211584 0.4538273 0.8312029 -0.7612671 -0.6484382 8.24014e-4 -0.4947077 -0.8603519 0.1227155 -0.7692142 -0.4145162 0.4862982 -0.9100406 -0.3838657 0.1564394 -0.4296179 0.771951 0.4685298 -0.5131536 0.6755169 0.5294814 -0.5258715 0.7171946 0.4572649 0.9740194 0.1810397 0.1360545 0.9637049 -0.163705 -0.2108877 0.980733 0.07510763 -0.1803376 -0.5523351 0.7935887 0.2552314 -0.4548598 -0.5100692 0.7300219 -0.17118 -0.5453712 0.8205289 -0.7242879 0.6339503 0.2711349 -0.9538767 0.2402469 -0.180002 -0.8771495 0.1451488 -0.457756 0.904099 -0.1912024 -0.3821606 0.9335775 -0.3371744 -0.1214352 0.8972058 -0.3020493 -0.3221615 -0.9440795 -0.1084955 -0.3113564 -0.9836965 -0.04104834 -0.175089 0 0.3625391 -0.9319686 -0.6970912 0.2009695 -0.6882406 -0.360494 -0.9327615 4.2727e-4 -0.4547678 -0.8781618 -0.1483847 -0.8950411 0.4104242 -0.1745097 -0.6675504 0.7257204 0.1664527 -0.6755752 -0.708536 -0.2038994 -0.8356413 -0.5161682 -0.187814 -0.6363024 -0.7298753 -0.2498026 -0.9356794 -0.2802246 -0.2144259 0.7260135 0.6873155 0.02240085 0.9505666 0.2375653 -0.1999651 0.8587226 0.3217653 -0.3988267 0.3223138 0.4536991 0.8308255 0.5231314 0.6381282 0.5649123 0.3524365 0.6982808 0.6230508 -0.9376696 0.005096673 -0.3474907 -0.9811901 0.07022452 -0.1798187 -0.2946337 -0.9328235 0.2074399 -0.3216462 0.888731 0.3266513 -0.001403868 0.8878313 0.4601671 -0.006439447 0.9145299 0.4044672 -0.7076735 0.7032483 -0.06811827 -0.7663954 0.6250615 0.1481091 0 0.3012555 -0.9535435 -0.7523937 0.2129946 -0.6233273 -0.9023634 0.2010915 -0.3811857 0.4601715 -0.876151 0.1435327 0.6566895 -0.6003199 0.4564812 0.3970217 -0.7103602 0.5811733 0.4627008 0.8003646 0.3812146 0.5450428 0.7945069 0.2677451 0.543178 0.8001178 0.2544983 0.569418 0.7326931 0.372725 0.7154937 0.5466001 0.4350827 0.9005368 -0.1832386 -0.3942805 0.9541527 -0.209026 -0.2142449 0.9866108 -0.113896 -0.1167343 0.9434331 -0.107793 -0.313552 0.9422698 -0.1612006 -0.2934999 0.9897008 -0.08990895 0.1113944 0.8190945 -0.1769786 0.5456765 0.9667235 -0.2323725 0.107 0.7670064 -0.4132898 0.4908084 0.9105339 -0.3795646 0.1638869 0.8950465 0.4100605 -0.1753347 0.9542121 0.2389345 -0.1799715 0.7243204 0.633952 0.2710441 0.3690062 0.7844321 0.4984987 0.2326463 -0.2106421 0.9494765 0.5699232 0.09836465 0.8157892 0.2881034 0.1326984 0.9483606 0.8136461 0.4697234 0.3425493 0.9848157 0.1576914 -0.07260453 0.8213372 0.2635347 0.5059196 0.5779095 0.3983351 0.7122851 0.8323761 0.03366249 0.553188 0.936667 0.005493462 -0.3501781 0.9386148 -0.285262 -0.1939793 0.9415799 -0.1558313 -0.2985699 0.893475 -0.3139492 -0.3211517 -0.6474074 0.08270746 -0.7576434 0.8482217 -0.5013399 -0.1708163 0.7752166 -0.5539529 -0.3036044 0.9804844 -0.1453925 -0.1323304 0.6940361 0.1437147 -0.7054503 0.8734571 0.01721274 -0.4865968 0.6105068 0.0691871 -0.7889834 0.00939995 -0.232588 0.97253 0.009705066 0.1465528 0.9891553 0.008392751 -0.5498045 0.8352512 0.742191 -0.6327805 -0.2207742 0.7596908 -0.6500039 0.01910519 0.7251647 -0.6454182 0.2399412 -0.8225291 0.3937922 -0.4103337 0.6671857 0.7237992 0.1760056 0.4325243 0.7686067 0.4713453 0.5064298 0.6784341 0.5322182 0.2438176 0.7843425 0.5704032 -0.9281442 -0.3511213 -0.1235409 0.517214 0.7205044 0.4619126 -0.3510304 0.2257801 -0.9087361 -3.9675e-4 0.3753862 -0.9268684 0 0.3260989 -0.9453358 0.8806874 0.1369083 -0.4534821 0.2578551 0.8798632 0.3991887 0 0.4175383 -0.9086593 0.4723715 0.8166857 0.3314962 0.7740332 0.5998589 0.2025878 0.614508 -0.7539206 -0.2323441 0.3373312 -0.9413108 -0.01190257 0.4527839 -0.8777342 -0.1567469 0.3491412 0.2248664 -0.9096899 0.9880262 -0.09415149 -0.122229 0.9828643 -0.03787404 -0.1803978 -0.9401468 0.1677035 -0.2966475 0.6466425 0.09283965 -0.7571223 0.6970912 0.2009695 -0.6882406 0.7524428 0.2132964 -0.6231649 0.938774 0.1694127 -0.3000048 0.9019488 0.180524 -0.3923003 -0.9480848 0.04010248 -0.3154789 0.4633169 0.775257 0.4293181 -0.4836968 -0.8324689 -0.2702465 0.9360851 -0.277328 -0.2164117 0.8356413 -0.5161682 -0.187814 0.6304756 -0.734914 -0.2498036 0.9799028 -0.1564707 -0.1237238 0.4312051 0.8838042 0.1815279 0.006866812 -0.7747936 0.6321769 -0.52978 0.8067404 0.2617313 0.002716183 0.948939 0.3154482 0.009064137 0.502681 0.8644245 -0.2305097 -0.8987531 0.3729723 0.4497337 -0.509796 0.733381 0.5349431 -0.1826583 0.8249073 0.1724961 -0.5442848 0.8209745 0.5478231 0.7837381 0.2926505 0.4936695 -0.8602288 -0.1276594 0.001464903 -0.9988284 0.04837268 0.2541974 0.3984023 -0.8812828 -0.1793328 -0.7552366 0.6304422 0.9484426 0.04052937 -0.3143469 -0.2595372 0.395837 -0.8808823 -0.9883882 -0.08948165 -0.1228084 -0.9802139 -0.1567158 -0.1209169 0.009125292 -0.989683 -0.1429833 -0.4050866 -0.7137617 0.5713574 -0.8970263 -0.3145329 -0.3105044 -0.9650554 -0.1660258 -0.2027406 -0.3152946 0.2177855 0.923666 -0.1980673 -0.6112315 0.7662672 0.1169174 -0.4292771 0.8955734 -0.5678389 0.07196408 0.819988 -0.4705088 -0.7171924 0.5140591 -0.9372173 -0.02398812 0.34792 -0.6589087 -0.7310255 0.1773163 -0.9978634 0.04037719 0.05136418 -0.7345752 -0.6506159 -0.1926089 -0.9589279 0.1704828 -0.2267001 -0.6859903 -0.4882229 -0.539496 -0.520537 -0.2685698 -0.8105009 -0.8262954 0.346571 -0.443987 -0.2634144 -0.02505654 -0.9643573 -0.620162 0.5417872 -0.5673322 0.046175 0.2051478 -0.9776412 -0.3719716 0.7263945 -0.5779172 0.3611953 0.3871062 -0.8483436 0.0988506 0.9571939 -0.2720452 0.6336434 0.4930711 -0.5961351 0.8220506 0.5069032 -0.2593877 0.2498599 0.9682796 -0.002166807 0.8977081 0.4264991 0.1105388 0.3105638 0.9038273 0.294358 0.8491061 0.2641134 0.4574528 0.2716801 0.773626 0.5724447 0.6836675 0.04443639 0.7284396 -0.2414039 0.916267 -0.3196543 -0.4023321 0.755315 -0.5173278 -0.1647717 0.8925262 -0.4198184 0.1390757 0.5975039 0.7897134 0.4265703 -0.1990173 0.8822867 -0.06705009 0.4023314 0.9130355 -0.5649935 0.7728718 0.2888801 -0.5666339 0.7721082 0.2877067 -0.5679211 0.7717818 0.2860395 -0.5687281 0.77192 0.2840564 -0.5689189 0.7725453 0.2819665 -0.568377 0.7736292 0.280081 -0.5671271 0.7750098 0.2787955 -0.5654109 0.7764105 0.2783834 -0.5635877 0.7775661 0.2788546 -0.5619449 0.7783339 0.2800257 -0.5606598 0.7786603 0.2816894 -0.5598521 0.7785211 0.2836734 -0.5596598 0.7778931 0.2857681 -0.5602012 0.776808 0.2876526 -0.5614492 0.7754286 0.2889385 -0.5631687 0.7740272 0.2893494 -0.4498814 0.795876 -0.4052016 -0.6358378 0.5816662 -0.5073213 -0.4031284 0.3759968 0.8343345 -0.5865561 0.1396271 0.7977821 -0.6115675 0.2555649 0.7487803 -0.06109845 0.9863655 -0.1528073 0.04068189 0.9724286 -0.2296253 -0.7920093 0.05972647 0.6075806 -0.7918567 0.1854054 0.5818831 0.06353998 0.9955207 0.07000994 0.1827469 0.9828599 0.024293 -0.9340752 0.04928874 0.3536582 -0.9165176 0.176278 0.3590567 0.1135303 0.9423327 0.3148332 0.2397898 0.922231 0.3033004 -0.9911323 0.1099291 0.07464927 -0.9665703 0.2295341 0.1142635 0.2031396 0.7997707 0.5648905 0.08133423 0.8348895 0.5443751 -0.9344092 0.337055 -0.1152103 -0.9544872 0.2324035 -0.18693 0.078372 0.6341178 0.7692546 -0.02813845 0.6895452 0.7236959 -0.8249354 0.4824179 -0.2945414 -0.8297243 0.3980613 -0.3912861 -0.1154855 0.4504972 0.885277 -0.1982826 0.5284079 0.8255114 -0.6547983 0.6435366 -0.3963583 -0.3489845 0.2768377 0.8953049 0.1980673 -0.6112315 0.7662672 0.3152946 0.2177855 0.923666 -0.1169174 -0.4292771 0.8955734 0.4705088 -0.7171924 0.5140591 0.5678389 0.07196408 0.819988 0.9372173 -0.02398812 0.34792 0.7862052 -0.01290959 0.6178307 0.6589087 -0.7310255 0.1773163 0.9978634 0.04037719 0.05136418 0.7345752 -0.6506159 -0.1926089 0.9589279 0.1704828 -0.2267001 0.6859903 -0.4882229 -0.539496 0.8262858 0.3465798 -0.4439982 0.520537 -0.2685698 -0.8105009 0.620162 0.5417872 -0.5673322 -0.046175 0.2051478 -0.9776412 0.2634144 -0.02505654 -0.9643573 0.1194825 0.8722683 -0.4742068 0.3719716 0.7263945 -0.5779172 -0.3611953 0.3871062 -0.8483436 -0.0988506 0.9571939 -0.2720452 -0.8220506 0.5069032 -0.2593877 -0.6336434 0.4930711 -0.5961351 -0.8977081 0.4264991 0.1105388 -0.2498599 0.9682796 -0.002166807 -0.8491061 0.2641134 0.4574528 -0.3105638 0.9038273 0.294358 -0.6836675 0.04443639 0.7284396 -0.2716801 0.773626 0.5724447 0.2414084 0.9162532 -0.3196907 0.4023321 0.755315 -0.5173278 0.4498814 0.795876 -0.4052016 -0.4265703 -0.1990173 0.8822867 -0.1390757 0.5975039 0.7897134 0.06705093 0.4023058 0.9130467 0.5649934 0.7728718 0.2888802 0.5666332 0.7721082 0.2877081 0.5679222 0.7717797 0.2860434 0.5687289 0.7719199 0.2840552 0.5689192 0.7725446 0.2819678 0.5683755 0.7736303 0.2800815 0.5671268 0.775011 0.2787926 0.5654107 0.7764101 0.2783852 0.563588 0.777566 0.2788546 0.5619441 0.7783343 0.280026 0.56066 0.7786591 0.2816922 0.5598508 0.778521 0.2836762 0.55966 0.7778928 0.2857681 0.5602014 0.7768082 0.2876516 0.5614505 0.7754282 0.2889373 0.5631685 0.7740263 0.2893521 0.6358378 0.5816662 -0.5073213 0.6547983 0.6435366 -0.3963583 0.5865561 0.1396271 0.7977821 0.4031539 0.3759921 0.8343242 0.6115675 0.2555649 0.7487803 0.06109845 0.9863655 -0.1528073 0.1647717 0.8925262 -0.4198184 0.7918567 0.1854054 0.5818831 -0.0635401 0.9955228 0.06997954 -0.04068189 0.9724286 -0.2296253 0.9340752 0.04928874 0.3536582 0.9165176 0.176278 0.3590567 -0.1135303 0.9423327 0.3148332 -0.1827469 0.9828599 0.024293 0.9911323 0.1099291 0.07464927 0.9665703 0.2295341 0.1142635 -0.2031396 0.7997707 0.5648905 -0.08133423 0.8348895 0.5443751 0.9344092 0.337055 -0.1152103 -0.078372 0.6341178 0.7692546 0.02813845 0.6895452 0.7236959 0.8249354 0.4824179 -0.2945414 0.9544872 0.2324035 -0.18693 0.1154855 0.4504972 0.885277 0.1982826 0.5284079 0.8255114 0.8297243 0.3980613 -0.3912861 0.3489816 0.2768658 0.8952973 0 -0.2294085 -0.9733303 -0.2855353 -0.946576 0.1498786 -0.2855387 -0.1828717 -0.940758 -0.5276439 -0.05035638 -0.8479719 -0.5276458 -0.8140682 0.2426578 -0.6894033 0.1478971 -0.7091189 -0.6894043 -0.6157608 0.3815239 -0.7462066 0.3818319 -0.5453259 -0.7462066 -0.3818319 0.5453259 -0.6894043 0.6157608 -0.3815239 -0.6894002 -0.1479269 0.7091156 -0.5276458 0.8140682 -0.2426578 -0.5276439 0.05035638 0.8479719 -0.2855353 0.946576 -0.1498786 -0.2855387 0.1828717 0.940758 0 0.9930948 -0.1173158 0.2855387 0.1828717 0.940758 0.2855353 0.946576 -0.1498786 0.5276439 0.05035638 0.8479719 0.5276458 0.8140682 -0.2426578 0.6894002 -0.1479269 0.7091156 0.6894043 0.6157608 -0.3815239 0.7462066 -0.3818319 0.5453259 0.7462066 0.3818319 -0.5453259 0.6894043 -0.6157608 0.3815239 0.6894002 0.1479269 -0.7091156 0.5276458 -0.8140682 0.2426578 0.5276439 -0.05035638 -0.8479719 0.2855353 -0.946576 0.1498786 0.2855387 -0.1828717 -0.940758 0 -0.9930948 0.1173158 0 0.5717336 -0.8204393 1.00846e-5 0.5717296 -0.8204421 0.6197179 -0.7213155 0.3092791 0.7321618 0.2617654 -0.6288229 0.7315641 -0.5008121 0.4626027 0.4138421 -0.8898521 0.1920886 0.6211587 0.04052954 -0.7826362 0.1452718 -0.9809815 0.1287303 0.4152792 -0.1289449 -0.9005091 -0.1452718 -0.9809815 0.1287303 0.1458529 -0.2207784 -0.9643568 -0.4152792 -0.1289449 -0.9005091 -0.4138421 -0.8898521 0.1920886 -0.6211587 0.04052954 -0.7826362 -0.6197179 -0.7213155 0.3092791 -0.7321618 0.2617654 -0.6288229 -0.7315641 -0.5008121 0.4626027 -0.7315641 0.5008121 -0.4626027 -0.7321618 -0.2617654 0.6288229 -0.6197179 0.7213155 -0.3092791 -0.6211587 -0.04052954 0.7826362 -0.4138421 0.8898521 -0.1920886 -0.4152792 0.1289449 0.9005091 -0.1452718 0.9809815 -0.1287303 -0.1458529 0.2207784 0.9643568 0.1452718 0.9809815 -0.1287303 0.1458827 0.2207774 0.9643524 0.4152792 0.1289449 0.9005091 0.6211587 -0.04052954 0.7826362 0.4138421 0.8898521 -0.1920886 0 0.5735768 -0.8191518 0.7321618 -0.2617654 0.6288229 0.6197179 0.7213155 -0.3092791 0 0.5735766 -0.8191519 -1.13187e-6 0.5735766 -0.8191519 -5.36748e-7 0.5735768 -0.8191518 0 0.5735767 -0.8191519 0.7315641 0.5008121 -0.4626027 -7.42154e-7 -0.5735761 0.8191523 -9.39308e-7 -0.5735761 0.8191523 3.918e-7 -0.5735763 0.8191522 -4.28266e-7 -0.5735762 0.8191523 0 -0.5735763 0.8191522 -1.6066e-6 -0.5735769 0.8191519 0.1950777 0.8034138 0.5625575 0.5282314 0.8122153 0.2475436 0.5555691 0.681094 0.4769214 -0.4875717 -0.2877027 -0.8243185 -0.8314725 -0.4550758 -0.3186843 -0.5555691 -0.681094 -0.4769214 -0.9807905 -0.1597672 -0.1119133 -0.7767043 -0.1254629 -0.6172434 -0.9382411 0.05157685 -0.3421164 0.9807905 0.1597672 0.1119133 0.94185 0.04532086 -0.3329634 0.9807876 -0.1598277 -0.1118519 0.7830247 0.6182224 0.06836241 0.8314725 0.4550758 0.3186843 0.831477 -0.4551088 -0.318625 0.7801923 -0.1295844 -0.6119706 -0.9807876 0.1598277 0.1118519 -0.9423794 0.3032107 -0.1413661 0.9458463 0.2966757 -0.1317507 0.5555656 -0.6811203 -0.476888 0.4891025 -0.289964 -0.8226176 -0.780492 0.6222207 0.06061065 -0.831477 0.4551088 0.318625 0.1950811 -0.8034276 -0.5625367 0.170935 -0.3774242 -0.9101275 -0.526268 0.81516 0.2419844 -0.5555656 0.6811203 0.476888 -0.1950777 -0.8034138 -0.5625575 -0.1701445 -0.3766375 -0.9106015 -0.1835395 0.9229774 0.3382694 -0.1950777 0.8034138 0.5625575 0.1852813 0.9219205 0.3401962 0 0.5735762 -0.8191524 1.39307e-6 0.5735765 -0.8191521 0 -0.573575 0.8191531 0.09665399 0.09845465 -0.9904367 -0.09726417 0.1000109 -0.990221 0.1828101 0.9766454 0.1128906 -0.2868524 0.1281206 -0.9493687 0.5085411 0.8610377 3.35711e-4 -0.5164738 0.2180586 -0.8280733 0.7597537 0.6118559 -0.2200154 -0.7628294 0.2757112 -0.5848715 0.8777987 0.3069945 -0.3677281 -0.8663836 0.318378 -0.3847271 0.7738712 0.2657598 -0.5748871 0.5221233 0.2110711 -0.8263391 -0.7511128 0.6162782 -0.2367084 0.2882275 0.1237877 -0.9495271 -0.5060013 0.8624301 -0.01330614 -0.1849741 0.9768443 0.1075176 -4.65953e-6 0.5735774 -0.8191514 1.22543e-6 0.5735755 -0.8191528 -2.38534e-6 0.5735771 -0.8191516 1.46918e-6 0.5735757 -0.8191526 -1.59023e-6 0.5735762 -0.8191522 3.36992e-6 0.5735759 -0.8191525 -5.08313e-6 0.5735771 -0.8191516 -0.4454271 0.7345656 0.5118673 0.3497162 0.9308268 -0.1061142 -0.3497162 0.9308268 -0.1061142 -0.7278007 0.1739006 -0.6633738 -0.9480525 0.2610013 0.1818647 -0.7268537 0.5671754 -0.3872932 0.9480525 0.2610013 0.1818647 0.7278007 0.1739006 -0.6633738 0.7268537 0.5671754 -0.3872932 0.4538576 -0.7310674 -0.5094643 -0.3568601 -0.2216299 -0.9074862 0.3568867 -0.2216274 -0.9074763 0.9510139 -0.2536464 -0.1767376 -0.4538576 -0.7310674 -0.5094643 -0.9510139 -0.2536464 -0.1767376 2.49504e-6 0.5717357 -0.8204379 0 0.2294085 0.9733303 -0.5642975 0.7752327 0.2838706 -0.5642995 0.7752313 0.2838709 -0.5642989 0.7752317 0.2838709 -0.564297 0.7752331 0.2838706 -0.5643013 0.7752294 0.2838723 -0.5642999 0.7752308 0.2838711 -0.5643029 0.7752284 0.283872 0.5642963 0.7752343 0.2838692 0.5642992 0.7752313 0.2838712 0.5642973 0.7752331 0.2838703 0.5642994 0.7752315 0.2838705 0.5642986 0.7752318 0.2838714 0.5642997 0.7752309 0.2838714 0.5642952 0.7752359 0.2838667 0.3136431 0.9093424 0.2733581 -0.7862052 -0.01290959 0.6178307 -0.1194825 0.8722683 -0.4742068 -0.564994 0.772872 0.2888785 -0.5666338 0.7721076 0.287708 -0.5679213 0.7717816 0.2860398 -0.5687284 0.7719202 0.2840554 -0.5689195 0.7725449 0.2819664 -0.5683768 0.7736293 0.2800813 -0.5671266 0.7750102 0.2787952 -0.5654104 0.7764108 0.2783835 -0.5635875 0.7775667 0.2788532 -0.5619462 0.7783333 0.2800246 -0.5606586 0.7786591 0.2816952 -0.5598516 0.7785203 0.2836765 -0.5596598 0.7778931 0.285768 -0.5602025 0.776807 0.2876528 -0.561452 0.7754276 0.2889356 -0.5631683 0.7740277 0.289349 0.5649932 0.7728727 0.2888782 0.5666332 0.772108 0.2877086 0.5679219 0.7717818 0.2860381 0.5687286 0.77192 0.2840549 0.5689193 0.7725449 0.2819672 0.568378 0.7736282 0.280082 0.5671261 0.7750105 0.2787954 0.5654109 0.7764122 0.2783789 0.563588 0.7775678 0.2788496 0.5619451 0.7783333 0.2800268 0.5606597 0.7786597 0.2816913 0.5598528 0.7785199 0.2836756 0.5596594 0.7778936 0.2857676 0.5602003 0.7768082 0.2876537 0.5614513 0.7754278 0.2889361 0.5631677 0.7740277 0.28935 0.7920093 0.05972647 0.6075806 -0.2397898 0.922231 0.3033004 -2.49504e-6 0.5717353 -0.8204382 -0.1458529 -0.2207784 -0.9643568 -2.11347e-6 0.573577 -0.8191516 -3.99981e-7 0.5735767 -0.8191519 0 0.5735765 -0.8191522 1.6066e-6 0.5735768 -0.8191518 -2.11348e-6 0.5735751 -0.8191531 2.11348e-6 -0.5735772 0.8191515 8.03301e-7 -0.5735765 0.819152 0 -0.5735765 0.8191521 0 -0.5735762 0.8191522 2.612e-7 -0.5735765 0.8191522 5.36747e-7 -0.5735761 0.8191523 0 0.5735768 -0.8191519 0 0.5735766 -0.8191521 0 -0.5735765 0.819152 1.2063e-5 0.5735764 -0.8191521 -1.60473e-6 0.5735769 -0.8191518 1.2603e-6 0.5735753 -0.8191528 -1.74465e-6 0.573577 -0.8191516 9.379e-7 0.5735766 -0.8191521 0 0.5735763 -0.8191522 -2.41257e-6 0.5735762 -0.8191524 0.4454271 0.7345656 0.5118673 -1.00846e-5 0.5717292 -0.8204424 -0.5642948 0.7752355 0.2838685 -0.5643011 0.7752298 0.2838718 -0.5642986 0.7752319 0.2838705 -0.5643004 0.7752305 0.2838712 -0.5642986 0.7752318 0.2838714 -0.5642997 0.7752313 0.2838704 -0.5642974 0.7752335 0.283869 0.5642972 0.7752339 0.2838684 0.5643004 0.7752302 0.2838718 0.5642989 0.7752318 0.2838709 0.5642973 0.7752331 0.2838702 0.5643005 0.7752299 0.2838726 0.5642994 0.775231 0.2838717 0.5643041 0.7752276 0.2838716</float_array>
          <technique_common>
            <accessor source="#Cube_004-mesh-normals-array" count="617" stride="3">
              <param name="X" type="float"/>
              <param name="Y" type="float"/>
              <param name="Z" type="float"/>
            </accessor>
          </technique_common>
        </source>
        <source id="Cube_004-mesh-map-0">
          <float_array id="Cube_004-mesh-map-0-array" count="5028">0.2758662 0.4949717 0.2279372 0.4799395 0.2675186 0.4698451 0.00996226 0.3629116 0.05208832 0.2997254 0.05591148 0.3620954 0.1240176 0.06135261 0.1529167 0.04869902 0.1463763 0.06968188 0.2612121 0.3951777 0.2643894 0.3403784 0.291384 0.3800433 0.3185371 0.7995441 0.3387776 0.8419842 0.2893775 0.8262575 0.175371 0.4434176 0.1974073 0.387469 0.2196126 0.4170958 0.09938317 0.3597484 0.1114833 0.317009 0.1231525 0.3525503 0.1283447 0.4958657 0.1313251 0.4335023 0.1570762 0.4633616 0.05641061 0.6973709 0.01594394 0.7416609 0.02056115 0.6860846 0.063106 0.2586554 0.01655364 0.2915851 0.02513712 0.250379 0.05208832 0.2997254 0.1015338 0.2690201 0.08782458 0.3089359 0.3428881 0.4723915 0.3680113 0.4343925 0.3799613 0.4534392 0.1501837 0.1182276 0.2057006 0.07525479 0.2144913 0.1123747 0.1313251 0.4335023 0.1423562 0.396183 0.155566 0.419776 0.1974073 0.387469 0.1423562 0.396183 0.1818868 0.3620586 0.3265472 0.4512998 0.3543544 0.4067894 0.3680113 0.4343925 0.3333929 0.3612241 0.3853762 0.3833866 0.3543544 0.4067894 0.1271962 0.277776 0.1727278 0.2867829 0.1539021 0.3213027 0.4005497 0.409148 0.3543544 0.4067894 0.3853762 0.3833866 0.3640751 0.3380591 0.311122 0.3106462 0.3450221 0.2873807 0.4336892 0.4561156 0.4706159 0.4703321 0.4550374 0.4828456 0.05591148 0.3620954 0.08782458 0.3089359 0.09938317 0.3597484 0.2605113 0.0691834 0.3135841 0.07316136 0.269281 0.102033 0.09177303 0.7501804 0.06205928 0.8094252 0.05445575 0.7465581 0.10189 0.1036529 0.06710475 0.1491127 0.08382201 0.09716957 0.0989148 0.5692879 0.1223488 0.6019304 0.09065645 0.5887432 0.1149216 0.4034882 0.09169602 0.4565797 0.06980931 0.414672 0.2758662 0.4949717 0.3009912 0.4593764 0.3159282 0.482913 0.2036219 0.4650822 0.2196126 0.4170958 0.2466968 0.4465745 0.291384 0.3800433 0.311122 0.3106462 0.3333929 0.3612241 0.09177327 0.1598784 0.12655 0.1113672 0.1207203 0.1723237 0.2432969 0.8081794 0.2320719 0.7550314 0.2652988 0.7694417 0.063106 0.2586554 0.1122256 0.219216 0.1015338 0.2690201 0.1283447 0.4958657 0.1931215 0.488923 0.1812424 0.5257201 0.1207203 0.1723237 0.1501837 0.1182276 0.14305 0.1817086 0.2301751 0.1732312 0.269281 0.102033 0.2968736 0.149392 0.1987259 0.7071887 0.1489542 0.7249957 0.1516745 0.6948178 0.12655 0.1113672 0.1240176 0.06135261 0.1463763 0.06968188 0.3450221 0.2873807 0.2884441 0.2651073 0.3302178 0.243292 0.3135841 0.07316136 0.3706335 0.04935789 0.3624817 0.09637832 0.3647897 0.5030638 0.3799613 0.4534392 0.4005166 0.4814073 0.14305 0.1817086 0.2144913 0.1123747 0.2301751 0.1732312 0.1880519 0.2617517 0.137436 0.2291701 0.14305 0.1817086 0.4336892 0.4561156 0.3799613 0.4534392 0.4130715 0.4282905 0.4130715 0.4282905 0.4205192 0.3997254 0.4312026 0.4168758 0.4205192 0.3997254 0.3853762 0.3833866 0.4109419 0.3688424 0.5460202 0.7486272 0.5161924 0.7153823 0.5322417 0.7102072 0.2200201 0.9307023 0.2657693 0.8885739 0.2746614 0.931078 0.1727278 0.2867829 0.2392513 0.3068735 0.2145292 0.3317897 0.1149216 0.4034882 0.1231525 0.3525503 0.1423562 0.396183 0.3033621 0.5669074 0.3361998 0.5160019 0.3558444 0.5478056 0.155566 0.419776 0.1570762 0.4633616 0.1313251 0.4335023 0.1303738 0.04231399 0.1018231 0.05220508 0.1094996 0.03495794 0.1463763 0.06968188 0.1670116 0.05315309 0.1615368 0.07316666 0.3624817 0.09637832 0.4160097 0.07071411 0.3960218 0.1272013 0.2968736 0.149392 0.3960218 0.1272013 0.3091531 0.191299 0.05445575 0.7465581 0.09256881 0.7082421 0.09177303 0.7501804 0.09177303 0.7501804 0.1174033 0.7934533 0.09588056 0.8010937 0.3732188 0.899321 0.3987447 0.841624 0.4174972 0.8737784 0.2893775 0.8262575 0.3040093 0.8661295 0.2668341 0.8637029 0.2439687 0.7238826 0.1917132 0.7394502 0.1987259 0.7071887 0.2753745 0.6326475 0.3100715 0.6824655 0.261302 0.6713661 0.2148128 0.798928 0.1658056 0.8354943 0.1802476 0.7850024 0.1802476 0.7850024 0.1378242 0.8133866 0.1448101 0.7664334 0.3390287 0.778537 0.4142422 0.7158107 0.4275642 0.8025659 0.3732188 0.899321 0.3529092 0.9517183 0.3356745 0.918991 0.1265365 0.8938174 0.1863648 0.8756645 0.1737431 0.9197377 0.5161924 0.7153823 0.4876102 0.7802492 0.4775944 0.7160201 0.1863648 0.8756645 0.2197861 0.8559064 0.2194824 0.8843316 0.2148128 0.798928 0.2197861 0.8559064 0.1936415 0.8489001 0.261302 0.6713661 0.2826521 0.7400361 0.2439687 0.7238826 0.1725451 0.617546 0.2069669 0.6624217 0.1576988 0.6532244 0.2057006 0.07525479 0.2483771 0.05190837 0.2605113 0.0691834 0.1439055 0.6092894 0.1576988 0.6532244 0.1275599 0.6470268 0.2214812 0.6266534 0.261302 0.6713661 0.2069669 0.6624217 0.5080786 0.6603212 0.4775944 0.7160201 0.47391 0.6601056 0.4909031 0.6099471 0.5080786 0.6603212 0.47391 0.6601056 0.09169602 0.4565797 0.0988208 0.5364772 0.04749459 0.4837464 0.0988208 0.5364772 0.1812424 0.5257201 0.1704906 0.5672962 0.1275599 0.6470268 0.1516745 0.6948178 0.1194151 0.687654 0.1737431 0.9197377 0.2194824 0.8843316 0.2200201 0.9307023 0.09177303 0.7501804 0.1187806 0.7158805 0.1176373 0.7518221 0.1615368 0.07316666 0.2065305 0.05774486 0.2057006 0.07525479 0.3829766 0.8196155 0.3390287 0.778537 0.4275642 0.8025659 0.460744 0.846551 0.4998748 0.8016552 0.5128092 0.8232738 0.2675186 0.4698451 0.2856475 0.4324873 0.3009912 0.4593764 0.4876102 0.7802492 0.4420841 0.8219382 0.4275642 0.8025659 0.3028767 0.05660706 0.3038085 0.01640856 0.3253907 0.02776104 0.47391 0.6601056 0.4142422 0.7158107 0.4212464 0.6450797 0.4998748 0.8016552 0.5492851 0.7924883 0.5128092 0.8232738 0.4909031 0.6099471 0.4998644 0.5486218 0.5198674 0.574573 0.5361897 0.7725901 0.4876102 0.7802492 0.5292434 0.7584825 0.1061935 0.6401466 0.062105 0.6663137 0.0743044 0.6268994 0.4775944 0.7160201 0.4275642 0.8025659 0.4142422 0.7158107 0.09065645 0.5887432 0.1061935 0.6401466 0.0743044 0.6268994 0.5096372 0.6162351 0.5198674 0.574573 0.5320554 0.5872181 0.2889512 0.5868358 0.3212617 0.6356773 0.2753745 0.6326475 0.3091531 0.191299 0.2884441 0.2651073 0.2585365 0.2222056 0.3185371 0.7995441 0.2826521 0.7400361 0.3390287 0.778537 0.2392513 0.3068735 0.2585365 0.2222056 0.2884441 0.2651073 0.5281873 0.6685075 0.5161924 0.7153823 0.5080786 0.6603212 0.5460202 0.7486272 0.5361897 0.7725901 0.5292434 0.7584825 0.4678276 0.5098116 0.456209 0.5682201 0.4178724 0.5432999 0.360411 0.7008352 0.4212464 0.6450797 0.4142422 0.7158107 0.09938317 0.3597484 0.06980931 0.414672 0.05591148 0.3620954 0.4178724 0.5432999 0.4212464 0.6450797 0.3751243 0.6352933 0.2585365 0.2222056 0.2968736 0.149392 0.3091531 0.191299 0.3091531 0.191299 0.3800721 0.2180135 0.3302178 0.243292 0.2746614 0.931078 0.3180651 0.8870891 0.3356745 0.918991 0.2668341 0.8637029 0.2432969 0.8081794 0.2893775 0.8262575 0.4130715 0.4282905 0.4505928 0.4430248 0.4336892 0.4561156 0.2194824 0.8843316 0.2668341 0.8637029 0.2657693 0.8885739 0.1802408 0.5892589 0.2214812 0.6266534 0.1725451 0.617546 0.1480593 0.5876983 0.1223488 0.6019304 0.1288954 0.5816349 0.2328233 0.5930393 0.2753745 0.6326475 0.2214812 0.6266534 0.5538578 0.7616066 0.5492851 0.7924883 0.5361897 0.7725901 0.05445575 0.7465581 0.02479702 0.8160578 0.01594394 0.7416609 0.2145292 0.3317897 0.1539021 0.3213027 0.1727278 0.2867829 0.1480593 0.5876983 0.1725451 0.617546 0.1439055 0.6092894 0.3640751 0.3380591 0.4109419 0.3688424 0.3853762 0.3833866 0.360411 0.7008352 0.2826521 0.7400361 0.3100715 0.6824655 0.3387776 0.8419842 0.3180651 0.8870891 0.3040093 0.8661295 0.07573741 0.2087982 0.02513712 0.250379 0.04240745 0.1996925 0.1582221 0.969798 0.2200201 0.9307023 0.2259238 0.9832409 0.2890327 0.5310052 0.3159282 0.482913 0.3361998 0.5160019 0.06205928 0.8094252 0.04667389 0.870759 0.02479702 0.8160578 0.3100715 0.6824655 0.3751243 0.6352933 0.360411 0.7008352 0.1265365 0.8938174 0.1174982 0.8295355 0.1510554 0.8580262 0.4275642 0.8025659 0.3987447 0.841624 0.3829766 0.8196155 0.09588056 0.8010937 0.08471739 0.8497797 0.06205928 0.8094252 0.4420841 0.8219382 0.4174972 0.8737784 0.3987447 0.841624 0.3829766 0.8196155 0.3536195 0.8646877 0.3387776 0.8419842 0.1194151 0.687654 0.09256881 0.7082421 0.09609019 0.6786563 0.1378242 0.8133866 0.1510554 0.8580262 0.1174982 0.8295355 0.1917132 0.7394502 0.1448101 0.7664334 0.1489542 0.7249957 0.062105 0.6663137 0.02056115 0.6860846 0.02774709 0.6539916 0.2439687 0.7238826 0.2652988 0.7694417 0.2320719 0.7550314 0.2320719 0.7550314 0.1802476 0.7850024 0.1917132 0.7394502 0.1516745 0.6948178 0.1187806 0.7158805 0.1194151 0.687654 0.4771375 0.868072 0.4174972 0.8737784 0.460744 0.846551 0.5312853 0.6368268 0.5080786 0.6603212 0.5096372 0.6162351 0.2258418 0.5376428 0.2758662 0.4949717 0.2890327 0.5310052 0.3337934 0.581489 0.3751243 0.6352933 0.3212617 0.6356773 0.1223488 0.6019304 0.1275599 0.6470268 0.1061935 0.6401466 0.2776301 0.04098123 0.2605113 0.0691834 0.2483771 0.05190837 0.2069669 0.6624217 0.1516745 0.6948178 0.1576988 0.6532244 0.1174033 0.7934533 0.1174982 0.8295355 0.09588056 0.8010937 0.1448101 0.7664334 0.1174033 0.7934533 0.1176373 0.7518221 0.4909031 0.6099471 0.4212464 0.6450797 0.456209 0.5682201 0.3536195 0.8646877 0.3356745 0.918991 0.3180651 0.8870891 0.1501837 0.1182276 0.1463763 0.06968188 0.1615368 0.07316666 0.1275599 0.6470268 0.09609019 0.6786563 0.1061935 0.6401466 0.2069669 0.6624217 0.2439687 0.7238826 0.1987259 0.7071887 0.2657693 0.8885739 0.3040093 0.8661295 0.3180651 0.8870891 0.5492851 0.7924883 0.5778709 0.8005402 0.5630211 0.8121507 0.2746614 0.931078 0.2259238 0.9832409 0.2200201 0.9307023 0.2652988 0.7694417 0.2893775 0.8262575 0.2432969 0.8081794 0.1818868 0.3620586 0.1231525 0.3525503 0.1539021 0.3213027 0.3406265 0.03642708 0.3028767 0.05660706 0.3253907 0.02776104 0.3867617 0.2622975 0.3302178 0.243292 0.3800721 0.2180135 0.3450221 0.2873807 0.3959714 0.3173833 0.3640751 0.3380591 0.3135841 0.07316136 0.2968736 0.149392 0.269281 0.102033 0.01784187 0.4217576 0.05591148 0.3620954 0.06980931 0.414672 0.4344472 0.9039512 0.3732188 0.899321 0.4174972 0.8737784 0.2287685 0.5751013 0.2890327 0.5310052 0.3033621 0.5669074 0.3356745 0.918991 0.2851442 0.9761553 0.2746614 0.931078 0.08471739 0.8497797 0.09425282 0.9328551 0.04667389 0.870759 0.1737431 0.9197377 0.09425282 0.9328551 0.1265365 0.8938174 0.0743044 0.6268994 0.02774709 0.6539916 0.04255384 0.6120176 0.1489542 0.7249957 0.1176373 0.7518221 0.1187806 0.7158805 0.1271962 0.277776 0.08782458 0.3089359 0.1015338 0.2690201 0.09609019 0.6786563 0.05641061 0.6973709 0.062105 0.6663137 0.04749459 0.4837464 0.06980931 0.414672 0.09169602 0.4565797 0.1704906 0.5672962 0.2258418 0.5376428 0.2287685 0.5751013 0.05955094 0.5747875 0.0743044 0.6268994 0.04255384 0.6120176 0.1812424 0.5257201 0.225822 0.5026445 0.2258418 0.5376428 0.14305 0.1817086 0.1122256 0.219216 0.1207203 0.1723237 0.07573741 0.2087982 0.1207203 0.1723237 0.1122256 0.219216 0.3558444 0.5478056 0.3647897 0.5030638 0.3854825 0.5331886 0.3159282 0.482913 0.3265472 0.4512998 0.3428881 0.4723915 0.137436 0.2291701 0.1015338 0.2690201 0.1122256 0.219216 0.1570762 0.4633616 0.2036219 0.4650822 0.1931215 0.488923 0.2612121 0.3951777 0.2466968 0.4465745 0.2196126 0.4170958 0.2643894 0.3403784 0.2145292 0.3317897 0.2392513 0.3068735 0.3009912 0.4593764 0.3134702 0.4220677 0.3265472 0.4512998 0.2196126 0.4170958 0.2361344 0.3605049 0.2612121 0.3951777 0.07573741 0.2087982 0.06710475 0.1491127 0.09177327 0.1598784 0.1936415 0.8489001 0.1510554 0.8580262 0.1658056 0.8354943 0.4130715 0.4282905 0.3680113 0.4343925 0.4005497 0.409148 0.2144913 0.1123747 0.2605113 0.0691834 0.269281 0.102033 0.4550374 0.4828456 0.4005166 0.4814073 0.4336892 0.4561156 0.1931215 0.488923 0.2279372 0.4799395 0.225822 0.5026445 0.3134702 0.4220677 0.3333929 0.3612241 0.3543544 0.4067894 0.2279372 0.4799395 0.2466968 0.4465745 0.2675186 0.4698451 0.311122 0.3106462 0.2392513 0.3068735 0.2884441 0.2651073 0.06779986 0.5567108 0.09065645 0.5887432 0.05955094 0.5747875 0.1018231 0.05220508 0.10189 0.1036529 0.08382201 0.09716957 0.5128092 0.8232738 0.5630211 0.8121507 0.5235257 0.8398712 0.1880519 0.2617517 0.2301751 0.1732312 0.2585365 0.2222056 0.3854825 0.5331886 0.4005166 0.4814073 0.4228855 0.5085451 0.1539021 0.3213027 0.1114833 0.317009 0.1271962 0.277776 0.5128092 0.8232738 0.4771375 0.868072 0.460744 0.846551 0.5485809 0.6052024 0.5096372 0.6162351 0.5320554 0.5872181 0.2856475 0.4324873 0.291384 0.3800433 0.3134702 0.4220677 0.2361344 0.3605049 0.1818868 0.3620586 0.2145292 0.3317897 0.3361998 0.5160019 0.3428881 0.4723915 0.3647897 0.5030638 0.8612684 0.02621388 0.8771281 0.0679897 0.849185 0.05925393 0.8911737 0.03556305 0.904528 0.0797069 0.8771281 0.0679897 0.4496952 0.07970702 0.4628241 0.03481715 0.4768844 0.06729286 0.4768844 0.06729286 0.4927365 0.0247333 0.5048341 0.05787062 0.5048341 0.05787062 0.5228169 0.01783204 0.5329409 0.05142217 0.5228169 0.01783204 0.5609753 0.04758453 0.5329409 0.05142217 0.5528199 0.01372498 0.5891166 0.04573994 0.5609753 0.04758453 0.5829373 0.01175075 0.6177246 0.04518818 0.5891166 0.04573994 0.6135544 0.01116025 0.647001 0.04531794 0.6177246 0.04518818 0.647001 0.04531794 0.6767764 0.01171731 0.6767985 0.04570859 0.6767764 0.01171731 0.7066841 0.04617053 0.6767985 0.04570859 0.7087607 0.01221168 0.7361735 0.04675704 0.7066841 0.04617053 0.740321 0.01283919 0.7649927 0.04776757 0.7361735 0.04675704 0.771164 0.01392084 0.7932203 0.04973125 0.7649927 0.04776757 0.9464332 0.3065536 0.915978 0.3002073 0.9464334 0.3028762 0.8013738 0.0160225 0.8211912 0.05333203 0.7932203 0.04973125 0.8313087 0.01987606 0.849185 0.05925393 0.8211912 0.05333203 0.7974124 0.4333064 0.7930101 0.4629335 0.7835389 0.4531243 0.8031435 0.4090579 0.8098831 0.438831 0.7974124 0.4333064 0.8031435 0.4090527 0.8126235 0.3799307 0.8167715 0.40968 0.7996857 0.3842533 0.7980738 0.3541063 0.8126235 0.3799307 0.787662 0.3629124 0.7753369 0.3361383 0.7980738 0.3541063 0.7691646 0.3482945 0.7478745 0.3287618 0.7753369 0.3361383 0.7247197 0.3458481 0.7478745 0.3287618 0.7471321 0.3423765 0.7050709 0.3583002 0.7198672 0.3331 0.7247197 0.3458481 0.6911985 0.3781186 0.6955788 0.3484924 0.7050709 0.3583002 0.6854685 0.4023674 0.678707 0.3725957 0.6911985 0.3781186 0.6854685 0.4023674 0.6759666 0.43149 0.6718201 0.4017406 0.6889252 0.4271671 0.6905154 0.4573152 0.6759666 0.43149 0.7009479 0.4485085 0.7132515 0.4752842 0.6905154 0.4573152 0.7194449 0.4631272 0.7407137 0.4826619 0.7132515 0.4752842 0.7638897 0.4655755 0.7407137 0.4826619 0.7414771 0.4690462 0.7835389 0.4531243 0.7687211 0.478325 0.7638897 0.4655755 0.915978 0.3038846 0.8868059 0.2965695 0.915978 0.3002073 0.675785 0.290679 0.7062404 0.2843326 0.7062404 0.28801 0.9778969 0.307803 0.9464334 0.3028762 0.9778969 0.3041256 0.7062404 0.28801 0.7377043 0.2830833 0.7377043 0.2867607 0.5291538 0.3074097 0.4975121 0.3041256 0.5291538 0.3037324 0.7377043 0.2867607 0.7693461 0.2834766 0.7693461 0.2871541 0.5600478 0.3054485 0.5291538 0.3037324 0.5600478 0.3017711 0.7693461 0.2871541 0.8002402 0.2854378 0.8002402 0.2891153 0.5600478 0.3054485 0.5896722 0.2985875 0.5896722 0.3022649 0.829865 0.2922989 0.8002402 0.2854378 0.829865 0.2886215 0.5896722 0.3022649 0.6182385 0.2946904 0.6182385 0.2983677 0.8584313 0.2961958 0.829865 0.2886215 0.8584313 0.2925184 0.6182385 0.2983677 0.6466129 0.2906392 0.6466129 0.2943166 0.8868059 0.3002471 0.8584313 0.2925184 0.8868059 0.2965695 0.6466129 0.2943166 0.675785 0.2870017 0.675785 0.290679 0.4724518 0.1116681 0.4890419 0.071419 0.4999038 0.1039265 0.8883883 0.1347935 0.9311351 0.1209525 0.9129895 0.15021 0.8883883 0.1347935 0.8768332 0.09071755 0.9048067 0.1044534 0.8622503 0.1219588 0.847979 0.08007752 0.8768332 0.09071755 0.8352895 0.1120169 0.8188744 0.07253223 0.847979 0.08007752 0.8080945 0.1049667 0.7897682 0.06771022 0.8188744 0.07253223 0.7808983 0.1004611 0.7604923 0.06496226 0.7897682 0.06771022 0.7256982 0.0965721 0.7604923 0.06496226 0.7535432 0.09789347 0.7256982 0.0965721 0.7001752 0.06282466 0.730692 0.06354802 0.6971836 0.09589606 0.6691075 0.06235784 0.7001752 0.06282466 0.6390377 0.09509068 0.6691075 0.06235784 0.6681545 0.09545981 0.6103032 0.09485352 0.637946 0.06196266 0.6390377 0.09509068 0.5822097 0.09504789 0.6071937 0.06170886 0.6103032 0.09485352 0.5546664 0.09618657 0.5771276 0.06191694 0.5822097 0.09504789 0.4412878 0.3570931 0.4639329 0.3489305 0.4643314 0.3517479 0.5273281 0.0989266 0.54765 0.06313568 0.5546664 0.09618657 0.4999038 0.1039265 0.518392 0.06606799 0.5273281 0.0989266 0.538532 0.978523 0.5297659 0.9487122 0.5468586 0.9670878 0.5177396 0.9561693 0.5204033 0.9246131 0.5297624 0.948708 0.5204033 0.9246131 0.5064921 0.8960484 0.5204045 0.898637 0.5204045 0.898637 0.5177435 0.8674305 0.5297024 0.8749876 0.5297024 0.8749876 0.538532 0.8457124 0.5466148 0.8573188 0.5466148 0.8573188 0.5656927 0.8342003 0.5684052 0.848083 0.5656927 0.8342003 0.5919307 0.8484402 0.5684052 0.848083 0.5950909 0.8346468 0.6139026 0.8584206 0.5919307 0.8484402 0.622251 0.8469838 0.6309946 0.8767969 0.6139026 0.8584206 0.6430384 0.8693333 0.6403547 0.9008914 0.6309946 0.8767969 0.6403547 0.9008914 0.6542884 0.9294536 0.6403547 0.9268676 0.6403547 0.9268676 0.6430382 0.9580718 0.6310579 0.9505172 0.6310579 0.9505172 0.6222509 0.9797908 0.6141462 0.9681866 0.6141462 0.9681866 0.5950906 0.9913039 0.5923563 0.9774234 0.5950906 0.9913039 0.5688309 0.9770672 0.5923563 0.9774234 0.5656926 0.9908588 0.5468586 0.9670878 0.5688309 0.9770672 0.4643314 0.3517479 0.4858883 0.3429824 0.4862868 0.3457998 0.6228962 0.31404 0.6469162 0.3156015 0.6232948 0.3168572 0.7853481 0.3094012 0.808919 0.3022171 0.8093175 0.3050343 0.5990545 0.3193098 0.6228962 0.31404 0.6232948 0.3168572 0.7610645 0.3125288 0.7849496 0.3065838 0.7853481 0.3094012 0.5744574 0.3202228 0.5990545 0.3193098 0.5748559 0.3230401 0.7371839 0.3143743 0.760666 0.3097115 0.7610645 0.3125288 0.5510016 0.3250733 0.5748559 0.3230401 0.5514002 0.3278905 0.7137448 0.3123283 0.7371839 0.3143743 0.7141433 0.3151456 0.5290491 0.3335399 0.5510016 0.3250733 0.5514002 0.3278905 0.6914377 0.3124384 0.7141433 0.3151456 0.6918362 0.3152558 0.5075861 0.3396211 0.5286505 0.3307225 0.5290491 0.3335399 0.6692608 0.3124097 0.6918362 0.3152558 0.6696593 0.315227 0.4862868 0.3457998 0.5071875 0.3368039 0.5075861 0.3396211 0.6465176 0.3127842 0.6696593 0.315227 0.6469162 0.3156015 0.4085068 0.2987558 0.4610872 0.2519909 0.4610872 0.2974233 0.4610872 0.2519909 0.5125295 0.2936282 0.4610872 0.2974233 0.5125295 0.2481958 0.5623181 0.2879484 0.5125295 0.2936282 0.5623182 0.2425162 0.6109036 0.2812489 0.5623181 0.2879484 0.6109036 0.2358166 0.6594889 0.2745492 0.6109036 0.2812489 0.6594889 0.2291167 0.7092776 0.2688695 0.6594889 0.2745492 0.7092776 0.2234371 0.7607201 0.2650745 0.7092776 0.2688695 0.7607201 0.219642 0.8133003 0.2637419 0.7607201 0.2650745 0.8133003 0.2637419 0.8658807 0.219642 0.8658807 0.2650744 0.8658807 0.2650744 0.9173228 0.2234371 0.9173228 0.2688695 0.9173228 0.2688695 0.9671117 0.2291169 0.9671116 0.2745492 0.7346897 0.1866586 0.783275 0.147926 0.783275 0.1933584 0.783275 0.1933584 0.8318603 0.1546255 0.8318604 0.2000578 0.8318604 0.2000578 0.8816491 0.1603053 0.8816491 0.2057375 0.8816491 0.2057375 0.9330914 0.1641002 0.9330914 0.2095326 0.9330914 0.2095326 0.9856718 0.1654328 0.9856718 0.2108651 0.04311978 0.0309742 0.07283949 0.1010147 0.04311978 0.1010147 0.04311978 0.1010147 0.06518435 0.1070197 0.05047845 0.1070197 0.845192 0.6505056 0.9705367 0.6905485 0.8399195 0.6905485 0.8492274 0.6091895 0.9758092 0.6505056 0.845192 0.6505056 0.8514114 0.5666383 0.9798445 0.6091895 0.8492274 0.6091895 0.8514114 0.5235859 0.9820286 0.5666383 0.8514114 0.5666383 0.9798446 0.4810345 0.8514114 0.5235859 0.8492276 0.4810346 0.9758094 0.4397185 0.8492276 0.4810346 0.8451923 0.4397185 0.970537 0.3996756 0.8451923 0.4397185 0.8399199 0.3996756 0.9648302 0.3601721 0.8399199 0.3996756 0.834213 0.3601721 0.9595577 0.3201293 0.834213 0.3601721 0.8289406 0.3201292 0.9555222 0.9395658 0.8289405 0.9808819 0.8249052 0.9395658 0.9533383 0.8970146 0.8249052 0.9395658 0.8227213 0.8970145 0.9533383 0.853962 0.8227213 0.8970145 0.8227213 0.853962 0.824905 0.8114107 0.9533383 0.853962 0.8227213 0.853962 0.8289403 0.7700946 0.9555222 0.8114107 0.824905 0.8114107 0.6393068 0.6083795 0.6539377 0.5401874 0.6539377 0.6411263 0.8342128 0.7300518 0.9595575 0.7700947 0.8289403 0.7700946 0.7162945 0.6797538 0.7545271 0.5015598 0.7545271 0.6797538 0.7545271 0.5015598 0.7898494 0.6661896 0.7545271 0.6797538 0.7898494 0.515124 0.8168838 0.6411262 0.7898494 0.6661896 0.8168838 0.5401874 0.8315147 0.6083793 0.8168838 0.6411262 0.8399195 0.6905485 0.9648299 0.7300518 0.8342128 0.7300518 0.797702 0.7405815 0.8024327 0.8101646 0.7832699 0.8404831 0.7745289 0.7119103 0.7832699 0.8404831 0.7529296 0.8614237 0.7415089 0.693435 0.7529296 0.8614237 0.7160308 0.8697981 0.7036692 0.6879686 0.7160308 0.8697981 0.6781911 0.8643317 0.7036692 0.6879686 0.6451712 0.8458566 0.6667705 0.696343 0.6667705 0.696343 0.621998 0.8171853 0.6364302 0.7172836 0.5636137 0.1482666 0.5464625 0.1982339 0.5475947 0.1472306 0.6845769 0.1726152 0.6543757 0.1285088 0.6688889 0.122698 0.6402022 0.1339125 0.6678333 0.179917 0.6505953 0.1855338 0.5171283 0.1416152 0.49495 0.1897636 0.5025274 0.1375154 0.5475947 0.1472306 0.5290843 0.1963847 0.5320979 0.1449415 0.4880859 0.132831 0.49495 0.1897636 0.4771091 0.1854393 0.6258492 0.1387871 0.6505953 0.1855338 0.6337351 0.1902946 0.5320979 0.1449415 0.5120801 0.1934365 0.5171283 0.1416152 0.4733152 0.1276093 0.4771091 0.1854393 0.4590883 0.1795061 0.6258492 0.1387871 0.6168529 0.1941781 0.6110796 0.1429135 0.4581283 0.1221013 0.4590883 0.1795061 0.4414708 0.1721408 0.6110796 0.1429135 0.5994966 0.1968501 0.5957246 0.1460242 0.4427781 0.1167813 0.4414708 0.1721408 0.4256421 0.1633602 0.5957246 0.1460242 0.581825 0.1984118 0.5798042 0.1479066 0.6688889 0.122698 0.6997676 0.1641798 0.6845769 0.1726152 0.5798042 0.1479066 0.5640854 0.1991906 0.5636137 0.1482666 0.6539377 0.5401874 0.6809722 0.6661896 0.6539377 0.6411263 0.6809722 0.6661896 0.7162945 0.5015597 0.7162945 0.6797538 0.6172673 0.7476021 0.621998 0.8171853 0.6121994 0.7826828 0.4256421 0.1633602 0.4259048 0.1983535 0.4067702 0.1853873 0.581825 0.1984118 0.5631335 0.2166781 0.5640854 0.1991906 0.6997676 0.1641798 0.7013171 0.196057 0.6845769 0.1726152 0.5464625 0.1982339 0.5631335 0.2166781 0.5426881 0.2161442 0.6845769 0.1726152 0.6815916 0.203414 0.6678333 0.179917 0.5290843 0.1963847 0.5426881 0.2161442 0.5220043 0.2149603 0.6678333 0.179917 0.6629709 0.2028234 0.6505953 0.1855338 0.5120801 0.1934365 0.5220043 0.2149603 0.503948 0.2096237 0.6505953 0.1855338 0.6430274 0.2062767 0.6337351 0.1902946 0.4771091 0.1854393 0.4839811 0.207582 0.4658614 0.2099945 0.49495 0.1897636 0.503948 0.2096237 0.4839811 0.207582 0.6337351 0.1902946 0.6252402 0.212704 0.6168529 0.1941781 0.4590883 0.1795061 0.4658614 0.2099945 0.4458853 0.2056977 0.6168529 0.1941781 0.6045131 0.2148864 0.5994966 0.1968501 0.4414708 0.1721408 0.4458853 0.2056977 0.4259048 0.1983535 0.5994966 0.1968501 0.583782 0.2163086 0.581825 0.1984118 0.4959712 0.4917513 0.5066558 0.4338118 0.5288853 0.4125167 0.4959712 0.4917513 0.5584022 0.4009918 0.5091429 0.5195747 0.5091429 0.5195747 0.590713 0.4009918 0.5326076 0.5408699 0.5326076 0.5408699 0.6208982 0.4125166 0.5627928 0.5523946 0.6208982 0.4125166 0.5951034 0.5523946 0.5627928 0.5523946 0.6443628 0.4338118 0.6246203 0.5408697 0.5951034 0.5523946 0.6584078 0.4917511 0.6246203 0.5408697 0.6575345 0.4616352 0.03128492 0.1097502 0.009328961 0.1797907 0.009328961 0.1097502 0.006247758 0.0857464 0.0302574 0.100308 0.008301317 0.100308 0.03025746 0.1892328 0.006247818 0.2037944 0.008301436 0.1892328 0.02713471 0.006035447 0.005178749 0.07607579 0.005178749 0.006035447 0.009328961 0.1797907 0.03025746 0.1892328 0.008301436 0.1892328 0.005178809 0.213465 0.0282039 0.2037944 0.02713489 0.213465 0.006247758 0.0857464 0.02713465 0.07607579 0.02820378 0.0857464 0.009328961 0.1097502 0.0302574 0.100308 0.03128492 0.1097502 0.04311978 0.0309742 0.06518435 0.02496945 0.07283949 0.0309742 0.5418205 0.6575692 0.5510586 0.6956794 0.5423948 0.6773784 0.5418205 0.6575692 0.5863474 0.7172671 0.5664927 0.7096863 0.5640445 0.6252612 0.5863474 0.7172671 0.5494228 0.6392682 0.5640445 0.6252612 0.627015 0.7096867 0.6076 0.7172671 0.5834596 0.6176806 0.6416367 0.6956794 0.627015 0.7096867 0.6492391 0.6773784 0.6047122 0.6176806 0.6245668 0.6252612 0.6492391 0.6773784 0.6400009 0.6392682 0.6486647 0.6575692 0.7951521 0.4161923 0.7873188 0.374379 0.7951521 0.3943054 0.7872653 0.4364935 0.7730695 0.3594912 0.7873188 0.374379 0.7547098 0.3517088 0.7728639 0.4519765 0.7543507 0.4603854 0.7348878 0.3520092 0.7543507 0.4603854 0.7345288 0.4606859 0.7163748 0.360418 0.7345288 0.4606859 0.7161691 0.4529035 0.7019734 0.3759011 0.7161691 0.4529035 0.7019198 0.4380159 0.6940866 0.3962025 0.7019198 0.4380159 0.6940866 0.4180893 0.5308116 0.9230882 0.5386015 0.8815078 0.5386543 0.9432763 0.5386543 0.9432763 0.5527715 0.8667032 0.5529755 0.9586734 0.5710288 0.8589642 0.5529755 0.9586734 0.5527715 0.8667032 0.5907404 0.8592631 0.5713852 0.9670353 0.5710288 0.8589642 0.6091502 0.8676251 0.5910967 0.9673343 0.5907404 0.8592631 0.6234713 0.8830221 0.6093543 0.9595954 0.6091502 0.8676251 0.631314 0.9032102 0.6235241 0.9447907 0.6234713 0.8830221 0.2758662 0.4949717 0.225822 0.5026445 0.2279372 0.4799395 0.00996226 0.3629116 0.01655364 0.2915851 0.05208832 0.2997254 0.1240176 0.06135261 0.1303738 0.04231399 0.1529167 0.04869902 0.2612121 0.3951777 0.2361344 0.3605049 0.2643894 0.3403784 0.3185371 0.7995441 0.3829766 0.8196155 0.3387776 0.8419842 0.175371 0.4434176 0.155566 0.419776 0.1974073 0.387469 0.09938317 0.3597484 0.08782458 0.3089359 0.1114833 0.317009 0.1283447 0.4958657 0.09169602 0.4565797 0.1313251 0.4335023 0.05641061 0.6973709 0.05445575 0.7465581 0.01594394 0.7416609 0.063106 0.2586554 0.05208832 0.2997254 0.01655364 0.2915851 0.05208832 0.2997254 0.063106 0.2586554 0.1015338 0.2690201 0.3428881 0.4723915 0.3265472 0.4512998 0.3680113 0.4343925 0.1501837 0.1182276 0.1615368 0.07316666 0.2057006 0.07525479 0.1313251 0.4335023 0.1149216 0.4034882 0.1423562 0.396183 0.1974073 0.387469 0.155566 0.419776 0.1423562 0.396183 0.3265472 0.4512998 0.3134702 0.4220677 0.3543544 0.4067894 0.3333929 0.3612241 0.3640751 0.3380591 0.3853762 0.3833866 0.1271962 0.277776 0.137436 0.2291701 0.1727278 0.2867829 0.4005497 0.409148 0.3680113 0.4343925 0.3543544 0.4067894 0.3640751 0.3380591 0.3333929 0.3612241 0.311122 0.3106462 0.4336892 0.4561156 0.4505928 0.4430248 0.4706159 0.4703321 0.05591148 0.3620954 0.05208832 0.2997254 0.08782458 0.3089359 0.2605113 0.0691834 0.3028767 0.05660706 0.3135841 0.07316136 0.09177303 0.7501804 0.09588056 0.8010937 0.06205928 0.8094252 0.10189 0.1036529 0.09177327 0.1598784 0.06710475 0.1491127 0.0989148 0.5692879 0.1288954 0.5816349 0.1223488 0.6019304 0.1149216 0.4034882 0.1313251 0.4335023 0.09169602 0.4565797 0.2758662 0.4949717 0.2675186 0.4698451 0.3009912 0.4593764 0.2036219 0.4650822 0.175371 0.4434176 0.2196126 0.4170958 0.291384 0.3800433 0.2643894 0.3403784 0.311122 0.3106462 0.09177327 0.1598784 0.10189 0.1036529 0.12655 0.1113672 0.2432969 0.8081794 0.2148128 0.798928 0.2320719 0.7550314 0.063106 0.2586554 0.07573741 0.2087982 0.1122256 0.219216 0.1283447 0.4958657 0.1570762 0.4633616 0.1931215 0.488923 0.1207203 0.1723237 0.12655 0.1113672 0.1501837 0.1182276 0.2301751 0.1732312 0.2144913 0.1123747 0.269281 0.102033 0.1987259 0.7071887 0.1917132 0.7394502 0.1489542 0.7249957 0.12655 0.1113672 0.10189 0.1036529 0.1240176 0.06135261 0.3450221 0.2873807 0.311122 0.3106462 0.2884441 0.2651073 0.3135841 0.07316136 0.3406265 0.03642708 0.3706335 0.04935789 0.3647897 0.5030638 0.3428881 0.4723915 0.3799613 0.4534392 0.14305 0.1817086 0.1501837 0.1182276 0.2144913 0.1123747 0.1880519 0.2617517 0.1727278 0.2867829 0.137436 0.2291701 0.4336892 0.4561156 0.4005166 0.4814073 0.3799613 0.4534392 0.4130715 0.4282905 0.4005497 0.409148 0.4205192 0.3997254 0.4205192 0.3997254 0.4005497 0.409148 0.3853762 0.3833866 0.5460202 0.7486272 0.5292434 0.7584825 0.5161924 0.7153823 0.2200201 0.9307023 0.2194824 0.8843316 0.2657693 0.8885739 0.1727278 0.2867829 0.1880519 0.2617517 0.2392513 0.3068735 0.1149216 0.4034882 0.09938317 0.3597484 0.1231525 0.3525503 0.3033621 0.5669074 0.2890327 0.5310052 0.3361998 0.5160019 0.155566 0.419776 0.175371 0.4434176 0.1570762 0.4633616 0.1303738 0.04231399 0.1240176 0.06135261 0.1018231 0.05220508 0.1463763 0.06968188 0.1529167 0.04869902 0.1670116 0.05315309 0.3624817 0.09637832 0.3706335 0.04935789 0.4160097 0.07071411 0.2968736 0.149392 0.3624817 0.09637832 0.3960218 0.1272013 0.05445575 0.7465581 0.05641061 0.6973709 0.09256881 0.7082421 0.09177303 0.7501804 0.1176373 0.7518221 0.1174033 0.7934533 0.3732188 0.899321 0.3536195 0.8646877 0.3987447 0.841624 0.2893775 0.8262575 0.3387776 0.8419842 0.3040093 0.8661295 0.2439687 0.7238826 0.2320719 0.7550314 0.1917132 0.7394502 0.2753745 0.6326475 0.3212617 0.6356773 0.3100715 0.6824655 0.2148128 0.798928 0.1936415 0.8489001 0.1658056 0.8354943 0.1802476 0.7850024 0.1658056 0.8354943 0.1378242 0.8133866 0.3390287 0.778537 0.360411 0.7008352 0.4142422 0.7158107 0.3732188 0.899321 0.3908582 0.9339572 0.3529092 0.9517183 0.1265365 0.8938174 0.1510554 0.8580262 0.1863648 0.8756645 0.5161924 0.7153823 0.5292434 0.7584825 0.4876102 0.7802492 0.1863648 0.8756645 0.1936415 0.8489001 0.2197861 0.8559064 0.2148128 0.798928 0.2432969 0.8081794 0.2197861 0.8559064 0.261302 0.6713661 0.3100715 0.6824655 0.2826521 0.7400361 0.1725451 0.617546 0.2214812 0.6266534 0.2069669 0.6624217 0.2057006 0.07525479 0.2065305 0.05774486 0.2483771 0.05190837 0.1439055 0.6092894 0.1725451 0.617546 0.1576988 0.6532244 0.2214812 0.6266534 0.2753745 0.6326475 0.261302 0.6713661 0.5080786 0.6603212 0.5161924 0.7153823 0.4775944 0.7160201 0.4909031 0.6099471 0.5096372 0.6162351 0.5080786 0.6603212 0.09169602 0.4565797 0.1283447 0.4958657 0.0988208 0.5364772 0.0988208 0.5364772 0.1283447 0.4958657 0.1812424 0.5257201 0.1275599 0.6470268 0.1576988 0.6532244 0.1516745 0.6948178 0.1737431 0.9197377 0.1863648 0.8756645 0.2194824 0.8843316 0.09177303 0.7501804 0.09256881 0.7082421 0.1187806 0.7158805 0.1615368 0.07316666 0.1670116 0.05315309 0.2065305 0.05774486 0.3829766 0.8196155 0.3185371 0.7995441 0.3390287 0.778537 0.460744 0.846551 0.4420841 0.8219382 0.4998748 0.8016552 0.2675186 0.4698451 0.2466968 0.4465745 0.2856475 0.4324873 0.4876102 0.7802492 0.4998748 0.8016552 0.4420841 0.8219382 0.3028767 0.05660706 0.2776301 0.04098123 0.3038085 0.01640856 0.47391 0.6601056 0.4775944 0.7160201 0.4142422 0.7158107 0.4998748 0.8016552 0.5361897 0.7725901 0.5492851 0.7924883 0.4909031 0.6099471 0.456209 0.5682201 0.4998644 0.5486218 0.5361897 0.7725901 0.4998748 0.8016552 0.4876102 0.7802492 0.1061935 0.6401466 0.09609019 0.6786563 0.062105 0.6663137 0.4775944 0.7160201 0.4876102 0.7802492 0.4275642 0.8025659 0.09065645 0.5887432 0.1223488 0.6019304 0.1061935 0.6401466 0.5096372 0.6162351 0.4909031 0.6099471 0.5198674 0.574573 0.2889512 0.5868358 0.3337934 0.581489 0.3212617 0.6356773 0.3091531 0.191299 0.3302178 0.243292 0.2884441 0.2651073 0.3185371 0.7995441 0.2652988 0.7694417 0.2826521 0.7400361 0.2392513 0.3068735 0.1880519 0.2617517 0.2585365 0.2222056 0.5281873 0.6685075 0.5322417 0.7102072 0.5161924 0.7153823 0.5460202 0.7486272 0.5538578 0.7616066 0.5361897 0.7725901 0.4678276 0.5098116 0.4998644 0.5486218 0.456209 0.5682201 0.360411 0.7008352 0.3751243 0.6352933 0.4212464 0.6450797 0.09938317 0.3597484 0.1149216 0.4034882 0.06980931 0.414672 0.4178724 0.5432999 0.456209 0.5682201 0.4212464 0.6450797 0.2585365 0.2222056 0.2301751 0.1732312 0.2968736 0.149392 0.3091531 0.191299 0.3960218 0.1272013 0.3800721 0.2180135 0.2746614 0.931078 0.2657693 0.8885739 0.3180651 0.8870891 0.2668341 0.8637029 0.2197861 0.8559064 0.2432969 0.8081794 0.4130715 0.4282905 0.4312026 0.4168758 0.4505928 0.4430248 0.2194824 0.8843316 0.2197861 0.8559064 0.2668341 0.8637029 0.1802408 0.5892589 0.2328233 0.5930393 0.2214812 0.6266534 0.1480593 0.5876983 0.1439055 0.6092894 0.1223488 0.6019304 0.2328233 0.5930393 0.2889512 0.5868358 0.2753745 0.6326475 0.5538578 0.7616066 0.56589 0.7811514 0.5492851 0.7924883 0.05445575 0.7465581 0.06205928 0.8094252 0.02479702 0.8160578 0.2145292 0.3317897 0.1818868 0.3620586 0.1539021 0.3213027 0.1480593 0.5876983 0.1802408 0.5892589 0.1725451 0.617546 0.3640751 0.3380591 0.3959714 0.3173833 0.4109419 0.3688424 0.360411 0.7008352 0.3390287 0.778537 0.2826521 0.7400361 0.3387776 0.8419842 0.3536195 0.8646877 0.3180651 0.8870891 0.07573741 0.2087982 0.063106 0.2586554 0.02513712 0.250379 0.1582221 0.969798 0.1737431 0.9197377 0.2200201 0.9307023 0.2890327 0.5310052 0.2758662 0.4949717 0.3159282 0.482913 0.06205928 0.8094252 0.08471739 0.8497797 0.04667389 0.870759 0.3100715 0.6824655 0.3212617 0.6356773 0.3751243 0.6352933 0.1265365 0.8938174 0.08471739 0.8497797 0.1174982 0.8295355 0.4275642 0.8025659 0.4420841 0.8219382 0.3987447 0.841624 0.09588056 0.8010937 0.1174982 0.8295355 0.08471739 0.8497797 0.4420841 0.8219382 0.460744 0.846551 0.4174972 0.8737784 0.3829766 0.8196155 0.3987447 0.841624 0.3536195 0.8646877 0.1194151 0.687654 0.1187806 0.7158805 0.09256881 0.7082421 0.1378242 0.8133866 0.1658056 0.8354943 0.1510554 0.8580262 0.1917132 0.7394502 0.1802476 0.7850024 0.1448101 0.7664334 0.062105 0.6663137 0.05641061 0.6973709 0.02056115 0.6860846 0.2439687 0.7238826 0.2826521 0.7400361 0.2652988 0.7694417 0.2320719 0.7550314 0.2148128 0.798928 0.1802476 0.7850024 0.1516745 0.6948178 0.1489542 0.7249957 0.1187806 0.7158805 0.4771375 0.868072 0.4344472 0.9039512 0.4174972 0.8737784 0.5312853 0.6368268 0.5281873 0.6685075 0.5080786 0.6603212 0.2258418 0.5376428 0.225822 0.5026445 0.2758662 0.4949717 0.3337934 0.581489 0.4178724 0.5432999 0.3751243 0.6352933 0.1223488 0.6019304 0.1439055 0.6092894 0.1275599 0.6470268 0.2776301 0.04098123 0.3028767 0.05660706 0.2605113 0.0691834 0.2069669 0.6624217 0.1987259 0.7071887 0.1516745 0.6948178 0.1174033 0.7934533 0.1378242 0.8133866 0.1174982 0.8295355 0.1448101 0.7664334 0.1378242 0.8133866 0.1174033 0.7934533 0.4909031 0.6099471 0.47391 0.6601056 0.4212464 0.6450797 0.3536195 0.8646877 0.3732188 0.899321 0.3356745 0.918991 0.1501837 0.1182276 0.12655 0.1113672 0.1463763 0.06968188 0.1275599 0.6470268 0.1194151 0.687654 0.09609019 0.6786563 0.2069669 0.6624217 0.261302 0.6713661 0.2439687 0.7238826 0.2657693 0.8885739 0.2668341 0.8637029 0.3040093 0.8661295 0.5492851 0.7924883 0.56589 0.7811514 0.5778709 0.8005402 0.2746614 0.931078 0.2851442 0.9761553 0.2259238 0.9832409 0.2652988 0.7694417 0.3185371 0.7995441 0.2893775 0.8262575 0.1818868 0.3620586 0.1423562 0.396183 0.1231525 0.3525503 0.3406265 0.03642708 0.3135841 0.07316136 0.3028767 0.05660706 0.3867617 0.2622975 0.3450221 0.2873807 0.3302178 0.243292 0.3450221 0.2873807 0.3867617 0.2622975 0.3959714 0.3173833 0.3135841 0.07316136 0.3624817 0.09637832 0.2968736 0.149392 0.01784187 0.4217576 0.00996226 0.3629116 0.05591148 0.3620954 0.4344472 0.9039512 0.3908582 0.9339572 0.3732188 0.899321 0.2287685 0.5751013 0.2258418 0.5376428 0.2890327 0.5310052 0.3356745 0.918991 0.3529092 0.9517183 0.2851442 0.9761553 0.08471739 0.8497797 0.1265365 0.8938174 0.09425282 0.9328551 0.1737431 0.9197377 0.1582221 0.969798 0.09425282 0.9328551 0.0743044 0.6268994 0.062105 0.6663137 0.02774709 0.6539916 0.1489542 0.7249957 0.1448101 0.7664334 0.1176373 0.7518221 0.1271962 0.277776 0.1114833 0.317009 0.08782458 0.3089359 0.09609019 0.6786563 0.09256881 0.7082421 0.05641061 0.6973709 0.04749459 0.4837464 0.01784187 0.4217576 0.06980931 0.414672 0.1704906 0.5672962 0.1812424 0.5257201 0.2258418 0.5376428 0.05955094 0.5747875 0.09065645 0.5887432 0.0743044 0.6268994 0.1812424 0.5257201 0.1931215 0.488923 0.225822 0.5026445 0.14305 0.1817086 0.137436 0.2291701 0.1122256 0.219216 0.07573741 0.2087982 0.09177327 0.1598784 0.1207203 0.1723237 0.3558444 0.5478056 0.3361998 0.5160019 0.3647897 0.5030638 0.3159282 0.482913 0.3009912 0.4593764 0.3265472 0.4512998 0.137436 0.2291701 0.1271962 0.277776 0.1015338 0.2690201 0.1570762 0.4633616 0.175371 0.4434176 0.2036219 0.4650822 0.2612121 0.3951777 0.2856475 0.4324873 0.2466968 0.4465745 0.2643894 0.3403784 0.2361344 0.3605049 0.2145292 0.3317897 0.3009912 0.4593764 0.2856475 0.4324873 0.3134702 0.4220677 0.2196126 0.4170958 0.1974073 0.387469 0.2361344 0.3605049 0.07573741 0.2087982 0.04240745 0.1996925 0.06710475 0.1491127 0.1936415 0.8489001 0.1863648 0.8756645 0.1510554 0.8580262 0.4130715 0.4282905 0.3799613 0.4534392 0.3680113 0.4343925 0.2144913 0.1123747 0.2057006 0.07525479 0.2605113 0.0691834 0.4550374 0.4828456 0.4228855 0.5085451 0.4005166 0.4814073 0.1931215 0.488923 0.2036219 0.4650822 0.2279372 0.4799395 0.3134702 0.4220677 0.291384 0.3800433 0.3333929 0.3612241 0.2279372 0.4799395 0.2036219 0.4650822 0.2466968 0.4465745 0.311122 0.3106462 0.2643894 0.3403784 0.2392513 0.3068735 0.06779986 0.5567108 0.0989148 0.5692879 0.09065645 0.5887432 0.1018231 0.05220508 0.1240176 0.06135261 0.10189 0.1036529 0.5128092 0.8232738 0.5492851 0.7924883 0.5630211 0.8121507 0.1880519 0.2617517 0.14305 0.1817086 0.2301751 0.1732312 0.3854825 0.5331886 0.3647897 0.5030638 0.4005166 0.4814073 0.1539021 0.3213027 0.1231525 0.3525503 0.1114833 0.317009 0.5128092 0.8232738 0.5235257 0.8398712 0.4771375 0.868072 0.5485809 0.6052024 0.5312853 0.6368268 0.5096372 0.6162351 0.2856475 0.4324873 0.2612121 0.3951777 0.291384 0.3800433 0.2361344 0.3605049 0.1974073 0.387469 0.1818868 0.3620586 0.3361998 0.5160019 0.3159282 0.482913 0.3428881 0.4723915 0.8612684 0.02621388 0.8911737 0.03556305 0.8771281 0.0679897 0.8911737 0.03556305 0.9204974 0.04810291 0.904528 0.0797069 0.4496952 0.07970702 0.4337255 0.04810315 0.4628241 0.03481715 0.4768844 0.06729286 0.4628241 0.03481715 0.4927365 0.0247333 0.5048341 0.05787062 0.4927365 0.0247333 0.5228169 0.01783204 0.5228169 0.01783204 0.5528199 0.01372498 0.5609753 0.04758453 0.5528199 0.01372498 0.5829373 0.01175075 0.5891166 0.04573994 0.5829373 0.01175075 0.6135544 0.01116025 0.6177246 0.04518818 0.6135544 0.01116025 0.6448866 0.01129913 0.647001 0.04531794 0.647001 0.04531794 0.6448866 0.01129913 0.6767764 0.01171731 0.6767764 0.01171731 0.7087607 0.01221168 0.7066841 0.04617053 0.7087607 0.01221168 0.740321 0.01283919 0.7361735 0.04675704 0.740321 0.01283919 0.771164 0.01392084 0.7649927 0.04776757 0.771164 0.01392084 0.8013738 0.0160225 0.7932203 0.04973125 0.9464332 0.3065536 0.915978 0.3038846 0.915978 0.3002073 0.8013738 0.0160225 0.8313087 0.01987606 0.8211912 0.05333203 0.8313087 0.01987606 0.8612684 0.02621388 0.849185 0.05925393 0.7974124 0.4333064 0.8098831 0.438831 0.7930101 0.4629335 0.8031435 0.4090579 0.8167715 0.4096865 0.8098831 0.438831 0.8031435 0.4090527 0.7996857 0.3842533 0.8126235 0.3799307 0.7996857 0.3842533 0.787662 0.3629124 0.7980738 0.3541063 0.787662 0.3629124 0.7691646 0.3482945 0.7753369 0.3361383 0.7691646 0.3482945 0.7471321 0.3423765 0.7478745 0.3287618 0.7247197 0.3458481 0.7198672 0.3331 0.7478745 0.3287618 0.7050709 0.3583002 0.6955788 0.3484924 0.7198672 0.3331 0.6911985 0.3781186 0.678707 0.3725957 0.6955788 0.3484924 0.6854685 0.4023674 0.6718201 0.4017406 0.678707 0.3725957 0.6854685 0.4023674 0.6889252 0.4271671 0.6759666 0.43149 0.6889252 0.4271671 0.7009479 0.4485085 0.6905154 0.4573152 0.7009479 0.4485085 0.7194449 0.4631272 0.7132515 0.4752842 0.7194449 0.4631272 0.7414771 0.4690462 0.7407137 0.4826619 0.7638897 0.4655755 0.7687211 0.478325 0.7407137 0.4826619 0.7835389 0.4531243 0.7930101 0.4629335 0.7687211 0.478325 0.915978 0.3038846 0.8868059 0.3002471 0.8868059 0.2965695 0.675785 0.290679 0.675785 0.2870017 0.7062404 0.2843326 0.9778969 0.307803 0.9464332 0.3065536 0.9464334 0.3028762 0.7062404 0.28801 0.7062404 0.2843326 0.7377043 0.2830833 0.5291538 0.3074097 0.4975121 0.3078032 0.4975121 0.3041256 0.7377043 0.2867607 0.7377043 0.2830833 0.7693461 0.2834766 0.5600478 0.3054485 0.5291538 0.3074097 0.5291538 0.3037324 0.7693461 0.2871541 0.7693461 0.2834766 0.8002402 0.2854378 0.5600478 0.3054485 0.5600478 0.3017711 0.5896722 0.2985875 0.829865 0.2922989 0.8002402 0.2891153 0.8002402 0.2854378 0.5896722 0.3022649 0.5896722 0.2985875 0.6182385 0.2946904 0.8584313 0.2961958 0.829865 0.2922989 0.829865 0.2886215 0.6182385 0.2983677 0.6182385 0.2946904 0.6466129 0.2906392 0.8868059 0.3002471 0.8584313 0.2961958 0.8584313 0.2925184 0.6466129 0.2943166 0.6466129 0.2906392 0.675785 0.2870017 0.4724518 0.1116681 0.4596623 0.0797041 0.4890419 0.071419 0.8883883 0.1347935 0.9048067 0.1044534 0.9311351 0.1209525 0.8883883 0.1347935 0.8622503 0.1219588 0.8768332 0.09071755 0.8622503 0.1219588 0.8352895 0.1120169 0.847979 0.08007752 0.8352895 0.1120169 0.8080945 0.1049667 0.8188744 0.07253223 0.8080945 0.1049667 0.7808983 0.1004611 0.7897682 0.06771022 0.7808983 0.1004611 0.7535432 0.09789347 0.7604923 0.06496226 0.7256982 0.0965721 0.730692 0.06354802 0.7604923 0.06496226 0.7256982 0.0965721 0.6971836 0.09589606 0.7001752 0.06282466 0.6971836 0.09589606 0.6681545 0.09545981 0.6691075 0.06235784 0.6390377 0.09509068 0.637946 0.06196266 0.6691075 0.06235784 0.6103032 0.09485352 0.6071937 0.06170886 0.637946 0.06196266 0.5822097 0.09504789 0.5771276 0.06191694 0.6071937 0.06170886 0.5546664 0.09618657 0.54765 0.06313568 0.5771276 0.06191694 0.4412878 0.3570931 0.4408892 0.3542758 0.4639329 0.3489305 0.5273281 0.0989266 0.518392 0.06606799 0.54765 0.06313568 0.4999038 0.1039265 0.4890419 0.071419 0.518392 0.06606799 0.538532 0.978523 0.5177437 0.9561745 0.5297659 0.9487122 0.5177396 0.9561693 0.5064907 0.9272094 0.5204033 0.9246131 0.5204033 0.9246131 0.5064907 0.9272094 0.5064921 0.8960484 0.5204045 0.898637 0.5064921 0.8960484 0.5177435 0.8674305 0.5297024 0.8749876 0.5177435 0.8674305 0.538532 0.8457124 0.5466148 0.8573188 0.538532 0.8457124 0.5656927 0.8342003 0.5656927 0.8342003 0.5950909 0.8346468 0.5919307 0.8484402 0.5950909 0.8346468 0.622251 0.8469838 0.6139026 0.8584206 0.622251 0.8469838 0.6430384 0.8693333 0.6309946 0.8767969 0.6430384 0.8693333 0.6542884 0.8982927 0.6403547 0.9008914 0.6403547 0.9008914 0.6542884 0.8982927 0.6542884 0.9294536 0.6403547 0.9268676 0.6542884 0.9294536 0.6430382 0.9580718 0.6310579 0.9505172 0.6430382 0.9580718 0.6222509 0.9797908 0.6141462 0.9681866 0.6222509 0.9797908 0.5950906 0.9913039 0.5950906 0.9913039 0.5656926 0.9908588 0.5688309 0.9770672 0.5656926 0.9908588 0.538532 0.978523 0.5468586 0.9670878 0.4643314 0.3517479 0.4639329 0.3489305 0.4858883 0.3429824 0.6228962 0.31404 0.6465176 0.3127842 0.6469162 0.3156015 0.7853481 0.3094012 0.7849496 0.3065838 0.808919 0.3022171 0.5990545 0.3193098 0.598656 0.3164925 0.6228962 0.31404 0.7610645 0.3125288 0.760666 0.3097115 0.7849496 0.3065838 0.5744574 0.3202228 0.598656 0.3164925 0.5990545 0.3193098 0.7371839 0.3143743 0.7367853 0.3115569 0.760666 0.3097115 0.5510016 0.3250733 0.5744574 0.3202228 0.5748559 0.3230401 0.7137448 0.3123283 0.7367853 0.3115569 0.7371839 0.3143743 0.5290491 0.3335399 0.5286505 0.3307225 0.5510016 0.3250733 0.6914377 0.3124384 0.7137448 0.3123283 0.7141433 0.3151456 0.5075861 0.3396211 0.5071875 0.3368039 0.5286505 0.3307225 0.6692608 0.3124097 0.6914377 0.3124384 0.6918362 0.3152558 0.4862868 0.3457998 0.4858883 0.3429824 0.5071875 0.3368039 0.6465176 0.3127842 0.6692608 0.3124097 0.6696593 0.315227 0.4085068 0.2987558 0.4085068 0.2533234 0.4610872 0.2519909 0.4610872 0.2519909 0.5125295 0.2481958 0.5125295 0.2936282 0.5125295 0.2481958 0.5623182 0.2425162 0.5623181 0.2879484 0.5623182 0.2425162 0.6109036 0.2358166 0.6109036 0.2812489 0.6109036 0.2358166 0.6594889 0.2291167 0.6594889 0.2745492 0.6594889 0.2291167 0.7092776 0.2234371 0.7092776 0.2688695 0.7092776 0.2234371 0.7607201 0.219642 0.7607201 0.2650745 0.7607201 0.219642 0.8133003 0.2183094 0.8133003 0.2637419 0.8133003 0.2637419 0.8133003 0.2183094 0.8658807 0.219642 0.8658807 0.2650744 0.8658807 0.219642 0.9173228 0.2234371 0.9173228 0.2688695 0.9173228 0.2234371 0.9671117 0.2291169 0.7346897 0.1866586 0.7346898 0.1412263 0.783275 0.147926 0.783275 0.1933584 0.783275 0.147926 0.8318603 0.1546255 0.8318604 0.2000578 0.8318603 0.1546255 0.8816491 0.1603053 0.8816491 0.2057375 0.8816491 0.1603053 0.9330914 0.1641002 0.9330914 0.2095326 0.9330914 0.1641002 0.9856718 0.1654328 0.04311978 0.0309742 0.07283949 0.0309742 0.07283949 0.1010147 0.04311978 0.1010147 0.07283949 0.1010147 0.06518435 0.1070197 0.845192 0.6505056 0.9758092 0.6505056 0.9705367 0.6905485 0.8492274 0.6091895 0.9798445 0.6091895 0.9758092 0.6505056 0.8514114 0.5666383 0.9820286 0.5666383 0.9798445 0.6091895 0.8514114 0.5235859 0.9820286 0.5235859 0.9820286 0.5666383 0.9798446 0.4810345 0.9820286 0.5235859 0.8514114 0.5235859 0.9758094 0.4397185 0.9798446 0.4810345 0.8492276 0.4810346 0.970537 0.3996756 0.9758094 0.4397185 0.8451923 0.4397185 0.9648302 0.3601721 0.970537 0.3996756 0.8399199 0.3996756 0.9595577 0.3201293 0.9648302 0.3601721 0.834213 0.3601721 0.9555222 0.9395658 0.9595577 0.980882 0.8289405 0.9808819 0.9533383 0.8970146 0.9555222 0.9395658 0.8249052 0.9395658 0.9533383 0.853962 0.9533383 0.8970146 0.8227213 0.8970145 0.824905 0.8114107 0.9555222 0.8114107 0.9533383 0.853962 0.8289403 0.7700946 0.9595575 0.7700947 0.9555222 0.8114107 0.6393068 0.6083795 0.6393068 0.5729342 0.6539377 0.5401874 0.8342128 0.7300518 0.9648299 0.7300518 0.9595575 0.7700947 0.7162945 0.6797538 0.7162945 0.5015597 0.7545271 0.5015598 0.7545271 0.5015598 0.7898494 0.515124 0.7898494 0.6661896 0.7898494 0.515124 0.8168838 0.5401874 0.8168838 0.6411262 0.8168838 0.5401874 0.8315148 0.5729343 0.8315147 0.6083793 0.8399195 0.6905485 0.9705367 0.6905485 0.9648299 0.7300518 0.797702 0.7405815 0.8075005 0.7750839 0.8024327 0.8101646 0.7745289 0.7119103 0.797702 0.7405815 0.7832699 0.8404831 0.7415089 0.693435 0.7745289 0.7119103 0.7529296 0.8614237 0.7036692 0.6879686 0.7415089 0.693435 0.7160308 0.8697981 0.7036692 0.6879686 0.6781911 0.8643317 0.6451712 0.8458566 0.6667705 0.696343 0.6451712 0.8458566 0.621998 0.8171853 0.5636137 0.1482666 0.5640854 0.1991906 0.5464625 0.1982339 0.6845769 0.1726152 0.6678333 0.179917 0.6543757 0.1285088 0.6402022 0.1339125 0.6543757 0.1285088 0.6678333 0.179917 0.5171283 0.1416152 0.5120801 0.1934365 0.49495 0.1897636 0.5475947 0.1472306 0.5464625 0.1982339 0.5290843 0.1963847 0.4880859 0.132831 0.5025274 0.1375154 0.49495 0.1897636 0.6258492 0.1387871 0.6402022 0.1339125 0.6505953 0.1855338 0.5320979 0.1449415 0.5290843 0.1963847 0.5120801 0.1934365 0.4733152 0.1276093 0.4880859 0.132831 0.4771091 0.1854393 0.6258492 0.1387871 0.6337351 0.1902946 0.6168529 0.1941781 0.4581283 0.1221013 0.4733152 0.1276093 0.4590883 0.1795061 0.6110796 0.1429135 0.6168529 0.1941781 0.5994966 0.1968501 0.4427781 0.1167813 0.4581283 0.1221013 0.4414708 0.1721408 0.5957246 0.1460242 0.5994966 0.1968501 0.581825 0.1984118 0.6688889 0.122698 0.6845567 0.1167813 0.6997676 0.1641798 0.5798042 0.1479066 0.581825 0.1984118 0.5640854 0.1991906 0.6539377 0.5401874 0.6809722 0.515124 0.6809722 0.6661896 0.6809722 0.6661896 0.6809722 0.515124 0.7162945 0.5015597 0.6172673 0.7476021 0.6364302 0.7172836 0.621998 0.8171853 0.4256421 0.1633602 0.4414708 0.1721408 0.4259048 0.1983535 0.581825 0.1984118 0.583782 0.2163086 0.5631335 0.2166781 0.6997676 0.1641798 0.7199036 0.1837293 0.7013171 0.196057 0.5464625 0.1982339 0.5640854 0.1991906 0.5631335 0.2166781 0.6845769 0.1726152 0.7013171 0.196057 0.6815916 0.203414 0.5290843 0.1963847 0.5464625 0.1982339 0.5426881 0.2161442 0.6678333 0.179917 0.6815916 0.203414 0.6629709 0.2028234 0.5120801 0.1934365 0.5290843 0.1963847 0.5220043 0.2149603 0.6505953 0.1855338 0.6629709 0.2028234 0.6430274 0.2062767 0.4771091 0.1854393 0.49495 0.1897636 0.4839811 0.207582 0.49495 0.1897636 0.5120801 0.1934365 0.503948 0.2096237 0.6337351 0.1902946 0.6430274 0.2062767 0.6252402 0.212704 0.4590883 0.1795061 0.4771091 0.1854393 0.4658614 0.2099945 0.6168529 0.1941781 0.6252402 0.212704 0.6045131 0.2148864 0.4414708 0.1721408 0.4590883 0.1795061 0.4458853 0.2056977 0.5994966 0.1968501 0.6045131 0.2148864 0.583782 0.2163086 0.4959712 0.4917513 0.4950979 0.4616353 0.5066558 0.4338118 0.4959712 0.4917513 0.5288853 0.4125167 0.5584022 0.4009918 0.5091429 0.5195747 0.5584022 0.4009918 0.590713 0.4009918 0.5326076 0.5408699 0.590713 0.4009918 0.6208982 0.4125166 0.6208982 0.4125166 0.6443628 0.4338118 0.5951034 0.5523946 0.6443628 0.4338118 0.6575345 0.4616352 0.6246203 0.5408697 0.6584078 0.4917511 0.6468501 0.5195745 0.6246203 0.5408697 0.03128492 0.1097502 0.03128504 0.1797907 0.009328961 0.1797907 0.006247758 0.0857464 0.02820378 0.0857464 0.0302574 0.100308 0.03025746 0.1892328 0.0282039 0.2037944 0.006247818 0.2037944 0.02713471 0.006035447 0.02713465 0.07607579 0.005178749 0.07607579 0.009328961 0.1797907 0.03128504 0.1797907 0.03025746 0.1892328 0.005178809 0.213465 0.006247818 0.2037944 0.0282039 0.2037944 0.006247758 0.0857464 0.005178749 0.07607579 0.02713465 0.07607579 0.009328961 0.1097502 0.008301317 0.100308 0.0302574 0.100308 0.04311978 0.0309742 0.05047845 0.02496945 0.06518435 0.02496945 0.5418205 0.6575692 0.5664927 0.7096863 0.5510586 0.6956794 0.5418205 0.6575692 0.5494228 0.6392682 0.5863474 0.7172671 0.5640445 0.6252612 0.6076 0.7172671 0.5863474 0.7172671 0.5640445 0.6252612 0.5834596 0.6176806 0.627015 0.7096867 0.5834596 0.6176806 0.6047122 0.6176806 0.6416367 0.6956794 0.6492391 0.6773784 0.6416367 0.6956794 0.6047122 0.6176806 0.6492391 0.6773784 0.6245668 0.6252612 0.6400009 0.6392682 0.7951521 0.4161923 0.7872653 0.4364935 0.7873188 0.374379 0.7872653 0.4364935 0.7728639 0.4519765 0.7730695 0.3594912 0.7547098 0.3517088 0.7730695 0.3594912 0.7728639 0.4519765 0.7348878 0.3520092 0.7547098 0.3517088 0.7543507 0.4603854 0.7163748 0.360418 0.7348878 0.3520092 0.7345288 0.4606859 0.7019734 0.3759011 0.7163748 0.360418 0.7161691 0.4529035 0.6940866 0.3962025 0.7019734 0.3759011 0.7019198 0.4380159 0.5308116 0.9230882 0.5308117 0.9013233 0.5386015 0.8815078 0.5386543 0.9432763 0.5386015 0.8815078 0.5527715 0.8667032 0.5710288 0.8589642 0.5713852 0.9670353 0.5529755 0.9586734 0.5907404 0.8592631 0.5910967 0.9673343 0.5713852 0.9670353 0.6091502 0.8676251 0.6093543 0.9595954 0.5910967 0.9673343 0.6234713 0.8830221 0.6235241 0.9447907 0.6093543 0.9595954 0.631314 0.9032102 0.631314 0.9249752 0.6235241 0.9447907</float_array>
          <technique_common>
            <accessor source="#Cube_004-mesh-map-0-array" count="2514" stride="2">
              <param name="S" type="float"/>
              <param name="T" type="float"/>
            </accessor>
          </technique_common>
        </source>
        <vertices id="Cube_004-mesh-vertices">
          <input semantic="POSITION" source="#Cube_004-mesh-positions"/>
        </vertices>
        <triangles material="GP-5_LP-material" count="838">
          <input semantic="VERTEX" source="#Cube_004-mesh-vertices" offset="0"/>
          <input semantic="NORMAL" source="#Cube_004-mesh-normals" offset="1"/>
          <input semantic="TEXCOORD" source="#Cube_004-mesh-map-0" offset="2" set="0"/>
          <p>221 0 0 3 1 1 111 2 2 74 3 3 89 4 4 129 5 5 120 6 6 133 7 7 96 8 8 210 9 9 98 10 10 87 11 11 177 12 12 135 13 13 179 14 14 85 15 15 216 16 16 219 17 17 131 18 18 1 19 19 24 20 20 203 21 21 217 22 22 220 23 23 188 24 24 112 25 25 94 26 26 218 27 27 61 28 28 113 29 29 89 4 30 204 30 31 117 31 32 88 32 33 11 33 34 107 34 35 16 35 36 13 36 37 17 37 38 217 22 39 8 38 40 97 39 41 216 16 42 8 38 43 114 40 44 5 41 45 105 42 46 11 33 47 108 43 48 128 44 49 105 42 50 81 45 51 130 46 52 132 47 53 22 48 54 105 42 55 128 44 56 125 49 57 106 50 58 127 51 59 124 52 60 62 53 61 73 54 62 129 5 63 117 31 64 131 18 65 6 55 66 20 56 67 15 57 68 201 58 69 162 59 70 182 60 71 123 61 72 65 62 73 70 63 74 144 64 75 173 65 76 171 66 77 99 67 78 205 68 79 121 69 80 221 0 81 86 70 82 209 71 83 102 72 84 219 17 85 215 73 86 87 11 87 106 50 88 108 43 89 91 74 90 109 75 91 119 76 92 161 77 93 192 78 94 150 79 95 218 27 96 207 80 97 204 30 98 203 21 99 214 81 100 206 82 101 119 76 102 16 35 103 4 83 104 12 84 105 15 57 106 0 85 107 141 86 108 193 87 109 153 88 110 109 75 111 120 6 112 96 8 113 127 51 114 14 89 115 23 90 116 20 56 117 60 91 118 18 92 119 116 93 120 107 34 121 122 94 122 4 83 123 17 37 124 12 84 125 25 95 126 110 96 127 4 83 128 124 52 129 107 34 130 126 97 131 126 97 132 2 98 133 118 99 134 2 98 135 128 44 136 83 100 137 76 101 138 45 102 139 79 103 140 168 104 141 178 105 142 176 106 143 130 46 144 10 107 145 100 108 146 99 67 147 24 20 148 8 38 149 112 25 150 208 109 151 94 26 152 97 39 153 220 23 154 217 22 155 134 110 156 66 111 157 77 112 158 96 8 159 29 113 160 7 114 161 18 92 162 72 115 163 21 116 164 0 85 165 21 116 166 27 117 167 182 60 168 189 118 169 201 58 170 201 58 171 35 119 172 136 120 173 198 121 174 187 122 175 191 123 176 179 14 177 33 124 178 56 125 179 148 126 180 190 127 181 141 86 182 174 128 183 46 129 184 155 130 185 196 131 186 139 132 187 199 133 188 199 133 189 152 134 190 195 135 191 57 136 192 44 137 193 36 138 194 198 121 195 61 28 196 143 139 197 183 140 198 197 141 199 185 142 200 45 102 201 48 143 202 49 144 203 197 141 204 40 145 205 149 146 206 196 131 207 40 145 208 147 147 209 155 130 210 42 148 211 148 126 212 175 149 213 157 150 214 154 151 215 13 36 216 28 152 217 6 55 218 54 153 219 154 151 220 43 154 221 172 155 222 155 130 223 157 150 224 38 156 225 49 144 226 47 157 227 52 158 228 38 156 229 47 157 230 205 68 231 104 159 232 93 160 233 104 159 234 206 82 235 92 161 236 43 154 237 153 88 238 37 162 239 185 142 240 149 146 241 168 104 242 201 58 243 140 163 244 160 164 245 7 114 246 30 165 247 13 36 248 159 166 249 57 136 250 36 138 251 145 167 252 158 168 253 170 169 254 111 2 255 213 170 256 86 70 257 48 143 258 166 171 259 36 138 260 19 172 261 78 173 262 67 174 263 47 157 264 44 137 265 32 175 266 158 168 267 167 176 268 170 169 269 52 158 270 60 91 271 71 177 272 146 178 273 48 143 274 39 179 275 156 180 276 163 181 277 169 182 278 49 144 279 36 138 280 44 137 281 171 66 282 156 180 283 169 182 284 51 183 285 71 177 286 67 174 287 138 184 288 55 185 289 174 128 290 27 117 291 14 89 292 26 186 293 177 12 294 42 148 295 57 136 296 10 107 297 26 186 298 14 89 299 75 187 300 45 102 301 38 156 302 76 101 303 146 178 304 39 179 305 72 115 306 50 188 307 53 189 308 58 190 309 32 175 310 44 137 311 131 18 312 121 69 313 129 5 314 53 189 315 32 175 316 59 191 317 26 186 318 0 85 319 27 117 320 27 117 321 9 192 322 23 90 323 176 106 324 164 193 325 143 139 326 56 125 327 161 77 328 179 14 329 126 97 330 90 194 331 124 52 332 149 146 333 56 125 334 178 105 335 137 195 336 172 155 337 175 149 338 34 196 339 173 65 340 165 197 341 151 198 342 174 128 343 172 155 344 180 199 345 167 176 346 146 178 347 182 60 348 63 200 349 112 25 350 100 108 351 132 47 352 130 46 353 34 196 354 175 149 355 54 153 356 125 49 357 83 100 358 128 44 359 58 190 360 42 148 361 46 129 362 135 13 363 164 193 364 33 124 365 211 201 366 113 29 367 95 202 368 93 160 369 168 104 370 68 203 371 202 204 372 209 71 373 208 109 374 162 59 375 92 161 376 63 200 377 46 129 378 59 191 379 58 190 380 183 140 381 194 205 382 200 206 383 36 138 384 187 122 385 159 166 386 136 120 387 186 207 388 162 59 389 166 171 390 191 123 391 187 122 392 159 166 393 184 208 394 135 13 395 37 162 396 189 118 397 142 209 398 152 134 399 200 206 400 194 205 401 190 127 402 195 135 403 193 87 404 163 181 405 94 26 406 64 210 407 148 126 408 150 79 409 192 78 410 192 78 411 199 133 412 190 127 413 153 88 414 140 163 415 37 162 416 65 62 417 191 123 418 145 167 419 80 211 420 38 156 421 51 183 422 115 212 423 221 0 424 202 204 425 41 213 426 59 191 427 55 185 428 173 65 429 43 154 430 156 180 431 31 214 432 6 55 433 28 152 434 157 150 435 153 88 436 154 151 437 35 119 438 194 205 439 136 120 440 195 135 441 35 119 442 160 164 443 52 158 444 32 175 445 50 188 446 184 208 447 143 139 448 164 193 449 16 35 450 96 8 451 7 114 452 43 154 453 142 209 454 156 180 455 157 150 456 148 126 457 141 86 458 178 105 459 33 124 460 164 193 461 167 176 462 77 112 463 66 111 464 176 106 465 68 203 466 168 104 467 150 79 468 179 14 469 161 77 470 114 40 471 24 20 472 132 47 473 71 177 474 19 172 475 67 174 476 84 215 477 23 90 478 9 192 479 127 51 480 101 216 481 125 49 482 20 56 483 0 85 484 15 57 485 68 203 486 129 5 487 121 69 488 95 202 489 198 121 490 191 123 491 63 200 492 202 204 493 112 25 494 143 139 495 74 3 496 176 106 497 186 207 498 104 159 499 92 161 500 185 142 501 104 159 502 183 140 503 169 182 504 64 210 505 69 217 506 193 87 507 160 164 508 140 163 509 81 45 510 117 31 511 204 30 512 142 209 513 188 24 514 163 181 515 93 160 516 121 69 517 205 68 518 92 161 519 115 212 520 63 200 521 73 54 522 169 182 523 69 217 524 206 82 525 82 218 526 115 212 527 4 83 528 207 80 529 119 76 530 211 201 531 119 76 532 207 80 533 94 26 534 116 93 535 64 210 536 209 71 537 5 41 538 88 32 539 110 96 540 204 30 541 207 80 542 220 23 543 102 72 544 214 81 545 210 9 546 215 73 547 219 17 548 98 10 549 100 108 550 10 107 551 86 70 552 103 219 553 5 41 554 219 17 555 212 220 556 210 9 557 211 201 558 65 62 559 91 74 560 147 147 561 200 206 562 139 132 563 126 97 564 11 33 565 22 48 566 17 37 567 6 55 568 15 57 569 73 54 570 122 94 571 124 52 572 214 81 573 3 1 574 82 218 575 103 219 576 108 43 577 105 42 578 3 1 579 215 73 580 111 2 581 106 50 582 10 107 583 14 89 584 62 53 585 171 66 586 73 54 587 66 111 588 123 61 589 70 63 590 170 169 591 66 111 592 70 63 593 25 95 594 12 84 595 26 186 596 64 210 597 122 94 598 69 217 599 132 47 600 1 19 601 81 45 602 170 169 603 65 62 604 145 167 605 78 173 606 51 183 607 67 174 608 213 170 609 87 11 610 103 219 611 212 220 612 114 40 613 100 108 614 208 109 615 88 32 616 116 93 617 255 221 618 224 222 619 222 223 620 254 224 621 226 225 622 224 222 623 226 225 624 257 226 625 228 227 626 228 227 627 258 228 628 230 229 629 230 229 630 259 230 631 232 231 632 259 230 633 234 232 634 232 231 635 260 233 636 236 234 637 234 232 638 261 235 639 238 236 640 236 234 641 262 237 642 240 238 643 238 236 644 240 238 645 264 239 646 242 240 647 264 239 648 244 241 649 242 240 650 265 242 651 246 243 652 244 241 653 266 244 654 248 245 655 246 243 656 267 246 657 250 247 658 248 245 659 225 248 660 462 249 661 270 250 662 268 251 663 252 252 664 250 247 665 269 253 666 222 223 667 252 252 668 225 254 669 255 254 670 223 254 671 227 255 672 254 255 673 225 255 674 227 256 675 257 256 676 256 256 677 229 257 678 258 257 679 257 257 680 231 258 681 259 258 682 258 258 683 233 259 684 260 259 685 259 259 686 237 260 687 260 260 688 235 260 689 239 261 690 261 261 691 237 261 692 241 262 693 262 262 694 239 262 695 243 263 696 263 263 697 241 263 698 243 264 699 265 264 700 264 264 701 245 265 702 266 265 703 265 265 704 247 266 705 267 266 706 266 266 707 249 267 708 268 267 709 267 267 710 253 268 711 268 268 712 251 268 713 223 269 714 269 269 715 253 269 716 223 270 717 279 271 718 462 249 719 239 272 720 275 273 721 241 274 722 227 275 723 270 250 724 271 276 725 241 274 726 276 277 727 243 278 728 229 279 729 271 276 730 463 280 731 243 278 732 277 281 733 245 282 734 231 283 735 463 280 736 464 284 737 245 282 738 466 285 739 247 286 740 231 283 741 465 287 742 233 288 743 249 289 744 466 285 745 467 290 746 233 288 747 272 291 748 235 292 749 251 293 750 467 290 751 278 294 752 235 292 753 273 295 754 237 296 755 253 297 756 278 294 757 279 271 758 237 296 759 274 298 760 239 272 761 282 299 762 313 300 763 280 301 764 284 302 765 312 303 766 282 299 767 284 302 768 315 304 769 314 305 770 286 306 771 316 307 772 315 304 773 288 308 774 317 309 775 316 307 776 290 310 777 318 311 778 317 309 779 292 312 780 319 313 781 318 311 782 296 314 783 319 313 784 294 315 785 296 314 786 321 316 787 320 317 788 298 318 789 322 319 790 321 316 791 302 320 792 322 319 793 300 321 794 304 322 795 323 323 796 302 320 797 306 324 798 324 325 799 304 322 800 308 326 801 325 327 802 306 324 803 283 328 804 328 329 805 281 330 806 310 331 807 326 332 808 308 326 809 280 301 810 327 333 811 310 331 812 313 334 813 283 334 814 281 334 815 312 335 816 285 335 817 283 335 818 285 336 819 315 336 820 287 336 821 287 337 822 316 337 823 289 337 824 289 338 825 317 338 826 291 338 827 291 339 828 318 339 829 293 339 830 318 340 831 295 340 832 293 340 833 319 341 834 297 341 835 295 341 836 320 342 837 299 342 838 297 342 839 321 343 840 301 343 841 299 343 842 301 344 843 323 344 844 303 344 845 303 345 846 324 345 847 305 345 848 305 346 849 325 346 850 307 346 851 307 347 852 326 347 853 309 347 854 326 348 855 311 348 856 309 348 857 327 349 858 281 349 859 311 349 860 281 330 861 477 350 862 311 351 863 472 352 864 297 353 865 299 354 866 285 355 867 468 356 868 283 328 869 301 357 870 472 352 871 299 354 872 287 358 873 329 359 874 285 355 875 333 360 876 301 357 877 303 361 878 289 362 879 330 363 880 287 358 881 474 364 882 303 361 883 305 365 884 469 366 885 289 362 886 291 367 887 307 368 888 474 364 889 305 365 890 332 369 891 291 367 892 293 370 893 309 371 894 475 372 895 307 368 896 470 373 897 293 370 898 295 374 899 311 351 900 476 375 901 309 371 902 471 376 903 295 374 904 297 353 905 429 377 906 431 378 907 430 379 908 431 378 909 335 380 910 430 379 911 432 381 912 336 382 913 335 380 914 433 383 915 434 384 916 336 382 917 435 385 918 337 386 919 434 384 920 436 387 921 437 388 922 337 386 923 438 389 924 439 390 925 437 388 926 338 391 927 339 392 928 439 390 929 339 392 930 340 393 931 441 394 932 441 394 933 342 395 934 341 396 935 341 396 936 344 397 937 343 398 938 343 398 939 442 399 940 345 400 941 345 400 942 346 401 943 443 402 944 443 402 945 347 403 946 444 404 947 444 404 948 445 405 949 348 406 950 348 406 951 334 407 952 429 377 953 446 408 954 458 408 955 455 408 956 455 409 957 459 409 958 454 409 959 350 410 960 365 411 961 349 412 962 351 413 963 366 414 964 350 410 965 352 415 966 367 416 967 351 413 968 353 417 969 368 418 970 352 415 971 370 419 972 353 417 973 354 420 974 371 421 975 354 420 976 355 422 977 372 423 978 355 422 979 356 424 980 373 425 981 356 424 982 357 426 983 374 427 984 357 426 985 358 428 986 375 429 987 358 428 988 359 430 989 376 431 990 359 430 991 360 432 992 377 433 993 360 432 994 361 434 995 362 435 996 377 433 997 361 434 998 363 436 999 378 437 1000 362 435 1001 372 438 1002 374 438 1003 371 438 1004 364 439 1005 379 440 1006 363 436 1007 369 441 1008 377 441 1009 368 441 1010 377 442 1011 367 442 1012 368 442 1013 378 443 1014 366 443 1015 367 443 1016 379 444 1017 365 444 1018 366 444 1019 349 412 1020 380 445 1021 364 439 1022 350 446 1023 364 446 1024 363 446 1025 351 447 1026 363 447 1027 362 447 1028 352 448 1029 362 448 1030 361 448 1031 353 449 1032 361 449 1033 360 449 1034 353 450 1035 359 450 1036 354 450 1037 354 451 1038 358 451 1039 355 451 1040 393 452 1041 410 453 1042 394 454 1043 402 455 1044 387 456 1045 386 457 1046 388 458 1047 403 459 1048 404 460 1049 396 461 1050 397 462 1051 381 463 1052 394 454 1053 411 464 1054 395 465 1055 382 466 1056 397 462 1057 398 467 1058 389 468 1059 404 460 1060 405 469 1061 395 465 1062 412 470 1063 396 461 1064 383 471 1065 398 467 1066 399 472 1067 389 468 1068 406 473 1069 390 474 1070 384 475 1071 399 472 1072 400 476 1073 390 474 1074 407 477 1075 391 478 1076 385 479 1077 400 476 1078 401 480 1079 391 478 1080 408 481 1081 392 482 1082 386 457 1083 401 480 1084 402 455 1085 392 482 1086 409 483 1087 393 452 1088 374 484 1089 370 484 1090 371 484 1091 370 485 1092 376 485 1093 369 485 1094 356 486 1095 358 486 1096 357 486 1097 401 480 1098 416 487 1099 417 488 1100 408 481 1101 425 489 1102 409 483 1103 401 480 1104 418 490 1105 402 455 1106 410 453 1107 425 489 1108 426 491 1109 402 455 1110 419 492 1111 403 459 1112 411 464 1113 426 491 1114 427 493 1115 403 459 1116 420 494 1117 404 460 1118 412 470 1119 427 493 1120 428 495 1121 404 460 1122 421 496 1123 405 469 1124 398 467 1125 413 497 1126 414 498 1127 397 462 1128 428 495 1129 413 497 1130 405 469 1131 422 499 1132 406 473 1133 399 472 1134 414 498 1135 415 500 1136 406 473 1137 423 501 1138 407 477 1139 400 476 1140 415 500 1141 416 487 1142 407 477 1143 424 502 1144 408 481 1145 336 503 1146 337 503 1147 437 503 1148 336 504 1149 439 504 1150 335 504 1151 335 505 1152 339 505 1153 430 505 1154 430 506 1155 441 506 1156 429 506 1157 441 507 1158 348 507 1159 429 507 1160 341 508 1161 444 508 1162 348 508 1163 345 509 1164 444 509 1165 343 509 1166 456 510 1167 446 511 1168 455 512 1169 459 513 1170 457 514 1171 454 515 1172 448 516 1173 450 517 1174 447 518 1175 452 519 1176 458 520 1177 451 521 1178 446 511 1179 448 516 1180 447 518 1181 451 521 1182 453 522 1183 452 519 1184 459 513 1185 461 523 1186 460 524 1187 455 512 1188 457 514 1189 456 510 1190 446 525 1191 450 525 1192 451 525 1193 435 385 1194 438 389 1195 436 387 1196 435 385 1197 440 526 1198 338 391 1199 432 381 1200 440 526 1201 433 383 1202 432 381 1203 342 395 1204 340 393 1205 431 378 1206 344 397 1207 342 395 1208 442 399 1209 334 407 1210 445 405 1211 442 399 1212 347 403 1213 346 401 1214 271 527 1215 464 527 1216 463 527 1217 270 528 1218 465 528 1219 464 528 1220 272 529 1221 462 529 1222 279 529 1223 273 530 1224 279 530 1225 278 530 1226 274 531 1227 278 531 1228 467 531 1229 275 532 1230 467 532 1231 466 532 1232 276 533 1233 466 533 1234 277 533 1235 329 534 1236 331 534 1237 468 534 1238 468 535 1239 469 535 1240 328 535 1241 332 536 1242 328 536 1243 469 536 1244 470 537 1245 477 537 1246 332 537 1247 471 538 1248 476 538 1249 470 538 1250 472 539 1251 475 539 1252 471 539 1253 473 540 1254 474 540 1255 472 540 1256 221 0 1257 82 218 1258 3 1 1259 74 3 1260 61 28 1261 89 4 1262 120 6 1263 134 110 1264 133 7 1265 210 9 1266 212 220 1267 98 10 1268 177 12 1269 159 166 1270 135 13 1271 85 15 1272 97 39 1273 216 16 1274 131 18 1275 117 31 1276 1 19 1277 203 21 1278 205 68 1279 217 22 1280 188 24 1281 182 60 1282 112 25 1283 218 27 1284 89 4 1285 61 28 1286 89 4 1287 218 27 1288 204 30 1289 88 32 1290 5 41 1291 11 33 1292 16 35 1293 7 114 1294 13 36 1295 217 22 1296 99 67 1297 8 38 1298 216 16 1299 97 39 1300 8 38 1301 5 41 1302 103 219 1303 105 42 1304 108 43 1305 125 49 1306 128 44 1307 81 45 1308 110 96 1309 130 46 1310 22 48 1311 11 33 1312 105 42 1313 125 49 1314 108 43 1315 106 50 1316 124 52 1317 90 194 1318 62 53 1319 129 5 1320 89 4 1321 117 31 1322 6 55 1323 19 172 1324 20 56 1325 201 58 1326 136 120 1327 162 59 1328 123 61 1329 91 74 1330 65 62 1331 144 64 1332 165 197 1333 173 65 1334 99 67 1335 217 22 1336 205 68 1337 221 0 1338 111 2 1339 86 70 1340 102 72 1341 85 15 1342 219 17 1343 87 11 1344 98 10 1345 106 50 1346 91 74 1347 123 61 1348 109 75 1349 161 77 1350 196 131 1351 192 78 1352 218 27 1353 211 201 1354 207 80 1355 203 21 1356 220 23 1357 214 81 1358 119 76 1359 109 75 1360 16 35 1361 12 84 1362 17 37 1363 15 57 1364 141 86 1365 190 127 1366 193 87 1367 109 75 1368 123 61 1369 120 6 1370 127 51 1371 106 50 1372 14 89 1373 20 56 1374 71 177 1375 60 91 1376 116 93 1377 88 32 1378 107 34 1379 4 83 1380 16 35 1381 17 37 1382 25 95 1383 130 46 1384 110 96 1385 124 52 1386 122 94 1387 107 34 1388 126 97 1389 22 48 1390 2 98 1391 2 98 1392 22 48 1393 128 44 1394 76 101 1395 39 179 1396 45 102 1397 168 104 1398 149 146 1399 178 105 1400 130 46 1401 25 95 1402 10 107 1403 99 67 1404 131 18 1405 24 20 1406 112 25 1407 202 204 1408 208 109 1409 97 39 1410 85 15 1411 220 23 1412 134 110 1413 120 6 1414 66 111 1415 96 8 1416 133 7 1417 29 113 1418 18 92 1419 60 91 1420 72 115 1421 0 85 1422 18 92 1423 21 116 1424 182 60 1425 188 24 1426 189 118 1427 201 58 1428 160 164 1429 35 119 1430 198 121 1431 184 208 1432 187 122 1433 179 14 1434 135 13 1435 33 124 1436 148 126 1437 192 78 1438 190 127 1439 174 128 1440 55 185 1441 46 129 1442 196 131 1443 147 147 1444 139 132 1445 199 133 1446 139 132 1447 152 134 1448 57 136 1449 58 190 1450 44 137 1451 198 121 1452 113 29 1453 61 28 1454 183 140 1455 200 206 1456 197 141 1457 45 102 1458 39 179 1459 48 143 1460 197 141 1461 147 147 1462 40 145 1463 196 131 1464 161 77 1465 40 145 1466 155 130 1467 46 129 1468 42 148 1469 175 149 1470 172 155 1471 157 150 1472 13 36 1473 30 165 1474 28 152 1475 54 153 1476 175 149 1477 154 151 1478 172 155 1479 174 128 1480 155 130 1481 38 156 1482 45 102 1483 49 144 1484 52 158 1485 51 183 1486 38 156 1487 205 68 1488 203 21 1489 104 159 1490 104 159 1491 203 21 1492 206 82 1493 43 154 1494 154 151 1495 153 88 1496 185 142 1497 197 141 1498 149 146 1499 201 58 1500 189 118 1501 140 163 1502 7 114 1503 29 113 1504 30 165 1505 159 166 1506 177 12 1507 57 136 1508 145 167 1509 166 171 1510 158 168 1511 111 2 1512 215 73 1513 213 170 1514 48 143 1515 158 168 1516 166 171 1517 19 172 1518 31 214 1519 78 173 1520 47 157 1521 49 144 1522 44 137 1523 158 168 1524 146 178 1525 167 176 1526 52 158 1527 50 188 1528 60 91 1529 146 178 1530 158 168 1531 48 143 1532 156 180 1533 142 209 1534 163 181 1535 49 144 1536 48 143 1537 36 138 1538 171 66 1539 173 65 1540 156 180 1541 51 183 1542 52 158 1543 71 177 1544 138 184 1545 41 213 1546 55 185 1547 27 117 1548 23 90 1549 14 89 1550 177 12 1551 150 79 1552 42 148 1553 10 107 1554 25 95 1555 26 186 1556 75 187 1557 79 103 1558 45 102 1559 76 101 1560 180 199 1561 146 178 1562 72 115 1563 60 91 1564 50 188 1565 58 190 1566 59 191 1567 32 175 1568 131 18 1569 99 67 1570 121 69 1571 53 189 1572 50 188 1573 32 175 1574 26 186 1575 12 84 1576 0 85 1577 27 117 1578 21 116 1579 9 192 1580 176 106 1581 178 105 1582 164 193 1583 56 125 1584 40 145 1585 161 77 1586 126 97 1587 118 99 1588 90 194 1589 149 146 1590 40 145 1591 56 125 1592 137 195 1593 151 198 1594 172 155 1595 34 196 1596 54 153 1597 173 65 1598 151 198 1599 138 184 1600 174 128 1601 180 199 1602 181 541 1603 167 176 1604 182 60 1605 162 59 1606 63 200 1607 100 108 1608 114 40 1609 132 47 1610 34 196 1611 137 195 1612 175 149 1613 125 49 1614 101 216 1615 83 100 1616 58 190 1617 57 136 1618 42 148 1619 135 13 1620 184 208 1621 164 193 1622 211 201 1623 218 27 1624 113 29 1625 93 160 1626 185 142 1627 168 104 1628 202 204 1629 221 0 1630 209 71 1631 162 59 1632 186 207 1633 92 161 1634 46 129 1635 55 185 1636 59 191 1637 183 140 1638 186 207 1639 194 205 1640 36 138 1641 166 171 1642 187 122 1643 136 120 1644 194 205 1645 186 207 1646 166 171 1647 145 167 1648 191 123 1649 159 166 1650 187 122 1651 184 208 1652 37 162 1653 140 163 1654 189 118 1655 152 134 1656 139 132 1657 200 206 1658 190 127 1659 199 133 1660 195 135 1661 163 181 1662 188 24 1663 94 26 1664 148 126 1665 42 148 1666 150 79 1667 192 78 1668 196 131 1669 199 133 1670 153 88 1671 193 87 1672 140 163 1673 65 62 1674 95 202 1675 191 123 1676 80 211 1677 75 187 1678 38 156 1679 115 212 1680 82 218 1681 221 0 1682 41 213 1683 53 189 1684 59 191 1685 173 65 1686 54 153 1687 43 154 1688 31 214 1689 19 172 1690 6 55 1691 157 150 1692 141 86 1693 153 88 1694 35 119 1695 152 134 1696 194 205 1697 195 135 1698 152 134 1699 35 119 1700 52 158 1701 47 157 1702 32 175 1703 184 208 1704 198 121 1705 143 139 1706 16 35 1707 109 75 1708 96 8 1709 43 154 1710 37 162 1711 142 209 1712 157 150 1713 155 130 1714 148 126 1715 178 105 1716 56 125 1717 33 124 1718 167 176 1719 181 541 1720 77 112 1721 176 106 1722 74 3 1723 68 203 1724 150 79 1725 177 12 1726 179 14 1727 114 40 1728 8 38 1729 24 20 1730 71 177 1731 20 56 1732 19 172 1733 84 215 1734 127 51 1735 23 90 1736 127 51 1737 84 215 1738 101 216 1739 20 56 1740 18 92 1741 0 85 1742 68 203 1743 74 3 1744 129 5 1745 95 202 1746 113 29 1747 198 121 1748 63 200 1749 115 212 1750 202 204 1751 143 139 1752 61 28 1753 74 3 1754 186 207 1755 183 140 1756 104 159 1757 185 142 1758 93 160 1759 104 159 1760 169 182 1761 163 181 1762 64 210 1763 193 87 1764 195 135 1765 160 164 1766 81 45 1767 1 19 1768 117 31 1769 142 209 1770 189 118 1771 188 24 1772 93 160 1773 68 203 1774 121 69 1775 92 161 1776 206 82 1777 115 212 1778 73 54 1779 171 66 1780 169 182 1781 206 82 1782 214 81 1783 82 218 1784 4 83 1785 110 96 1786 207 80 1787 211 201 1788 91 74 1789 119 76 1790 94 26 1791 208 109 1792 116 93 1793 209 71 1794 86 70 1795 5 41 1796 110 96 1797 81 45 1798 204 30 1799 220 23 1800 85 15 1801 102 72 1802 210 9 1803 213 170 1804 215 73 1805 98 10 1806 212 220 1807 100 108 1808 86 70 1809 213 170 1810 103 219 1811 219 17 1812 216 16 1813 212 220 1814 211 201 1815 95 202 1816 65 62 1817 147 147 1818 197 141 1819 200 206 1820 126 97 1821 107 34 1822 11 33 1823 17 37 1824 13 36 1825 6 55 1826 73 54 1827 69 217 1828 122 94 1829 214 81 1830 102 72 1831 3 1 1832 103 219 1833 87 11 1834 108 43 1835 3 1 1836 102 72 1837 215 73 1838 106 50 1839 98 10 1840 10 107 1841 62 53 1842 144 64 1843 171 66 1844 66 111 1845 120 6 1846 123 61 1847 170 169 1848 167 176 1849 66 111 1850 25 95 1851 4 83 1852 12 84 1853 64 210 1854 116 93 1855 122 94 1856 132 47 1857 24 20 1858 1 19 1859 170 169 1860 70 63 1861 65 62 1862 78 173 1863 80 211 1864 51 183 1865 213 170 1866 210 9 1867 87 11 1868 212 220 1869 216 16 1870 114 40 1871 208 109 1872 209 71 1873 88 32 1874 255 221 1875 254 224 1876 224 222 1877 254 224 1878 256 542 1879 226 225 1880 226 225 1881 256 542 1882 257 226 1883 228 227 1884 257 226 1885 258 228 1886 230 229 1887 258 228 1888 259 230 1889 259 230 1890 260 233 1891 234 232 1892 260 233 1893 261 235 1894 236 234 1895 261 235 1896 262 237 1897 238 236 1898 262 237 1899 263 543 1900 240 238 1901 240 238 1902 263 543 1903 264 239 1904 264 239 1905 265 242 1906 244 241 1907 265 242 1908 266 244 1909 246 243 1910 266 244 1911 267 246 1912 248 245 1913 267 246 1914 268 251 1915 250 247 1916 225 248 1917 223 270 1918 462 249 1919 268 251 1920 269 253 1921 252 252 1922 269 253 1923 255 221 1924 222 223 1925 225 544 1926 254 544 1927 255 544 1928 227 545 1929 256 545 1930 254 545 1931 227 546 1932 229 546 1933 257 546 1934 229 547 1935 231 547 1936 258 547 1937 231 548 1938 233 548 1939 259 548 1940 233 549 1941 235 549 1942 260 549 1943 237 550 1944 261 550 1945 260 550 1946 239 551 1947 262 551 1948 261 551 1949 241 552 1950 263 552 1951 262 552 1952 243 553 1953 264 553 1954 263 553 1955 243 554 1956 245 554 1957 265 554 1958 245 555 1959 247 555 1960 266 555 1961 247 556 1962 249 556 1963 267 556 1964 249 557 1965 251 557 1966 268 557 1967 253 558 1968 269 558 1969 268 558 1970 223 559 1971 255 559 1972 269 559 1973 223 270 1974 253 297 1975 279 271 1976 239 272 1977 274 298 1978 275 273 1979 227 275 1980 225 248 1981 270 250 1982 241 274 1983 275 273 1984 276 277 1985 229 279 1986 227 275 1987 271 276 1988 243 278 1989 276 277 1990 277 281 1991 231 283 1992 229 279 1993 463 280 1994 245 282 1995 277 281 1996 466 285 1997 231 283 1998 464 284 1999 465 287 2000 249 289 2001 247 286 2002 466 285 2003 233 288 2004 465 287 2005 272 291 2006 251 293 2007 249 289 2008 467 290 2009 235 292 2010 272 291 2011 273 295 2012 253 297 2013 251 293 2014 278 294 2015 237 296 2016 273 295 2017 274 298 2018 282 299 2019 312 303 2020 313 300 2021 284 302 2022 314 305 2023 312 303 2024 284 302 2025 286 306 2026 315 304 2027 286 306 2028 288 308 2029 316 307 2030 288 308 2031 290 310 2032 317 309 2033 290 310 2034 292 312 2035 318 311 2036 292 312 2037 294 315 2038 319 313 2039 296 314 2040 320 317 2041 319 313 2042 296 314 2043 298 318 2044 321 316 2045 298 318 2046 300 321 2047 322 319 2048 302 320 2049 323 323 2050 322 319 2051 304 322 2052 324 325 2053 323 323 2054 306 324 2055 325 327 2056 324 325 2057 308 326 2058 326 332 2059 325 327 2060 283 328 2061 468 356 2062 328 329 2063 310 331 2064 327 333 2065 326 332 2066 280 301 2067 313 300 2068 327 333 2069 313 560 2070 312 560 2071 283 560 2072 312 561 2073 314 561 2074 285 561 2075 285 562 2076 314 562 2077 315 562 2078 287 563 2079 315 563 2080 316 563 2081 289 564 2082 316 564 2083 317 564 2084 291 565 2085 317 565 2086 318 565 2087 318 566 2088 319 566 2089 295 566 2090 319 567 2091 320 567 2092 297 567 2093 320 568 2094 321 568 2095 299 568 2096 321 569 2097 322 569 2098 301 569 2099 301 570 2100 322 570 2101 323 570 2102 303 571 2103 323 571 2104 324 571 2105 305 572 2106 324 572 2107 325 572 2108 307 573 2109 325 573 2110 326 573 2111 326 574 2112 327 574 2113 311 574 2114 327 575 2115 313 575 2116 281 575 2117 281 330 2118 328 329 2119 477 350 2120 472 352 2121 471 376 2122 297 353 2123 285 355 2124 329 359 2125 468 356 2126 301 357 2127 473 576 2128 472 352 2129 287 358 2130 330 363 2131 329 359 2132 333 360 2133 473 576 2134 301 357 2135 289 362 2136 331 577 2137 330 363 2138 474 364 2139 333 360 2140 303 361 2141 469 366 2142 331 577 2143 289 362 2144 307 368 2145 475 372 2146 474 364 2147 332 369 2148 469 366 2149 291 367 2150 309 371 2151 476 375 2152 475 372 2153 470 373 2154 332 369 2155 293 370 2156 311 351 2157 477 350 2158 476 375 2159 471 376 2160 470 373 2161 295 374 2162 429 377 2163 334 407 2164 431 378 2165 431 378 2166 432 381 2167 335 380 2168 432 381 2169 433 383 2170 336 382 2171 433 383 2172 435 385 2173 434 384 2174 435 385 2175 436 387 2176 337 386 2177 436 387 2178 438 389 2179 437 388 2180 438 389 2181 338 391 2182 439 390 2183 338 391 2184 440 526 2185 339 392 2186 339 392 2187 440 526 2188 340 393 2189 441 394 2190 340 393 2191 342 395 2192 341 396 2193 342 395 2194 344 397 2195 343 398 2196 344 397 2197 442 399 2198 345 400 2199 442 399 2200 346 401 2201 443 402 2202 346 401 2203 347 403 2204 444 404 2205 347 403 2206 445 405 2207 348 406 2208 445 405 2209 334 407 2210 446 408 2211 451 408 2212 458 408 2213 455 578 2214 458 578 2215 459 578 2216 350 410 2217 366 414 2218 365 411 2219 351 413 2220 367 416 2221 366 414 2222 352 415 2223 368 418 2224 367 416 2225 353 417 2226 369 579 2227 368 418 2228 370 419 2229 369 579 2230 353 417 2231 371 421 2232 370 419 2233 354 420 2234 372 423 2235 371 421 2236 355 422 2237 373 425 2238 372 423 2239 356 424 2240 374 427 2241 373 425 2242 357 426 2243 375 429 2244 374 427 2245 358 428 2246 376 431 2247 375 429 2248 359 430 2249 377 433 2250 376 431 2251 360 432 2252 362 435 2253 378 437 2254 377 433 2255 363 436 2256 379 440 2257 378 437 2258 372 580 2259 373 580 2260 374 580 2261 364 439 2262 380 445 2263 379 440 2264 369 581 2265 376 581 2266 377 581 2267 377 582 2268 378 582 2269 367 582 2270 378 583 2271 379 583 2272 366 583 2273 379 584 2274 380 584 2275 365 584 2276 349 412 2277 365 411 2278 380 445 2279 350 585 2280 349 585 2281 364 585 2282 351 586 2283 350 586 2284 363 586 2285 352 587 2286 351 587 2287 362 587 2288 353 588 2289 352 588 2290 361 588 2291 353 589 2292 360 589 2293 359 589 2294 354 590 2295 359 590 2296 358 590 2297 393 452 2298 409 483 2299 410 453 2300 402 455 2301 403 459 2302 387 456 2303 388 458 2304 387 456 2305 403 459 2306 396 461 2307 412 470 2308 397 462 2309 394 454 2310 410 453 2311 411 464 2312 382 466 2313 381 463 2314 397 462 2315 389 468 2316 388 458 2317 404 460 2318 395 465 2319 411 464 2320 412 470 2321 383 471 2322 382 466 2323 398 467 2324 389 468 2325 405 469 2326 406 473 2327 384 475 2328 383 471 2329 399 472 2330 390 474 2331 406 473 2332 407 477 2333 385 479 2334 384 475 2335 400 476 2336 391 478 2337 407 477 2338 408 481 2339 386 457 2340 385 479 2341 401 480 2342 392 482 2343 408 481 2344 409 483 2345 374 591 2346 375 591 2347 370 591 2348 370 592 2349 375 592 2350 376 592 2351 356 593 2352 355 593 2353 358 593 2354 401 480 2355 400 476 2356 416 487 2357 408 481 2358 424 502 2359 425 489 2360 401 480 2361 417 488 2362 418 490 2363 410 453 2364 409 483 2365 425 489 2366 402 455 2367 418 490 2368 419 492 2369 411 464 2370 410 453 2371 426 491 2372 403 459 2373 419 492 2374 420 494 2375 412 470 2376 411 464 2377 427 493 2378 404 460 2379 420 494 2380 421 496 2381 398 467 2382 397 462 2383 413 497 2384 397 462 2385 412 470 2386 428 495 2387 405 469 2388 421 496 2389 422 499 2390 399 472 2391 398 467 2392 414 498 2393 406 473 2394 422 499 2395 423 501 2396 400 476 2397 399 472 2398 415 500 2399 407 477 2400 423 501 2401 424 502 2402 336 594 2403 434 594 2404 337 594 2405 336 595 2406 437 595 2407 439 595 2408 335 596 2409 439 596 2410 339 596 2411 430 597 2412 339 597 2413 441 597 2414 441 598 2415 341 598 2416 348 598 2417 341 599 2418 343 599 2419 444 599 2420 345 600 2421 443 600 2422 444 600 2423 456 510 2424 449 601 2425 446 511 2426 459 513 2427 460 524 2428 457 514 2429 448 516 2430 453 522 2431 450 517 2432 452 519 2433 461 523 2434 458 520 2435 446 511 2436 449 601 2437 448 516 2438 451 521 2439 450 517 2440 453 522 2441 459 513 2442 458 520 2443 461 523 2444 455 512 2445 454 515 2446 457 514 2447 446 602 2448 447 602 2449 450 602 2450 435 385 2451 338 391 2452 438 389 2453 435 385 2454 433 383 2455 440 526 2456 432 381 2457 340 393 2458 440 526 2459 432 381 2460 431 378 2461 342 395 2462 431 378 2463 334 407 2464 344 397 2465 442 399 2466 344 397 2467 334 407 2468 442 399 2469 445 405 2470 347 403 2471 271 603 2472 270 603 2473 464 603 2474 270 604 2475 462 604 2476 465 604 2477 272 605 2478 465 605 2479 462 605 2480 273 606 2481 272 606 2482 279 606 2483 274 607 2484 273 607 2485 278 607 2486 275 608 2487 274 608 2488 467 608 2489 276 609 2490 275 609 2491 466 609 2492 329 610 2493 330 610 2494 331 610 2495 468 611 2496 331 611 2497 469 611 2498 332 612 2499 477 612 2500 328 612 2501 470 613 2502 476 613 2503 477 613 2504 471 614 2505 475 614 2506 476 614 2507 472 615 2508 474 615 2509 475 615 2510 473 616 2511 333 616 2512 474 616 2513</p>
        </triangles>
      </mesh>
    </geometry>
    <geometry id="Cube_021-mesh" name="Cube.021">
      <mesh>
        <source id="Cube_021-mesh-positions">
          <float_array id="Cube_021-mesh-positions-array" count="1134">0.1320556 0.1319375 -0.08775341 -0.1248205 0.120391 -0.09885078 0.107048 -0.1654044 -0.06820982 -0.1309882 -0.1656781 -0.08574265 0.137125 -0.03651356 -0.08701634 -0.1843383 -0.04924863 -0.1058298 -0.01149404 0.1907991 -0.08318364 -0.01260852 -0.1946652 -0.07855051 -0.02015411 -0.04995596 -0.09053313 -0.1718242 0.01913857 -0.1135792 0.1718764 0.03126227 -0.08209264 -0.02044004 0.03744536 -0.1129964 0.1121217 -0.1276001 -0.0749523 -0.1580446 -0.1337574 -0.09599322 -0.01390385 -0.1477914 -0.0877723 0.04602122 -0.1825592 -0.06683313 0.04778957 -0.04397755 -0.07097584 0.07139658 0.1578781 -0.1001067 0.0635913 0.04633748 -0.09113025 0.04457277 -0.1436526 -0.07356446 0.1435931 0.1916914 -0.0929495 0.05216723 0.256491 -0.09445315 0.09610599 0.2218742 -0.1110242 0.1637142 0.2553051 -0.08773177 0.1107185 0.3145431 -0.0976758 0.1342364 0.2857631 -0.1085535 -0.07314866 0.1302791 -0.07815098 -0.07362818 -0.1878831 -0.08534175 -0.1015055 -0.05385333 -0.1106939 -0.0956158 0.02373242 -0.1141244 -0.0834462 -0.1454194 -0.09852814 0.2014548 0.1333504 -0.05456453 -0.1475758 -0.1830239 -0.05704981 -0.2319834 -0.0369383 -0.07272613 -0.004620015 -0.2233669 -0.0466488 -0.13424 0.1530357 -0.07382422 0.1079165 -0.1917219 -0.05488574 -0.01060599 0.2346439 -0.0642265 -0.2110191 0.05007928 -0.08180195 -0.1889705 -0.1415506 -0.05798071 0.04788452 -0.211545 -0.04566645 0.167921 0.1822102 -0.05968964 0.02914065 0.2913597 -0.05786418 0.09838014 0.329943 -0.07174736 0.1687263 0.2424113 -0.06466704 -0.1006035 0.1823747 -0.07576012 -0.06971383 -0.2120052 -0.04976445 0.2130869 0.08501541 -0.05724108 0.08594113 -0.1678345 -0.06529152 0.0893777 -0.03787195 -0.0837897 0.1121609 0.03928387 -0.09334301 0.08342862 -0.1319988 -0.07360088 0.08920818 -0.1999552 -0.04618144 -0.1504215 0.0751962 -0.1078414 -0.03037059 0.1100361 -0.1121125 0.06610435 0.09667581 -0.1008748 -0.09009343 0.08543658 -0.1130211 -0.1864645 0.09843623 -0.08219659 0.1235399 0.08978879 -0.09979814 0.1320556 0.151091 0.01461154 -0.1235337 0.1417772 0.003466308 0.107048 -0.1474078 -0.03562277 -0.1309763 -0.1396889 0.01446062 0.1369623 -0.01179194 -0.02501749 -0.1843357 -0.01632386 0.03154414 -0.01317727 0.2128483 0.002001702 -0.008890986 -0.173399 0.02092164 -0.01909303 -0.01607894 0.01755613 -0.1713632 0.05154937 0.02405351 0.1718683 0.05293899 -0.02368521 -0.02016395 0.0756579 0.03115898 0.1113232 -0.1065053 -0.03777658 -0.1580381 -0.1038672 0.02767848 -0.01258671 -0.119746 0.02019548 0.04602122 -0.1625633 -0.009784877 0.04777991 -0.01823532 -0.003396809 0.07141488 0.1811875 0.02368432 0.06292784 0.07454049 0.00359106 0.04461425 -0.1196807 -0.01229184 0.1420586 0.2106492 0.02905851 0.05643039 0.2760533 0.01340514 0.101013 0.2506024 0.03389763 0.1621796 0.2710344 0.02289772 0.1114922 0.3287826 0.01625692 0.1342364 0.3040047 0.03338766 -0.077964 0.1632786 0.004763662 -0.07362538 -0.1606118 0.02159035 -0.0968796 -0.01482856 0.03683388 -0.09382629 0.06284302 0.02980345 -0.08344495 -0.1126577 0.02977269 0.2014549 0.1427301 -8.49484e-4 -0.1475669 -0.1703242 -0.008937299 -0.2319833 -0.01869833 0.004959762 -0.004619956 -0.2119699 -0.002562761 -0.1343539 0.1627528 -0.02151632 0.1079165 -0.1809288 -0.02765679 -0.01154905 0.2443439 -0.01801669 -0.2109745 0.06759899 -0.006689727 -0.1889618 -0.127025 -2.1047e-4 0.04788452 -0.200575 -0.01059466 0.167921 0.1925335 0.01255834 0.03377723 0.3003865 -0.02274268 0.09838014 0.3376631 -0.01112961 0.1687263 0.2513905 0.004495084 -0.1025331 0.1968542 -0.01459044 -0.0697124 -0.2005487 -0.007120847 0.2130869 0.09677052 -0.01759016 0.08594113 -0.1488382 -0.03012067 0.08939051 -0.01264512 -0.0171085 0.1134799 0.06356519 -0.01617389 0.08385396 -0.1094366 -0.02979725 0.08920818 -0.1890736 -0.02417796 -0.1479471 0.1015219 0.008288323 -0.03058683 0.1418427 0.0247035 0.06552094 0.1265333 0.0230987 -0.09018546 0.1196079 0.02242457 -0.1862261 0.1139618 -0.01533275 0.1297947 0.1084507 0.002334415 0.2219977 0.1641734 -0.0223751 -0.141215 0.1715211 -0.04659807 0.1131596 -0.2036886 -0.03464001 -0.1426945 -0.1833941 -0.03217953 -0.2440798 -0.02848249 -0.03156965 5.3925e-4 -0.229462 -0.02307581 -0.01480692 0.2495444 -0.04016119 -0.221453 0.07873737 -0.04504096 -0.1893922 -0.1374732 -0.02789306 0.05623102 -0.2239582 -0.02382278 0.02925896 0.2950565 -0.04007518 0.1902714 0.1911595 -0.01983666 0.09252923 0.3379718 -0.04187154 0.1685915 0.2403743 -0.02913236 -0.06189769 -0.2156662 -0.02725249 -0.1125475 0.2028299 -0.04557579 0.2370036 0.1276035 -0.02549368 0.09443277 -0.2098413 -0.02980965 -0.1944739 0.1213455 -0.04944276 0.1504823 -0.007335662 -0.08704817 -0.1777904 -0.09078478 -0.1026607 -0.0167942 -0.09502708 -0.09149342 -0.2409315 0.0219317 -0.03820919 -0.1813 -0.02265268 -0.1112368 -0.01903331 -0.0136547 -0.09989404 0.1222166 -0.07999879 -0.08133494 -0.2281771 -0.08144199 -0.02632009 0.05562847 -0.003084659 -0.07982432 0.04570925 -0.09208971 -0.07495963 -0.09959036 -0.02108049 -0.1117036 -0.09379649 -0.09670907 -0.1077581 -0.228542 0.003101885 -0.07873886 -0.2211973 -0.08834439 -0.06328374 0.08535659 -0.08393073 -0.08056128 0.09975671 -0.003598809 -0.08829361 0.1504594 0.01710766 -0.02527427 -0.1777732 -0.05823111 0.03481858 -0.01612007 -0.06259393 0.01999044 -0.1812774 0.01100206 0.02999645 -0.01822888 0.0232954 0.02419507 0.1198275 -0.0567311 -0.03417742 0.05561757 0.02429187 -0.002605855 0.04556745 -0.06616193 -0.007358908 -0.096071 0.01897555 0.03461635 -0.09186494 -0.05961006 0.0360822 -0.228542 0.02151447 6.66728e-4 -0.2211971 -0.07153797 0.006539523 0.08554458 -0.05940765 -0.02315557 0.09973973 0.02241522 -0.01678091 0.09887701 0.3469732 -0.05853515 0.1052592 0.3369147 -0.08199882 0.1169313 0.3216702 -0.09996455 0.1324624 0.3031104 -0.1102153 0.1499871 0.2834817 -0.1113844 0.1671978 0.265373 -0.1032817 0.1820333 0.2509321 -0.08704668 0.1933336 0.2417728 -0.06010907 0.1976114 0.2405214 -0.03237074 0.1937729 0.2483063 -0.004520952 0.1831975 0.2630158 0.01886057 0.1687207 0.2807385 0.03176176 0.1516065 0.3002984 0.03599816 0.1340517 0.3191516 0.0307635 0.1182296 0.3349956 0.01695257 0.1061106 0.3458598 -0.003691256 0.09925031 0.3503271 -0.02869802 0.08478873 0.3185 -0.07967275 0.07840651 0.3285586 -0.05620908 0.09646075 0.3032555 -0.09763848 0.1119919 0.2846957 -0.1078892 0.1295166 0.2650669 -0.1090583 0.1467274 0.2469583 -0.1009556 0.1615628 0.2325174 -0.08472061 0.1728631 0.2233581 -0.057783 0.1771409 0.2221066 -0.03004461 0.1733024 0.2298915 -0.002194881 0.162727 0.244601 0.0211867 0.1482502 0.2623237 0.03408789 0.131136 0.2818837 0.03832423 0.1135812 0.3007369 0.03308957 0.09775906 0.3165809 0.01927864 0.08564007 0.3274451 -0.001365125 0.07877981 0.3319124 -0.02637195 0.1862096 0.3215674 -0.03001904 0.1875998 0.3186751 -0.04068028 0.1823672 0.3269692 -0.02106845 0.1764968 0.3342595 -0.01501595 0.1693821 0.3424739 -0.0125975 0.1619086 0.3505973 -0.01405745 0.1549941 0.357627 -0.01925569 0.1495538 0.3626202 -0.02760136 0.1462293 0.3650082 -0.03795349 0.1457687 0.3637383 -0.05206167 0.149142 0.3584727 -0.06406021 0.1544188 0.3517081 -0.07117569 0.1612354 0.3436732 -0.07479649 0.1686915 0.3354122 -0.07457983 0.1758862 0.3279246 -0.0705409 0.1818886 0.3221911 -0.06310594 0.1859482 0.3189213 -0.05326581 0.1791757 0.3282926 -0.0342679 0.1800788 0.326389 -0.04147595 0.1766487 0.3319161 -0.02827119 0.1728374 0.3367692 -0.02432078 0.1682635 0.3422048 -0.02281367 0.1634734 0.3475835 -0.02384877 0.1590147 0.3522873 -0.02733254 0.1554391 0.3557192 -0.03295618 0.153204 0.3574385 -0.04001861 0.1528329 0.3567104 -0.04962879 0.1550918 0.3531386 -0.05775707 0.158533 0.3486222 -0.0624448 0.1629219 0.3433034 -0.06474834 0.1677028 0.3378378 -0.06452476 0.1723278 0.3328512 -0.06180459 0.1762459 0.3289499 -0.05681163 0.1789352 0.326658 -0.0501728 0.1490749 0.2991149 -0.03416752 0.1441907 0.3061168 -0.02259159 0.1353161 0.3166683 -0.01962679 0.1266745 0.3257775 -0.02643996 0.1226517 0.3292127 -0.03631424 0.12341 0.3266987 -0.0499885 0.1301751 0.3177369 -0.05989217 0.139463 0.3071187 -0.05946028 0.1470382 0.2995781 -0.04978781 0.1614533 0.2994295 -0.02728074 0.1628435 0.2965373 -0.03794205 0.157611 0.3048313 -0.01833027 0.1517406 0.3121217 -0.01227778 0.1446259 0.3203361 -0.009859204 0.1371523 0.3284595 -0.01131922 0.1302378 0.3354892 -0.01651746 0.1247976 0.3404824 -0.02486312 0.1214731 0.3428704 -0.03521525 0.1210124 0.3416004 -0.04932343 0.1243857 0.3363349 -0.06132197 0.1296626 0.3295702 -0.06843745 0.1364791 0.3215354 -0.07205826 0.1439353 0.3132743 -0.07184159 0.1511299 0.3057867 -0.06780266 0.1571324 0.3000533 -0.0603677 0.1611919 0.2967835 -0.05052757 0.1634646 0.2734352 -0.02268314 0.165185 0.269856 -0.03585952 0.1542339 0.28536 -0.006358861 0.1437342 0.2976526 -0.002873003 0.1329438 0.3095625 -0.00109899 0.1236954 0.3196151 -0.002905726 0.1151388 0.3283143 -0.009338438 0.1084067 0.3344933 -0.01966607 0.1042926 0.3374485 -0.03247672 0.1037225 0.3358769 -0.0499354 0.107897 0.3293608 -0.06478345 0.114427 0.3209897 -0.07358872 0.1228624 0.3110467 -0.07806944 0.1355199 0.2973492 -0.07785999 0.1458056 0.2864686 -0.07705271 0.1581177 0.274207 -0.06357562 0.1631413 0.2701607 -0.05141413 0.181216 0.2724364 -0.06231772 0.1887776 0.2641627 -0.06127262 0.181216 0.2793191 -0.007829904 0.1931324 0.2659857 -0.008516907 0.1931324 0.2596926 -0.05833673 0.1887776 0.2710453 -0.006784796 0.177731 0.2765445 -0.06046545 0.177731 0.2828376 -0.01064556 0.1714777 0.2636762 -0.06121116 0.1790394 0.2554024 -0.06016606 0.1714777 0.2705588 -0.006723344 0.1833941 0.2572254 -0.007410347 0.1833941 0.2509323 -0.05723017 0.1790394 0.2622851 -0.005678236 0.1679927 0.2677842 -0.05935889 0.1679927 0.2740772 -0.009539008 0.1811031 0.1921964 0.002963483 0.168611 0.2458823 -0.01231861 0.2143115 0.154479 -0.005463242 0.2282459 0.1156201 -0.01625698 0.181103 0.1871063 -0.03958952 0.168611 0.2413928 -0.04689967 0.2143115 0.1496855 -0.03829789 0.2282459 0.1098415 -0.04089277 0.1484975 0.2871779 0.03283601 0.1240864 0.2344735 0.0316025 0.1523827 0.2670134 -0.09573578 0.1233094 0.2045837 -0.1006699 -0.007460296 0.199688 0.02707982 -0.02309793 0.2152894 0.0186271 -0.04366016 0.2243053 0.01124608 -0.06661957 0.2256184 0.005847096 -0.08917707 0.218966 0.003121614 -0.1083472 0.2051976 0.00344038 -0.1218922 0.1860901 0.006711184 -0.1280971 0.1640436 0.01252597 -0.1259964 0.1417606 0.02021646 -0.1160343 0.1221273 0.02874916 -0.09943914 0.107498 0.03709363 -0.07825559 0.09974867 0.04419797 -0.05513781 0.09998816 0.04912716 -0.03300166 0.1079989 0.05132025 -0.01460671 0.1227897 0.05050164 -0.002309203 0.142654 0.04671496 0.002343118 0.1649523 0.04048204 -4.88817e-4 0.1828869 0.03404521 -0.02373254 0.196437 -0.008906483 -0.01090127 0.1836354 -0.001970648 -0.04060465 0.2038349 -0.01496285 -0.05944377 0.2049124 -0.01939296 -0.0779531 0.1994538 -0.02162933 -0.093683 0.1881563 -0.02136772 -0.1047972 0.1724778 -0.01868396 -0.1098886 0.1543878 -0.01391267 -0.1081648 0.1361036 -0.007602274 -0.0999906 0.1199938 -6.00924e-4 -0.08637356 0.1079899 0.00624603 -0.03185892 0.1084008 0.01791948 -0.002857148 0.1551334 0.009026348 -0.0689916 0.1016312 0.01207536 -0.05002254 0.1018278 0.01611995 -0.005180835 0.1698495 0.003744661 -0.01676517 0.1205373 0.01724779 -0.006674587 0.1368368 0.01414066 -0.02669 0.1000701 -0.1017335 -0.002911388 0.1758266 -0.1070822 -0.04389947 0.09080898 -0.1029734 -0.01564335 0.1938809 -0.0986371 -0.00644803 0.1459573 -0.08712047 -0.03438997 0.2063776 -0.09149777 -0.006707131 0.1317369 -0.09243232 -0.05684846 0.2117715 -0.08654499 -0.08216935 0.090837 -0.09797841 -0.08029872 0.2093048 -0.08441799 -0.01374262 0.1143496 -0.09805208 -0.1016426 0.1992737 -0.08540886 -0.06319403 0.08759999 -0.1016667 -0.1183589 0.1830148 -0.08934348 -0.09840494 0.1002638 -0.09232014 -0.1283344 0.1625683 -0.09573018 -0.1098866 0.1145873 -0.08544033 -0.1301439 0.1404038 -0.1038264 -0.1152101 0.1319832 -0.07820761 -0.1237233 0.119423 -0.1125497 -0.1137098 0.1503605 -0.07149475 -0.1098755 0.1021476 -0.1208472 -0.1054388 0.1673134 -0.0661993 -0.09029412 0.09077823 -0.1276716 -0.09157872 0.1807941 -0.06293702 -0.06740838 0.08687412 -0.13212 -0.07388186 0.1891112 -0.06211543 -0.04413759 0.09074449 -0.1336959 -0.05443847 0.1911565 -0.06387901 -0.02338159 0.1019141 -0.1322005 -0.03581738 0.1866843 -0.06798553 -0.007766067 0.1191362 -0.1277604 -0.009717464 0.1613534 -0.0809071 7.19238e-4 0.1401068 -0.1209825 -0.02027398 0.1763229 -0.07390493 0.001031756 0.1572577 -0.1145761</float_array>
          <technique_common>
            <accessor source="#Cube_021-mesh-positions-array" count="378" stride="3">
              <param name="X" type="float"/>
              <param name="Y" type="float"/>
              <param name="Z" type="float"/>
            </accessor>
          </technique_common>
        </source>
        <source id="Cube_021-mesh-normals">
          <float_array id="Cube_021-mesh-normals-array" count="1134">0.1454254 -0.1577249 0.9767161 0.1002854 -0.04821997 0.9937896 0.2806872 -0.2707074 0.9208323 -0.7577132 -0.6344441 0.1528123 -0.8293983 -0.3899784 -0.4000193 -0.7509047 -0.6002293 -0.2754396 -0.07284992 -0.591803 -0.802784 -0.5255164 -0.8082191 -0.2657338 -0.2713739 -0.5620967 -0.7812833 -0.08771103 0.4930925 -0.8655441 -0.5750399 0.4228414 -0.7003816 -0.359725 0.5393891 -0.7613524 -0.3754479 -0.4021828 -0.8350376 0.07632875 -0.1069701 -0.9913281 0.0375998 -0.2313976 -0.9721324 0.1530832 -0.1116384 -0.9818872 0.2201657 -0.01586997 -0.9753334 0.08282822 6.40897e-4 -0.9965636 -0.406395 -0.2362804 -0.8826181 -0.3280858 0.367273 0.8703277 -0.6882427 0.4111571 0.5977222 -0.2898715 0.2964636 0.9099912 -0.7518 0.6458387 -0.1330009 -0.6295359 0.5638264 0.5345882 -0.7019825 0.7057669 -0.09546548 0.02932912 -0.0861867 -0.9958472 0.2074369 -0.2304177 -0.9507248 0.03079414 -0.2061896 -0.9780274 -0.1039178 0.2526377 -0.9619643 0.02667343 8.54527e-4 -0.9996439 0.1120033 -0.03790414 -0.9929848 0.08957332 -0.05551409 -0.9944319 -0.3178901 -0.06601345 -0.9458267 0.09262561 -0.06351035 -0.9936735 -0.5007869 -0.8384496 0.2149761 0.1831423 -0.1299483 -0.9744601 0.1896744 -0.3955239 -0.8986572 0.1200945 -0.5149266 -0.8487803 -0.8330758 -0.1502143 -0.5323726 -0.3813039 -0.1571726 -0.9109908 -0.1589714 -0.0911591 -0.9830657 -0.0813955 -0.1059942 -0.9910297 -0.595243 0.656098 -0.4639196 -0.5276141 0.8428458 -0.1059928 -0.5325039 0.6653857 -0.5231649 -0.01699882 -0.1522874 -0.9881901 -0.09555661 -0.07306373 -0.992739 -0.02905368 -0.04754793 -0.9984464 0.2722583 -0.1239979 -0.9542012 0.1707225 -0.2424418 0.9550266 -0.2388709 -0.7181082 0.6536524 0.02490389 -0.6565961 0.7538312 -0.3028088 0.3977227 -0.8660967 -0.5987658 0.7872248 -0.1475016 0.01681619 -0.3459379 -0.9381068 0.2390263 -0.09463995 -0.96639 0.6622702 -0.1883655 -0.7252011 0.5664321 -0.128668 -0.814002 -0.2609429 -0.9378989 0.228592 0.02688705 -0.9722995 0.2321873 -0.1236621 0.3924716 -0.9114131 -0.208261 0.277722 -0.9378154 0.03421175 -0.8806858 -0.4724641 0.1578167 -0.7322866 -0.6624578 0.3061648 -0.2934689 0.9056153 0.2779072 -0.9177102 0.2838584 -0.2275509 -0.9225029 -0.3117838 -0.4509319 0.5411487 -0.7098018 -0.6117218 0.7832688 -0.1108448 0.1189339 -0.7104909 -0.6935831 0.3439549 -0.893764 0.2878906 0.3740437 -0.8530429 0.3638808 -0.4611733 -0.6819481 0.5676848 -0.3820391 0.279281 -0.8809361 -0.4309645 0.3894886 -0.813983 -0.994699 -0.09866726 0.02896231 -0.7900141 0.09637892 -0.6054659 -0.01858609 -0.151985 -0.9882081 -0.02627664 -0.104771 -0.9941492 -0.02942025 -0.07083445 -0.9970542 0.08347028 -0.02679592 -0.99615 0.1252505 -0.2541022 0.9590331 0.1796076 -0.3331822 0.9255976 0.1931893 -0.2628962 0.945285 -0.8993982 0.4300753 -0.07822042 -0.6659092 0.7416592 -0.08066356 -0.4347514 0.4095117 0.8020546 -0.1899487 0.2514745 0.9490417 -0.2138816 0.3788098 0.900421 -0.2321615 -0.3384609 0.9118911 -0.7344996 -0.2909677 0.6130647 -0.6117619 -0.5566744 0.5620152 0.3389436 0.05716198 -0.9390686 0.1933378 0.06619566 -0.9788967 0.4694443 0.143287 -0.8712583 0.4105783 -0.08426421 0.9079235 0.2831855 -0.003601193 0.9590585 0.4589453 -0.01236015 0.8883787 -0.09927761 0.2198574 0.9704672 -0.05978631 -0.002105772 0.9982091 -0.2640535 0.3729466 0.8894867 0.4396229 0.05206501 0.8966721 -0.2879168 0.144233 0.9467316 -0.7781429 0.002838253 0.628081 -0.3076638 0.04693847 0.9503368 0.3418114 -0.08560544 0.9358615 0.2120439 -0.1173444 0.9701896 0.2459537 -0.04126185 0.9684029 0.09295964 0.03573727 0.9950284 0.02148568 -0.151529 0.9882194 -0.2282233 -0.4293456 0.8738287 -0.1121283 -0.3662633 0.9237307 0.2638061 -0.1280576 0.9560375 0.3168776 -0.1178944 0.9411109 -0.4674365 0.6239099 0.6262905 0.280011 -0.06616497 0.957714 0.3191101 0.1001949 0.9424064 0.3448718 -0.05591195 0.9369832 0.5041753 0.0272535 0.8631713 0.1743876 -0.2175115 0.960353 0.2880995 -0.139594 0.9473713 0.5915858 0.3652548 -0.7187596 0.9578228 0.283831 -0.04489409 0.6074315 0.2277067 -0.7610366 -0.5328922 0.6572571 0.5329533 -0.6271027 0.7149972 0.3090651 -0.4967569 0.4458208 0.7446318 -0.1782593 0.03201401 0.9834626 -0.2266644 0.1501839 0.9623243 0.04938 0.07248306 0.9961465 0.2791298 0.01672458 0.9601078 0.5337216 -0.1816814 0.8259135 0.08517789 -0.07620537 0.9934473 0.2991161 -0.1062364 0.9482845 -0.4248361 0.3473768 0.8359688 -0.5623487 0.7278549 0.3924172 0.9914959 0.1259512 0.03274667 0.7034401 0.3562521 0.6150256 0.2058545 0.008118152 0.978549 0.2490043 0.1124013 0.9619578 -0.9752138 0.2181825 -0.03680628 -0.9080481 -0.4085652 0.09232163 0.5838404 0.2296602 0.7787083 0.9102595 -0.09430366 0.4031559 0.1622406 -0.1365433 0.9772585 0.237137 -0.0939697 0.9669209 -0.5959442 0.5478463 0.5871243 0.04181081 -0.1184742 -0.9920765 -0.2592915 0.225995 -0.9389857 0.02191293 -0.02932918 -0.9993297 -0.2800439 0.09494513 -0.9552806 0.1315389 -0.1259539 -0.9832767 -0.07208633 -0.3180407 -0.9453326 -0.03891187 0.2540106 -0.9664184 -0.6936488 0.2677177 -0.6687142 0.03918612 0.0165717 -0.9990946 0.1392261 -0.08172899 0.9868822 0.2708538 -0.1684939 0.9477595 0.3390424 -0.1309596 0.9316114 0.2906661 0.009125232 -0.956781 0.09567773 -0.0533781 0.9939802 -0.06457895 0.1250378 0.9900481 -0.764936 0.2443681 0.5959506 0.2899353 -0.06549483 0.9548026 -0.2896267 -0.1116085 0.9506104 0.08063054 -0.1971206 -0.977058 0.7499514 0.1075806 -0.6526862 0.9918227 0.1090767 -0.06625783 0.7581109 0.3716391 -0.535866 -0.0391252 -0.6471534 -0.7613552 0.8140733 0.5796541 -0.03586024 0.9561743 -0.127907 -0.2633829 0.4545183 -0.1376098 0.8800436 0.9938799 -0.110448 0.002044737 0.9545443 -0.09207594 -0.2834914 0.9593105 -0.02771145 0.2809904 0.8556635 0.1104485 0.5056097 0.6894238 0.1488716 -0.7088949 0.8456214 -0.01165825 -0.5336558 0.5164808 0.3299459 -0.7901793 0.7049714 0.3021742 0.6416433 0.3558903 0.688891 0.6314834 0.5321336 0.4982267 0.6845467 0.185377 0.7133076 -0.6758904 0.3402937 0.5275315 -0.7784028 0.06970536 0.8645418 -0.4977036 0.1989875 0.8461241 0.4944473 0.004425227 0.9995627 0.02923732 2.44152e-4 0.9673618 -0.2533995 0.01229912 -0.9934515 0.1135913 -0.03119045 -0.9187768 0.3935435 -0.03756862 -0.9845976 -0.1707527 -0.1294931 -0.7757688 0.6175875 -0.1375499 -0.8961346 -0.4219276 -0.3027215 -0.7436041 -0.5961651 -0.287156 -0.5903041 0.7543758 -0.4747271 -0.5617376 -0.6775582 -0.6361757 -0.2035335 0.7442142 -0.651179 -0.3643636 -0.6657365 -0.8067107 -0.179147 -0.563138 -0.7932037 -0.04638969 0.6071869 -0.922515 -0.02801692 -0.3849433 -0.9837385 0.1105996 0.141515 -0.9867824 0.07944184 -0.1412435 -0.4584834 -0.3929291 0.7971197 0.07748746 0.9543869 0.2883425 -0.9139344 0.06247323 0.4010251 0.8242988 0.3012266 0.4793684 0.9493506 -0.03955245 0.3117198 0.6988075 0.2726011 0.6613295 0.09714096 0.9895682 -0.1063881 0.9640578 -0.01794499 0.2650861 0.995795 -0.0910983 0.009674429 0.1225022 0.9240767 -0.3620437 0.8737431 0.1066657 0.4745479 0.2085697 0.8102602 -0.5477016 0.7356664 0.2764738 0.6183505 0.3501776 0.6406901 -0.683295 0.5689703 0.4657237 0.6777715 0.5001228 0.4755241 -0.7237086 0.3918101 0.651562 0.6495783 0.8035624 0.1727369 -0.5696046 0.6704524 0.2990911 -0.6789979 0.9162596 0.0688827 -0.3946185 0.2200765 0.8192366 0.5295449 0.9846668 0.0386371 -0.1701132 0.08713138 0.9393708 0.3316485 -0.01831167 0.9686882 -0.2476045 -0.005371272 0.9978085 0.06595087 0.9929152 0.07544374 0.09180206 0.06164824 0.8486102 -0.5254144 0.9270255 0.1787213 0.3296701 0.2042983 0.6764062 -0.7076277 0.6717308 0.471005 0.5717799 0.5238305 0.6268936 0.5767202 0.3715705 0.4876043 -0.790049 0.360796 0.7894359 0.4966058 0.5490638 0.2967038 -0.7813425 0.2325883 0.9049307 0.356375 0.7201239 0.122808 -0.6828908 0.134132 0.9823535 0.1303477 0.863043 -0.008636832 -0.5050567 0.9596261 -0.08713328 -0.2674428 0.5087872 0.3050404 -0.805038 0.8159343 0.004455804 -0.5781276 0.3377887 0.6793009 0.6514977 0.9757259 -0.1334294 -0.1736536 -0.02465975 0.9678647 -0.2502598 0.04977601 0.9545032 0.2940173 0.1638576 0.7025216 -0.6925418 -6.10378e-5 0.2039274 -0.978986 -0.2106739 0.4551022 -0.8651581 0.4804956 -0.04730486 0.8757205 0.232711 -0.02362203 -0.972259 0.2470822 0.1642535 0.9549719 0.5015199 -0.1622089 -0.8498036 0.01806735 0.4160381 0.9091677 0.742923 -0.2778751 -0.6089753 -0.1964209 0.6372387 0.7452153 -0.4826328 0.8339715 -0.267502 0.8916216 -0.3393442 -0.2997606 -0.3655303 0.7944492 0.4850135 0.8793359 -0.2829696 0.3830099 0.9396023 -0.3397425 0.0415064 -0.4711838 0.8713498 0.136878 -0.3839034 0.6796668 -0.6250371 0.7148246 -0.1792402 0.675943 0.1716722 0.5292388 0.8309242 0.650246 0.1852221 -0.736799 -0.02765029 0.7355419 0.6769147 0.8839311 0.09070342 -0.4587359 -0.1846126 0.8818311 0.4339266 0.966732 0.1152107 0.2283765 0.9961504 0.08615601 -0.01617521 0.9693017 0.07874047 -0.2329254 -0.2829081 0.9526709 0.111271 0.8130021 0.2130853 0.5418692 -0.2942342 0.9174637 -0.2677437 -0.03998011 0.5655512 -0.8237436 -0.2008191 0.7733064 -0.6013893 0.5793733 0.2661259 0.7703918 0.1543977 0.3360494 -0.9291029 0.375935 0.3315296 0.8653098 0.3650997 0.2273366 -0.9027848 0.5827706 0.4437236 0.6807994 0.8838296 -0.1416385 -0.4458518 0.5827677 0.260483 -0.7697601 0.3845151 0.6495465 0.655925 -0.003540217 0.8405331 -0.5417488 -0.003540217 0.9488452 0.3157222 0.3845038 0.4660495 -0.7968406 -0.1418827 0.2777533 0.9501171 0.1163074 -0.003845334 0.9932059 0.8838322 -0.0263074 0.4670639 0.5500484 -0.5299056 0.645482 0.1163094 -0.2506864 -0.9610559 -0.1418838 0.03274708 -0.9893416 -0.5645784 0.549868 -0.6155457 -0.5645853 0.6856573 0.4594752 0.5500478 -0.6737727 -0.4934347 0.2054849 -0.290389 0.9345857 0.8138492 0.5804707 -0.02652096 0.965985 0.2564811 -0.03302145 0.5158631 0.2468989 -0.8203209 0.1755134 -0.09033554 0.9803237 0.4188164 -0.1642854 -0.8930863 -0.8573691 0.4612635 0.2283734 -0.4413351 0.8782755 0.183999 -0.6861373 0.7028009 0.1878469 -0.9099817 -0.1069381 0.4006214 -0.1527768 0.963446 0.2200706 0.138893 0.9468589 0.2901157 -0.7835304 -0.3560115 0.5092505 0.3981272 0.8330915 0.3839967 -0.301043 -0.6406015 0.7064013 0.5990575 0.6321706 0.4914169 -0.005981743 -0.6366902 0.7710965 0.6833285 0.4221743 0.5956769 0.2733029 -0.5349473 0.7994605 0.7235117 0.1919639 0.6630843 0.664776 -0.09131437 0.741441 0.5078808 -0.3458814 0.7889381 0.3432176 0.7592233 -0.5529753 -0.667979 -0.6736861 -0.3161509 -0.572844 -0.5415008 0.6153266 0.8489865 0.4134758 -0.3290288 0.02246201 0.7760685 -0.6302486 0.4908021 -0.8712484 0.006286799 -0.2941448 0.6811902 -0.6704169 -0.4374276 -0.8769 -0.199258 -0.5624111 0.4878828 -0.6675809 0.7486659 -0.6629375 -0.003662288 -0.7493393 0.2224854 -0.6236915 -0.1396254 -0.9853432 -0.09799718 -0.8350861 -0.08771103 -0.5430821 -0.9366558 0.1784135 0.3014047 0.922096 -0.3830114 -0.05514752 -0.8061933 -0.4007467 -0.4352638 0.628606 0.634893 -0.4491831 0.1840906 -0.9825596 -0.02621579 0.9874484 -0.07104867 -0.1410596 -0.2696682 0.9480808 -0.1685883 -0.7554637 0.6134289 -0.2301731 -0.5432714 0.8198055 -0.1810396 0.3180992 0.9112048 -0.2617611 0.03155654 0.979871 -0.1971217 -0.907148 0.06500554 -0.4157609 -0.883679 0.3499619 -0.310867 0.5553902 0.7529416 -0.3530167 -0.82528 -0.2021922 -0.5272868 0.7663636 0.2946308 -0.5708587 -0.6487181 -0.4221428 -0.6332142 -0.396416 -0.56824 -0.7210809 0.7659515 0.06503736 -0.6396002 -0.1029408 -0.6174008 -0.7798843 0.6580523 -0.2025246 -0.7252248 0.1919364 -0.5676913 -0.8005542 0.4577894 -0.4242182 -0.7813245 -0.1782647 0.7033537 0.6881244 0.1494218 0.7393267 0.6565587 -0.8432786 0.0518217 0.5349727 -0.3155355 -0.9448059 0.08819979 0.7217836 0.5158388 -0.4614531 0.7208014 0.4943187 0.4858955 0.9009532 0.235485 0.3644586 0.8327627 -0.5479321 0.07922643 -0.4754638 0.5630548 0.6759465 -0.8692178 -0.2577043 0.4219586 0.003143489 -0.9997218 0.02337777 0.4618182 0.6659619 0.5858488 0.9511638 -0.2561178 0.1723118 -0.7052035 0.338212 0.6231378 -0.7807383 -0.5476948 0.3007957 0.9656879 -0.008514821 0.2595657 0.3239904 -0.9460603 -5.18824e-4 -0.5894451 -0.7863235 0.1850675 0.6136709 -0.7893368 0.01886057 0.9568753 0.1819568 -0.2264541</float_array>
          <technique_common>
            <accessor source="#Cube_021-mesh-normals-array" count="378" stride="3">
              <param name="X" type="float"/>
              <param name="Y" type="float"/>
              <param name="Z" type="float"/>
            </accessor>
          </technique_common>
        </source>
        <source id="Cube_021-mesh-map-0">
          <float_array id="Cube_021-mesh-map-0-array" count="3882">0.3597294 0.7135933 0.2814975 0.77712 0.3114955 0.6920287 0.1465301 0.5583955 0.1116023 0.5081425 0.1574975 0.5303321 0.2638849 0.4976971 0.2064994 0.53679 0.212202 0.50591 0.08773857 0.316019 0.04985624 0.3665022 0.05354201 0.2971484 0.1811041 0.4946847 0.2138908 0.4423777 0.240489 0.4710458 0.3531177 0.4173132 0.2771813 0.4070012 0.3328821 0.3751147 0.1574975 0.5303321 0.1508423 0.4766226 0.1811041 0.4946847 0.249136 0.9043699 0.1971501 0.9488324 0.201254 0.9012075 0.2514331 0.9833211 0.3066769 0.9275556 0.3168868 0.9536177 0.3141342 0.3371913 0.2399358 0.348197 0.3020844 0.3021588 0.1692502 0.2669771 0.2310155 0.1653515 0.2595708 0.2173289 0.1908808 0.4175103 0.120116 0.436233 0.1784476 0.3947478 0.2102317 0.5615987 0.1574975 0.5303321 0.2064994 0.53679 0.2992891 0.4451243 0.3700184 0.4493373 0.3171143 0.4804255 0.08352982 0.4777277 0.120116 0.436233 0.128909 0.4546415 0.2064994 0.53679 0.1811041 0.4946847 0.212202 0.50591 0.3485919 0.3096297 0.3020844 0.3021588 0.3414532 0.2769773 0.240489 0.4710458 0.212202 0.50591 0.1811041 0.4946847 0.1051555 0.0876246 0.1102338 0.007851719 0.1425739 0.01613283 0.3853166 0.3891295 0.3328821 0.3751147 0.36593 0.3483806 0.36593 0.3483806 0.3141342 0.3371913 0.3485919 0.3096297 0.2310155 0.1653515 0.2177173 0.0991261 0.252329 0.09501284 0.08376377 0.6962378 0.03331571 0.7399771 0.04943025 0.6772358 0.0658428 0.2566168 0.02225029 0.2846917 0.02956777 0.2439528 0.3531177 0.4173132 0.4039919 0.4189196 0.3700184 0.4493373 0.256782 0.3751161 0.1784476 0.3947478 0.2399358 0.348197 0.240489 0.4710458 0.2771813 0.4070012 0.2992891 0.4451243 0.3328821 0.3751147 0.256782 0.3751161 0.3141342 0.3371913 0.252329 0.09501284 0.2609546 0.02952772 0.2787276 0.09124165 0.04943025 0.6772358 0.01081383 0.7271341 0.02654772 0.6629751 0.1692502 0.2669771 0.114684 0.2709899 0.1336635 0.1911502 0.3426803 0.5103252 0.3700184 0.4493373 0.3881508 0.4789745 0.07156234 0.6277615 0.02654772 0.6629751 0.05115121 0.6100825 0.2817776 0.5316854 0.3171143 0.4804255 0.3426803 0.5103252 0.1026979 0.1551797 0.02956777 0.2439528 0.0755887 0.141385 0.4245349 0.449851 0.453747 0.448136 0.4394899 0.4643626 0.03458726 0.8194583 0.03129947 0.8724051 0.008607864 0.8139911 0.1586215 0.1016575 0.1425739 0.01613283 0.1757863 0.02203559 0.04701501 0.4996573 0.06856894 0.4500969 0.08352982 0.4777277 0.4091758 0.496348 0.4245349 0.449851 0.4394899 0.4643626 0.2138908 0.4423777 0.256782 0.3751161 0.2771813 0.4070012 0.410689 0.3706264 0.36593 0.3483806 0.3984063 0.3258033 0.05354201 0.2971484 0.114684 0.2709899 0.08773857 0.316019 0.3914029 0.2823199 0.3414532 0.2769773 0.3894002 0.251671 0.3331202 0.5750927 0.3681471 0.6399305 0.3193397 0.6353495 0.3114955 0.6920287 0.3681471 0.6399305 0.3597294 0.7135933 0.04985624 0.3665022 0.01165568 0.403702 0.01193028 0.3553744 0.1051555 0.0876246 0.0755887 0.141385 0.08760023 0.08089977 0.05354201 0.2971484 0.01193028 0.3553744 0.02225029 0.2846917 0.3984063 0.3258033 0.3485919 0.3096297 0.3914029 0.2823199 0.2911342 0.8986665 0.2868282 0.8568295 0.3283716 0.866617 0.09469681 0.8432074 0.09442746 0.9066643 0.05975288 0.8665021 0.2595708 0.2173289 0.304012 0.1466912 0.3160688 0.1897077 0.304012 0.1466912 0.4093011 0.1375685 0.3160688 0.1897077 0.1863759 0.66298 0.1248024 0.7108886 0.1408973 0.6482013 0.3306545 0.8116695 0.4095692 0.7281 0.4003608 0.8284295 0.08376377 0.6962378 0.07156234 0.6277615 0.1041656 0.6381211 0.1689124 0.8947131 0.1279438 0.9308807 0.1485823 0.8883115 0.2102317 0.5615987 0.2817776 0.5316854 0.2959836 0.5512543 0.2275436 0.675776 0.2394341 0.7567698 0.2068685 0.7437211 0.1805266 0.8165038 0.1689124 0.8947131 0.1485823 0.8883115 0.1098623 0.7769994 0.07144737 0.8116552 0.07524573 0.7553468 0.2992891 0.4451243 0.2638849 0.4976971 0.240489 0.4710458 0.05975288 0.8665021 0.07144737 0.8116552 0.09469681 0.8432074 0.2463247 0.6342939 0.2660307 0.681329 0.2275436 0.675776 0.3547944 0.936712 0.3066769 0.9275556 0.3446153 0.9048547 0.1041656 0.6381211 0.09194624 0.5856326 0.1276593 0.5965329 0.1612254 0.6083254 0.1863759 0.66298 0.1408973 0.6482013 0.4596903 0.6308243 0.4080809 0.6548801 0.4241536 0.5803845 0.3897418 0.07701331 0.4235377 0.08150202 0.4172255 0.1057432 0.4996272 0.8440584 0.4313019 0.8481422 0.4983345 0.8250507 0.5518484 0.7487658 0.4828571 0.7238842 0.5413141 0.7132034 0.0658428 0.2566168 0.1336635 0.1911502 0.114684 0.2709899 0.1408973 0.6482013 0.1276593 0.5965329 0.1612254 0.6083254 0.2068685 0.7437211 0.206491 0.8262293 0.1805266 0.8165038 0.1697557 0.7284777 0.1098623 0.7769994 0.1248024 0.7108886 0.3283716 0.866617 0.3306545 0.8116695 0.4003608 0.8284295 0.4427231 0.8699319 0.3446153 0.9048547 0.4313019 0.8481422 0.525951 0.6712853 0.4790394 0.6956117 0.4663259 0.6689765 0.4836004 0.7795214 0.4095692 0.7281 0.4828571 0.7238842 0.5583239 0.7805506 0.4836004 0.7795214 0.5518484 0.7487658 0.516621 0.6279945 0.4596903 0.6308243 0.4638609 0.6129848 0.09194624 0.5856326 0.08436328 0.5554937 0.1039921 0.5677886 0.134819 0.5748295 0.1612254 0.6083254 0.1276593 0.5965329 0.1279438 0.9308807 0.1467253 0.9819524 0.1036288 0.9612992 0.1248024 0.7108886 0.1041656 0.6381211 0.1408973 0.6482013 0.09194624 0.5856326 0.05115121 0.6100825 0.07428371 0.574135 0.05975288 0.8665021 0.0664882 0.925794 0.03129947 0.8724051 0.4836004 0.7795214 0.4313019 0.8481422 0.4003608 0.8284295 0.4638609 0.6129848 0.4241536 0.5803845 0.4377543 0.5696398 0.5141949 0.646168 0.4663259 0.6689765 0.4596903 0.6308243 0.3446153 0.9048547 0.2911342 0.8986665 0.3283716 0.866617 0.1039921 0.5677886 0.1276593 0.5965329 0.09194624 0.5856326 0.2643139 0.5871821 0.2798144 0.635396 0.2463247 0.6342939 0.2868282 0.8568295 0.2814975 0.77712 0.3306545 0.8116695 0.2429055 0.9486628 0.2033581 0.9893214 0.1971501 0.9488324 0.3312898 0.2361382 0.2595708 0.2173289 0.3160688 0.1897077 0.0950061 0.3605915 0.1610219 0.3629085 0.1081386 0.406334 0.2595708 0.2173289 0.2132248 0.3122626 0.1692502 0.2669771 0.3853166 0.3891295 0.4230129 0.4051754 0.4039919 0.4189196 0.2132248 0.3122626 0.1347827 0.3187636 0.1692502 0.2669771 0.05690068 0.4114449 0.0950061 0.3605915 0.1081386 0.406334 0.1586215 0.1016575 0.2138094 0.0282762 0.2177173 0.0991261 0.294015 0.583398 0.3193397 0.6353495 0.2798144 0.635396 0.2182055 0.5873654 0.2463247 0.6342939 0.2047883 0.6224569 0.09442746 0.9066643 0.1036288 0.9612992 0.0664882 0.925794 0.3160688 0.1897077 0.3909119 0.2085805 0.3312898 0.2361382 0.3597294 0.7135933 0.4080809 0.6548801 0.4095692 0.7281 0.1467253 0.9819524 0.1971501 0.9488324 0.2033581 0.9893214 0.2068685 0.7437211 0.1482987 0.7990805 0.1697557 0.7284777 0.5678312 0.8121611 0.4983345 0.8250507 0.5583239 0.7805506 0.2394341 0.7567698 0.2412381 0.8392965 0.206491 0.8262293 0.1026979 0.1551797 0.1586215 0.1016575 0.1336635 0.1911502 0.4663259 0.6689765 0.4095692 0.7281 0.4080809 0.6548801 0.2047883 0.6224569 0.2275436 0.675776 0.1863759 0.66298 0.2798144 0.635396 0.3114955 0.6920287 0.2660307 0.681329 0.1570321 0.9422706 0.201254 0.9012075 0.1971501 0.9488324 0.206491 0.8262293 0.201254 0.9012075 0.1689124 0.8947131 0.2660307 0.681329 0.2814975 0.77712 0.2394341 0.7567698 0.1721081 0.5805256 0.2047883 0.6224569 0.1612254 0.6083254 0.1482987 0.7990805 0.09469681 0.8432074 0.1098623 0.7769994 0.09442746 0.9066643 0.1485823 0.8883115 0.1279438 0.9308807 0.07524573 0.7553468 0.03458726 0.8194583 0.03331571 0.7399771 0.2275436 0.675776 0.1697557 0.7284777 0.1863759 0.66298 0.1805266 0.8165038 0.1221442 0.8702968 0.1482987 0.7990805 0.249136 0.9043699 0.3066769 0.9275556 0.2429055 0.9486628 0.3414532 0.2769773 0.2841814 0.2590555 0.3312898 0.2361382 0.3681471 0.6399305 0.4241536 0.5803845 0.4080809 0.6548801 0.3241137 0.07421803 0.3037714 0.01817816 0.3438133 0.0538268 0.3894002 0.251671 0.3312898 0.2361382 0.3909119 0.2085805 0.4371092 0.429661 0.4039919 0.4189196 0.4230129 0.4051754 0.1586215 0.1016575 0.2310155 0.1653515 0.1336635 0.1911502 0.08497858 0.5353079 0.08352982 0.4777277 0.1116023 0.5081425 0.02478402 0.4583314 0.05690068 0.4114449 0.06856894 0.4500969 0.2399358 0.348197 0.1610219 0.3629085 0.2132248 0.3122626 0.2959836 0.5512543 0.3426803 0.5103252 0.3592984 0.5295134 0.3438133 0.0538268 0.3974694 0.05477893 0.3897418 0.07701331 0.3241137 0.07421803 0.304012 0.1466912 0.2787276 0.09124165 0.4245349 0.449851 0.3700184 0.4493373 0.4039919 0.4189196 0.1784476 0.3947478 0.1081386 0.406334 0.1610219 0.3629085 0.3020844 0.3021588 0.2132248 0.3122626 0.2841814 0.2590555 0.06856894 0.4500969 0.1081386 0.406334 0.120116 0.436233 0.2787276 0.09124165 0.2881495 0.02808916 0.3241137 0.07421803 0.1508423 0.4766226 0.1908808 0.4175103 0.2138908 0.4423777 0.3592984 0.5295134 0.3881508 0.4789745 0.4091758 0.496348 0.1116023 0.5081425 0.128909 0.4546415 0.1508423 0.4766226 0.08773857 0.316019 0.1347827 0.3187636 0.0950061 0.3605915 0.03331571 0.7399771 0.008607864 0.8139911 0.01081383 0.7271341 0.3446153 0.9048547 0.4003608 0.8284295 0.4313019 0.8481422 0.2412381 0.8392965 0.249136 0.9043699 0.201254 0.9012075 0.1248024 0.7108886 0.07524573 0.7553468 0.08376377 0.6962378 0.4231345 0.5327678 0.4377543 0.5696398 0.4090295 0.5425936 0.8172052 0.3919312 0.7708398 0.4070532 0.8556128 0.358858 0.7708398 0.4070532 0.880496 0.3149177 0.8556128 0.358858 0.679172 0.3877457 0.880496 0.3149177 0.7186571 0.4060201 0.6496457 0.3570542 0.8855727 0.2716642 0.679172 0.3877457 0.6496457 0.3570542 0.8493433 0.1962884 0.874863 0.2302726 0.6338714 0.2742444 0.8493433 0.1962884 0.6338716 0.3174723 0.6494399 0.2326812 0.8125478 0.1736998 0.6338714 0.2742444 0.7242866 0.1723254 0.6494399 0.2326812 0.6786463 0.197892 0.5028683 0.4250399 0.5363161 0.4143511 0.4771348 0.4469336 0.4771348 0.4469336 0.571278 0.415586 0.4588311 0.4781173 0.571278 0.415586 0.4553089 0.5080536 0.4588311 0.4781173 0.5986552 0.4282661 0.4627277 0.5366103 0.4553089 0.5080536 0.4627277 0.5366103 0.6300268 0.4769764 0.4803798 0.5602699 0.6300268 0.4769764 0.5059023 0.5759384 0.4803798 0.5602699 0.6300268 0.5068884 0.5360844 0.581811 0.5059023 0.5759384 0.5360844 0.581811 0.5988476 0.559497 0.5672106 0.5771769 0.899449 0.9329895 0.9490823 0.8817584 0.945469 0.9329895 0.9203976 0.4294135 0.9604296 0.3864927 0.9664174 0.4294135 0.9030625 0.8817584 0.9540286 0.8377418 0.9490823 0.8817584 0.9085293 0.3435787 0.9604296 0.3864927 0.9144098 0.3864927 0.9138564 0.7946525 0.9540286 0.8377418 0.9080088 0.8377418 0.9034605 0.2996183 0.9545493 0.3435787 0.9085293 0.3435787 0.9138564 0.7946525 0.9658741 0.7518462 0.9598761 0.7946525 0.8995994 0.2466754 0.9494802 0.2996183 0.9034605 0.2996183 0.9252605 0.7082673 0.9658741 0.7518462 0.9198543 0.7518462 0.9318729 0.5641695 0.9757121 0.518022 0.9778926 0.5641695 0.9294012 0.6634444 0.9712802 0.7082675 0.9252605 0.7082673 0.8995994 0.2466754 0.9441578 0.1970953 0.9456194 0.2466754 0.9257043 0.4730581 0.9757121 0.518022 0.9296922 0.518022 0.9317454 0.617375 0.975421 0.6634444 0.9294012 0.6634444 0.899449 0.9329895 0.9441574 0.9845231 0.8981376 0.9845231 0.9257043 0.4730581 0.9664174 0.4294135 0.971724 0.4730581 0.9317454 0.617375 0.9778926 0.5641695 0.9777652 0.6173753 0.420072 0.9122388 0.4405955 0.9871982 0.4136344 0.9848752 0.4921668 0.1888929 0.4740563 0.2248219 0.4625654 0.1937686 0.4997649 0.2098991 0.4947254 0.2500103 0.4740563 0.2248219 0.5135186 0.2267956 0.522188 0.2659683 0.4947254 0.2500103 0.5315696 0.2372296 0.5528198 0.2707784 0.522188 0.2659683 0.5515287 0.2401956 0.582843 0.2640064 0.5528198 0.2707784 0.587902 0.223816 0.582843 0.2640064 0.5710554 0.2355722 0.5999185 0.2060224 0.6085504 0.2463695 0.587902 0.223816 0.6055615 0.1844154 0.6264895 0.2199137 0.5999185 0.2060224 0.6055615 0.1844154 0.6289585 0.1463586 0.6346321 0.1882203 0.6020611 0.1558853 0.6086193 0.1119804 0.6289585 0.1463586 0.5883315 0.1325848 0.5830547 0.09265345 0.6086193 0.1119804 0.5518617 0.1144267 0.5830547 0.09265345 0.5714581 0.1198307 0.5317816 0.1166607 0.5527684 0.08413898 0.5516946 0.1144147 0.5138474 0.1262355 0.5221517 0.0872699 0.5317816 0.1166607 0.5000853 0.1422963 0.4946842 0.1016073 0.5138474 0.1262355 0.4923448 0.1628109 0.4739707 0.125584 0.5000853 0.1422963 0.4923448 0.1628109 0.4625654 0.1937686 0.4625653 0.1560198 0.5086116 0.9131354 0.5211734 0.9122388 0.5120882 0.9859296 0.4073828 0.9109197 0.420072 0.9122388 0.4136344 0.9848752 0.5086116 0.9131354 0.4871046 0.9875486 0.4957461 0.91397 0.6301823 0.9189482 0.6416388 0.9956777 0.6176999 0.9907913 0.4822851 0.9145846 0.4957461 0.91397 0.4871046 0.9875486 0.6176467 0.9165697 0.6301823 0.9189482 0.6176999 0.9907913 0.4822851 0.9145846 0.4666199 0.9881271 0.4682721 0.9148495 0.5605614 0.9109194 0.5745715 0.911431 0.5630401 0.9843313 0.604542 0.9144571 0.6176999 0.9907913 0.5923407 0.9867058 0.4502375 0.9144269 0.4666199 0.9881271 0.4405955 0.9871982 0.5605614 0.9109194 0.5366365 0.9844073 0.5468883 0.9109581 0.5908869 0.9127564 0.604542 0.9144571 0.5923407 0.9867058 0.5338127 0.9114527 0.5468883 0.9109581 0.5366365 0.9844073 0.5745715 0.911431 0.5923407 0.9867058 0.5630401 0.9843313 0.4332959 0.9133959 0.4502375 0.9144269 0.4405955 0.9871982 0.5338127 0.9114527 0.5120882 0.9859296 0.5211734 0.9122388 0.5131435 0.05912882 0.4779276 0.1022217 0.4468325 0.09772145 0.504611 0.02697628 0.4468325 0.09772145 0.4253655 0.07170629 0.504611 0.02697628 0.4253655 0.03415435 0.4775609 0.005452811 0.4253655 0.03415435 0.4465652 0.009110271 0.4775609 0.005452811 0.9400399 0.0296573 0.9749776 0.07318603 0.9589121 0.0828135 0.8045485 0.05381536 0.7871786 0.1120091 0.7868022 0.05184203 0.6422622 0.01617366 0.6312025 0.07244235 0.6152284 0.06297719 0.8223127 0.05495059 0.8081685 0.1126192 0.8045485 0.05381536 0.6586018 0.02236086 0.6499241 0.08122187 0.6312025 0.07244235 0.8403875 0.05505418 0.8286473 0.1130867 0.8223127 0.05495059 0.6751819 0.02781528 0.6705147 0.08869677 0.6499241 0.08122187 0.8589189 0.05381959 0.8491275 0.1125857 0.8403875 0.05505418 0.9231229 0.03735315 0.9169021 0.0998333 0.9014758 0.04525351 0.6924676 0.03276473 0.6924655 0.0957641 0.6705147 0.08869677 0.8777831 0.05105799 0.8698453 0.1106635 0.8589189 0.05381959 0.7316467 0.04181391 0.7421602 0.1062675 0.7188408 0.1020362 0.710458 0.03728246 0.7188408 0.1020362 0.6924655 0.0957641 0.9014758 0.04525351 0.890678 0.1071259 0.8777831 0.05105799 0.7689025 0.04912573 0.7421602 0.1062675 0.7504622 0.04574018 0.9231229 0.03735315 0.9589121 0.0828135 0.9409041 0.09141212 0.7868022 0.05184203 0.7649784 0.1098375 0.7689025 0.04912573 0.8491275 0.1125857 0.83184 0.1447225 0.8286473 0.1130867 0.6705147 0.08869677 0.6343762 0.1149899 0.6499241 0.08122187 0.8698453 0.1106635 0.8531194 0.1445924 0.8491275 0.1125857 0.6924655 0.0957641 0.6626039 0.1309803 0.6705147 0.08869677 0.890678 0.1071259 0.875187 0.1428011 0.8698453 0.1106635 0.7188408 0.1020362 0.7297019 0.1488348 0.7072326 0.1461027 0.7188408 0.1020362 0.6824789 0.1392472 0.6924655 0.0957641 0.9169021 0.0998333 0.8978295 0.1391705 0.890678 0.1071259 0.7421602 0.1062675 0.7639992 0.148835 0.7297019 0.1488348 0.9409041 0.09141212 0.926904 0.1314568 0.9169021 0.0998333 0.9409041 0.09141212 0.9731173 0.1107135 0.9532952 0.1211903 0.7649784 0.1098375 0.7872679 0.1436777 0.7639992 0.148835 0.9589121 0.0828135 0.9909368 0.0982787 0.9731173 0.1107135 0.7871786 0.1120091 0.8111585 0.1437916 0.7872679 0.1436777 0.6312025 0.07244235 0.5936261 0.08372497 0.6152284 0.06297719 0.8286473 0.1130867 0.8111585 0.1437916 0.8081685 0.1126192 0.6499241 0.08122187 0.6180683 0.1004649 0.6312025 0.07244235 0.5497018 0.3171592 0.4240627 0.3315242 0.4184399 0.3171592 0.5497018 0.2922159 0.4240627 0.2807198 0.5440794 0.2807198 0.5497018 0.2922159 0.4184399 0.3171592 0.4184399 0.2922159 0.4534969 0.1933845 0.4241167 0.1845707 0.4533758 0.1805875 0.4533758 0.1805875 0.424238 0.1596274 0.4534969 0.1556442 0.4534223 0.1402184 0.424238 0.1596274 0.4241634 0.1442016 0.5785157 0.3890537 0.6076775 0.3681276 0.6077699 0.3930708 0.5783798 0.4018503 0.6077699 0.3930708 0.6076343 0.4058674 0.4479693 0.3720617 0.5679863 0.3425329 0.5679863 0.3720618 0.4479693 0.3732271 0.5679863 0.402756 0.4479693 0.402756 0.5785157 0.3486847 0.6076775 0.3681276 0.578423 0.3641105 0.4090295 0.5425936 0.4241536 0.5803845 0.3871816 0.5509869 0.4761357 0.5888746 0.4377543 0.5696398 0.4524745 0.5552789 0.5229662 0.6103747 0.4638609 0.6129848 0.4761357 0.5888746 0.3788073 0.102226 0.3438133 0.0538268 0.3897418 0.07701331 0.3438133 0.0538268 0.318096 0.006371259 0.3600524 0.03570407 0.3788073 0.102226 0.4172255 0.1057432 0.4093011 0.1375685 0.4095692 0.7281 0.4790394 0.6956117 0.4828571 0.7238842 0.5337328 0.6930556 0.4828571 0.7238842 0.4790394 0.6956117 0.252329 0.09501284 0.304012 0.1466912 0.2310155 0.1653515 0.2429162 0.02920436 0.2177173 0.0991261 0.2138094 0.0282762 0.730674 0.9982038 0.8061987 0.9857196 0.7686693 0.9988245 0.8061987 0.9857196 0.6719983 0.957417 0.8386744 0.9602402 0.6719983 0.957417 0.8618358 0.925791 0.8386744 0.9602402 0.6587188 0.9223874 0.8729846 0.8866797 0.8618358 0.925791 0.8729846 0.8866797 0.6720881 0.8444042 0.8707621 0.8477239 0.6973204 0.8113624 0.8707621 0.8477239 0.6720881 0.8444042 0.8577224 0.8199845 0.7310037 0.7879208 0.8388298 0.7970132 0.8065235 0.7802242 0.7310037 0.7879208 0.768948 0.7770094 0.8343243 0.6935436 0.7999289 0.6679002 0.8350959 0.6684427 0.7525625 0.5431663 0.7583664 0.5013254 0.77737 0.5164282 0.8266717 0.7358016 0.7967969 0.708108 0.8312789 0.7174443 0.8350959 0.6684427 0.7987754 0.6468991 0.8336901 0.6428484 0.6804293 0.5045662 0.6655739 0.4645078 0.6894605 0.4693858 0.8336901 0.6428484 0.7958598 0.6261889 0.8301368 0.6176087 0.7369692 0.5307739 0.736813 0.4881411 0.7583664 0.5013254 0.8301368 0.6176087 0.7912082 0.6065922 0.8244678 0.593726 0.6608293 0.5005636 0.6423402 0.4629319 0.6655739 0.4645078 0.8244678 0.593726 0.7847724 0.588446 0.8166247 0.5716109 0.7192838 0.5199556 0.7135096 0.4773713 0.736813 0.4881411 0.8166247 0.5716109 0.7763882 0.5719172 0.8064067 0.5514672 0.7798022 0.7538824 0.8207489 0.7531859 0.8105672 0.7732301 0.8064067 0.5514672 0.7656966 0.5568693 0.7933766 0.5331283 0.8312789 0.7174443 0.7992958 0.6884965 0.8343243 0.6935436 0.7001624 0.5111185 0.6894605 0.4693858 0.7135096 0.4773713 0.7656966 0.5568693 0.77737 0.5164282 0.7933766 0.5331283 0.7881566 0.7374354 0.8266717 0.7358016 0.8207489 0.7531859 0.5746982 0.6237053 0.5610437 0.7012512 0.5610437 0.6619565 0.635254 0.5686566 0.5610437 0.7012512 0.6005879 0.591184 0.635254 0.5686566 0.6006872 0.7635648 0.5747179 0.7366387 0.6743653 0.5587354 0.6353382 0.778724 0.6006872 0.7635648 0.6353382 0.778724 0.7416186 0.578253 0.6744671 0.7803338 0.713177 0.7680999 0.7416186 0.578253 0.7630601 0.597707 0.7464758 0.7433745 0.7630601 0.597707 0.779246 0.6317843 0.7703565 0.7095215 0.779246 0.6317843 0.7818346 0.6707514 0.846298 0.5022717 0.8362474 0.5445734 0.8205241 0.5262129 0.913478 0.6209692 0.8704679 0.6036505 0.9065341 0.5956676 0.899815 0.7300873 0.8730076 0.6923884 0.9095972 0.7026924 0.7817001 0.4479919 0.7855933 0.4940752 0.766964 0.4812077 0.7426645 0.4297846 0.7132969 0.4608625 0.7169734 0.4234539 0.8652615 0.5244157 0.8500733 0.5637226 0.8362474 0.5445734 0.9164273 0.6473316 0.8762253 0.624629 0.913478 0.6209692 0.8863387 0.7558296 0.8648969 0.7151023 0.899815 0.7300873 0.8041687 0.4635109 0.8035104 0.5092264 0.7855933 0.4940752 0.7614272 0.4375486 0.7345983 0.4661115 0.7426645 0.4297846 0.8819366 0.5475113 0.8616232 0.5834396 0.8500733 0.5637226 0.9151685 0.6747695 0.8786706 0.6464869 0.9164273 0.6473316 0.7614272 0.4375486 0.766964 0.4812077 0.750155 0.472549 0.8697592 0.7788367 0.8537232 0.7364462 0.8863387 0.7558296 0.825778 0.4817845 0.8205241 0.5262129 0.8035104 0.5092264 0.8958667 0.5712915 0.8704679 0.6036505 0.8616232 0.5834396 0.9095972 0.7026924 0.877627 0.6692366 0.9151685 0.6747695 0.8505717 0.7983834 0.8399766 0.755522 0.8697592 0.7788367 0.3597294 0.7135933 0.3306545 0.8116695 0.2814975 0.77712 0.1465301 0.5583955 0.08497858 0.5353079 0.1116023 0.5081425 0.2638849 0.4976971 0.2817776 0.5316854 0.2064994 0.53679 0.08773857 0.316019 0.0950061 0.3605915 0.04985624 0.3665022 0.1811041 0.4946847 0.1508423 0.4766226 0.2138908 0.4423777 0.3531177 0.4173132 0.2992891 0.4451243 0.2771813 0.4070012 0.1574975 0.5303321 0.1116023 0.5081425 0.1508423 0.4766226 0.249136 0.9043699 0.2429055 0.9486628 0.1971501 0.9488324 0.2514331 0.9833211 0.2429055 0.9486628 0.3066769 0.9275556 0.3141342 0.3371913 0.256782 0.3751161 0.2399358 0.348197 0.1692502 0.2669771 0.1336635 0.1911502 0.2310155 0.1653515 0.1908808 0.4175103 0.128909 0.4546415 0.120116 0.436233 0.2102317 0.5615987 0.1465301 0.5583955 0.1574975 0.5303321 0.2992891 0.4451243 0.3531177 0.4173132 0.3700184 0.4493373 0.08352982 0.4777277 0.06856894 0.4500969 0.120116 0.436233 0.2064994 0.53679 0.1574975 0.5303321 0.1811041 0.4946847 0.3485919 0.3096297 0.3141342 0.3371913 0.3020844 0.3021588 0.240489 0.4710458 0.2638849 0.4976971 0.212202 0.50591 0.1051555 0.0876246 0.08760023 0.08089977 0.1102338 0.007851719 0.3853166 0.3891295 0.3531177 0.4173132 0.3328821 0.3751147 0.36593 0.3483806 0.3328821 0.3751147 0.3141342 0.3371913 0.08376377 0.6962378 0.07524573 0.7553468 0.03331571 0.7399771 0.0658428 0.2566168 0.05354201 0.2971484 0.02225029 0.2846917 0.3531177 0.4173132 0.3853166 0.3891295 0.4039919 0.4189196 0.256782 0.3751161 0.1908808 0.4175103 0.1784476 0.3947478 0.240489 0.4710458 0.2138908 0.4423777 0.2771813 0.4070012 0.3328821 0.3751147 0.2771813 0.4070012 0.256782 0.3751161 0.252329 0.09501284 0.2429162 0.02920436 0.2609546 0.02952772 0.04943025 0.6772358 0.03331571 0.7399771 0.01081383 0.7271341 0.1692502 0.2669771 0.1347827 0.3187636 0.114684 0.2709899 0.3426803 0.5103252 0.3171143 0.4804255 0.3700184 0.4493373 0.07156234 0.6277615 0.04943025 0.6772358 0.02654772 0.6629751 0.2817776 0.5316854 0.2638849 0.4976971 0.3171143 0.4804255 0.1026979 0.1551797 0.0658428 0.2566168 0.02956777 0.2439528 0.4245349 0.449851 0.4371092 0.429661 0.453747 0.448136 0.03458726 0.8194583 0.05975288 0.8665021 0.03129947 0.8724051 0.1586215 0.1016575 0.1051555 0.0876246 0.1425739 0.01613283 0.04701501 0.4996573 0.02478402 0.4583314 0.06856894 0.4500969 0.4091758 0.496348 0.3881508 0.4789745 0.4245349 0.449851 0.2138908 0.4423777 0.1908808 0.4175103 0.256782 0.3751161 0.410689 0.3706264 0.3853166 0.3891295 0.36593 0.3483806 0.05354201 0.2971484 0.0658428 0.2566168 0.114684 0.2709899 0.3914029 0.2823199 0.3485919 0.3096297 0.3414532 0.2769773 0.3331202 0.5750927 0.3871816 0.5509869 0.3681471 0.6399305 0.3114955 0.6920287 0.3193397 0.6353495 0.3681471 0.6399305 0.04985624 0.3665022 0.05690068 0.4114449 0.01165568 0.403702 0.1051555 0.0876246 0.1026979 0.1551797 0.0755887 0.141385 0.05354201 0.2971484 0.04985624 0.3665022 0.01193028 0.3553744 0.3984063 0.3258033 0.36593 0.3483806 0.3485919 0.3096297 0.2911342 0.8986665 0.249136 0.9043699 0.2868282 0.8568295 0.09469681 0.8432074 0.1221442 0.8702968 0.09442746 0.9066643 0.2595708 0.2173289 0.2310155 0.1653515 0.304012 0.1466912 0.304012 0.1466912 0.3788073 0.102226 0.4093011 0.1375685 0.1863759 0.66298 0.1697557 0.7284777 0.1248024 0.7108886 0.3306545 0.8116695 0.3597294 0.7135933 0.4095692 0.7281 0.08376377 0.6962378 0.04943025 0.6772358 0.07156234 0.6277615 0.1689124 0.8947131 0.1570321 0.9422706 0.1279438 0.9308807 0.2102317 0.5615987 0.2064994 0.53679 0.2817776 0.5316854 0.2275436 0.675776 0.2660307 0.681329 0.2394341 0.7567698 0.1805266 0.8165038 0.206491 0.8262293 0.1689124 0.8947131 0.1098623 0.7769994 0.09469681 0.8432074 0.07144737 0.8116552 0.2992891 0.4451243 0.3171143 0.4804255 0.2638849 0.4976971 0.05975288 0.8665021 0.03458726 0.8194583 0.07144737 0.8116552 0.2463247 0.6342939 0.2798144 0.635396 0.2660307 0.681329 0.3547944 0.936712 0.3168868 0.9536177 0.3066769 0.9275556 0.1041656 0.6381211 0.07156234 0.6277615 0.09194624 0.5856326 0.1612254 0.6083254 0.2047883 0.6224569 0.1863759 0.66298 0.4596903 0.6308243 0.4663259 0.6689765 0.4080809 0.6548801 0.3897418 0.07701331 0.3974694 0.05477893 0.4235377 0.08150202 0.4996272 0.8440584 0.4427231 0.8699319 0.4313019 0.8481422 0.5518484 0.7487658 0.4836004 0.7795214 0.4828571 0.7238842 0.0658428 0.2566168 0.1026979 0.1551797 0.1336635 0.1911502 0.1408973 0.6482013 0.1041656 0.6381211 0.1276593 0.5965329 0.2068685 0.7437211 0.2394341 0.7567698 0.206491 0.8262293 0.1697557 0.7284777 0.1482987 0.7990805 0.1098623 0.7769994 0.3283716 0.866617 0.2868282 0.8568295 0.3306545 0.8116695 0.4427231 0.8699319 0.3547944 0.936712 0.3446153 0.9048547 0.525951 0.6712853 0.5337328 0.6930556 0.4790394 0.6956117 0.4836004 0.7795214 0.4003608 0.8284295 0.4095692 0.7281 0.5583239 0.7805506 0.4983345 0.8250507 0.4836004 0.7795214 0.516621 0.6279945 0.5141949 0.646168 0.4596903 0.6308243 0.09194624 0.5856326 0.07428371 0.574135 0.08436328 0.5554937 0.134819 0.5748295 0.1721081 0.5805256 0.1612254 0.6083254 0.1279438 0.9308807 0.1570321 0.9422706 0.1467253 0.9819524 0.1248024 0.7108886 0.08376377 0.6962378 0.1041656 0.6381211 0.09194624 0.5856326 0.07156234 0.6277615 0.05115121 0.6100825 0.05975288 0.8665021 0.09442746 0.9066643 0.0664882 0.925794 0.4836004 0.7795214 0.4983345 0.8250507 0.4313019 0.8481422 0.4638609 0.6129848 0.4596903 0.6308243 0.4241536 0.5803845 0.5141949 0.646168 0.525951 0.6712853 0.4663259 0.6689765 0.3446153 0.9048547 0.3066769 0.9275556 0.2911342 0.8986665 0.1039921 0.5677886 0.134819 0.5748295 0.1276593 0.5965329 0.2643139 0.5871821 0.294015 0.583398 0.2798144 0.635396 0.2868282 0.8568295 0.2412381 0.8392965 0.2814975 0.77712 0.2429055 0.9486628 0.2514331 0.9833211 0.2033581 0.9893214 0.3312898 0.2361382 0.2841814 0.2590555 0.2595708 0.2173289 0.0950061 0.3605915 0.1347827 0.3187636 0.1610219 0.3629085 0.2595708 0.2173289 0.2841814 0.2590555 0.2132248 0.3122626 0.3853166 0.3891295 0.410689 0.3706264 0.4230129 0.4051754 0.2132248 0.3122626 0.1610219 0.3629085 0.1347827 0.3187636 0.05690068 0.4114449 0.04985624 0.3665022 0.0950061 0.3605915 0.1586215 0.1016575 0.1757863 0.02203559 0.2138094 0.0282762 0.294015 0.583398 0.3331202 0.5750927 0.3193397 0.6353495 0.2182055 0.5873654 0.2643139 0.5871821 0.2463247 0.6342939 0.09442746 0.9066643 0.1279438 0.9308807 0.1036288 0.9612992 0.3160688 0.1897077 0.4093011 0.1375685 0.3909119 0.2085805 0.3597294 0.7135933 0.3681471 0.6399305 0.4080809 0.6548801 0.1467253 0.9819524 0.1570321 0.9422706 0.1971501 0.9488324 0.2068685 0.7437211 0.1805266 0.8165038 0.1482987 0.7990805 0.5678312 0.8121611 0.4996272 0.8440584 0.4983345 0.8250507 0.2394341 0.7567698 0.2814975 0.77712 0.2412381 0.8392965 0.1026979 0.1551797 0.1051555 0.0876246 0.1586215 0.1016575 0.4663259 0.6689765 0.4790394 0.6956117 0.4095692 0.7281 0.2047883 0.6224569 0.2463247 0.6342939 0.2275436 0.675776 0.2798144 0.635396 0.3193397 0.6353495 0.3114955 0.6920287 0.1570321 0.9422706 0.1689124 0.8947131 0.201254 0.9012075 0.206491 0.8262293 0.2412381 0.8392965 0.201254 0.9012075 0.2660307 0.681329 0.3114955 0.6920287 0.2814975 0.77712 0.1721081 0.5805256 0.2182055 0.5873654 0.2047883 0.6224569 0.1482987 0.7990805 0.1221442 0.8702968 0.09469681 0.8432074 0.09442746 0.9066643 0.1221442 0.8702968 0.1485823 0.8883115 0.07524573 0.7553468 0.07144737 0.8116552 0.03458726 0.8194583 0.2275436 0.675776 0.2068685 0.7437211 0.1697557 0.7284777 0.1805266 0.8165038 0.1485823 0.8883115 0.1221442 0.8702968 0.249136 0.9043699 0.2911342 0.8986665 0.3066769 0.9275556 0.3414532 0.2769773 0.3020844 0.3021588 0.2841814 0.2590555 0.3681471 0.6399305 0.3871816 0.5509869 0.4241536 0.5803845 0.3241137 0.07421803 0.2881495 0.02808916 0.3037714 0.01817816 0.3894002 0.251671 0.3414532 0.2769773 0.3312898 0.2361382 0.4371092 0.429661 0.4245349 0.449851 0.4039919 0.4189196 0.1586215 0.1016575 0.2177173 0.0991261 0.2310155 0.1653515 0.08497858 0.5353079 0.04701501 0.4996573 0.08352982 0.4777277 0.02478402 0.4583314 0.01165568 0.403702 0.05690068 0.4114449 0.2399358 0.348197 0.1784476 0.3947478 0.1610219 0.3629085 0.2959836 0.5512543 0.2817776 0.5316854 0.3426803 0.5103252 0.3438133 0.0538268 0.3600524 0.03570407 0.3974694 0.05477893 0.3241137 0.07421803 0.3788073 0.102226 0.304012 0.1466912 0.4245349 0.449851 0.3881508 0.4789745 0.3700184 0.4493373 0.1784476 0.3947478 0.120116 0.436233 0.1081386 0.406334 0.3020844 0.3021588 0.2399358 0.348197 0.2132248 0.3122626 0.06856894 0.4500969 0.05690068 0.4114449 0.1081386 0.406334 0.2787276 0.09124165 0.2609546 0.02952772 0.2881495 0.02808916 0.1508423 0.4766226 0.128909 0.4546415 0.1908808 0.4175103 0.3592984 0.5295134 0.3426803 0.5103252 0.3881508 0.4789745 0.1116023 0.5081425 0.08352982 0.4777277 0.128909 0.4546415 0.08773857 0.316019 0.114684 0.2709899 0.1347827 0.3187636 0.03331571 0.7399771 0.03458726 0.8194583 0.008607864 0.8139911 0.3446153 0.9048547 0.3283716 0.866617 0.4003608 0.8284295 0.2412381 0.8392965 0.2868282 0.8568295 0.249136 0.9043699 0.1248024 0.7108886 0.1098623 0.7769994 0.07524573 0.7553468 0.4231345 0.5327678 0.4524745 0.5552789 0.4377543 0.5696398 0.7708398 0.4070532 0.7186571 0.4060201 0.880496 0.3149177 0.679172 0.3877457 0.8855727 0.2716642 0.880496 0.3149177 0.6496457 0.3570542 0.874863 0.2302726 0.8855727 0.2716642 0.6496457 0.3570542 0.6338716 0.3174723 0.8493433 0.1962884 0.6338714 0.2742444 0.8125478 0.1736998 0.8493433 0.1962884 0.6494399 0.2326812 0.7690936 0.1652997 0.8125478 0.1736998 0.7242866 0.1723254 0.7690936 0.1652997 0.6494399 0.2326812 0.4771348 0.4469336 0.5363161 0.4143511 0.571278 0.415586 0.571278 0.415586 0.5986552 0.4282661 0.4553089 0.5080536 0.5986552 0.4282661 0.6192116 0.4495916 0.4627277 0.5366103 0.4627277 0.5366103 0.6192116 0.4495916 0.6300268 0.4769764 0.6300268 0.4769764 0.6300268 0.5068884 0.5059023 0.5759384 0.6300268 0.5068884 0.6192361 0.5355888 0.5360844 0.581811 0.5360844 0.581811 0.6192361 0.5355888 0.5988476 0.559497 0.899449 0.9329895 0.9030625 0.8817584 0.9490823 0.8817584 0.9203976 0.4294135 0.9144098 0.3864927 0.9604296 0.3864927 0.9030625 0.8817584 0.9080088 0.8377418 0.9540286 0.8377418 0.9085293 0.3435787 0.9545493 0.3435787 0.9604296 0.3864927 0.9138564 0.7946525 0.9598761 0.7946525 0.9540286 0.8377418 0.9034605 0.2996183 0.9494802 0.2996183 0.9545493 0.3435787 0.9138564 0.7946525 0.9198543 0.7518462 0.9658741 0.7518462 0.8995994 0.2466754 0.9456194 0.2466754 0.9494802 0.2996183 0.9252605 0.7082673 0.9712802 0.7082675 0.9658741 0.7518462 0.9318729 0.5641695 0.9296922 0.518022 0.9757121 0.518022 0.9294012 0.6634444 0.975421 0.6634444 0.9712802 0.7082675 0.8995994 0.2466754 0.8981378 0.197095 0.9441578 0.1970953 0.9257043 0.4730581 0.971724 0.4730581 0.9757121 0.518022 0.9317454 0.617375 0.9777652 0.6173753 0.975421 0.6634444 0.899449 0.9329895 0.945469 0.9329895 0.9441574 0.9845231 0.9257043 0.4730581 0.9203976 0.4294135 0.9664174 0.4294135 0.9317454 0.617375 0.9318729 0.5641695 0.9778926 0.5641695 0.420072 0.9122388 0.4332959 0.9133959 0.4405955 0.9871982 0.4921668 0.1888929 0.4997649 0.2098991 0.4740563 0.2248219 0.4997649 0.2098991 0.5135186 0.2267956 0.4947254 0.2500103 0.5135186 0.2267956 0.5315696 0.2372296 0.522188 0.2659683 0.5315696 0.2372296 0.5515287 0.2401956 0.5528198 0.2707784 0.5515287 0.2401956 0.5710554 0.2355722 0.582843 0.2640064 0.587902 0.223816 0.6085504 0.2463695 0.582843 0.2640064 0.5999185 0.2060224 0.6264895 0.2199137 0.6085504 0.2463695 0.6055615 0.1844154 0.6346321 0.1882203 0.6264895 0.2199137 0.6055615 0.1844154 0.6020611 0.1558853 0.6289585 0.1463586 0.6020611 0.1558853 0.5883315 0.1325848 0.6086193 0.1119804 0.5883315 0.1325848 0.5714581 0.1198307 0.5830547 0.09265345 0.5518617 0.1144267 0.5530148 0.0841543 0.5830547 0.09265345 0.5317816 0.1166607 0.5221517 0.0872699 0.5527684 0.08413898 0.5138474 0.1262355 0.4946842 0.1016073 0.5221517 0.0872699 0.5000853 0.1422963 0.4739707 0.125584 0.4946842 0.1016073 0.4923448 0.1628109 0.4625653 0.1560198 0.4739707 0.125584 0.4923448 0.1628109 0.4921668 0.1888929 0.4625654 0.1937686 0.5086116 0.9131354 0.5120882 0.9859296 0.4871046 0.9875486 0.6301823 0.9189482 0.6425046 0.9214635 0.6416388 0.9956777 0.4822851 0.9145846 0.4871046 0.9875486 0.4666199 0.9881271 0.604542 0.9144571 0.6176467 0.9165697 0.6176999 0.9907913 0.4502375 0.9144269 0.4682721 0.9148495 0.4666199 0.9881271 0.5605614 0.9109194 0.5630401 0.9843313 0.5366365 0.9844073 0.5745715 0.911431 0.5908869 0.9127564 0.5923407 0.9867058 0.5338127 0.9114527 0.5366365 0.9844073 0.5120882 0.9859296 0.5131435 0.05912882 0.5039595 0.08364307 0.4779276 0.1022217 0.504611 0.02697628 0.5131435 0.05912882 0.4468325 0.09772145 0.504611 0.02697628 0.4253655 0.07170629 0.4253655 0.03415435 0.9400399 0.0296573 0.9564486 0.02130556 0.9749776 0.07318603 0.8045485 0.05381536 0.8081685 0.1126192 0.7871786 0.1120091 0.6422622 0.01617366 0.6586018 0.02236086 0.6312025 0.07244235 0.8223127 0.05495059 0.8286473 0.1130867 0.8081685 0.1126192 0.6586018 0.02236086 0.6751819 0.02781528 0.6499241 0.08122187 0.8403875 0.05505418 0.8491275 0.1125857 0.8286473 0.1130867 0.6751819 0.02781528 0.6924676 0.03276473 0.6705147 0.08869677 0.8589189 0.05381959 0.8698453 0.1106635 0.8491275 0.1125857 0.9231229 0.03735315 0.9409041 0.09141212 0.9169021 0.0998333 0.6924676 0.03276473 0.710458 0.03728246 0.6924655 0.0957641 0.8777831 0.05105799 0.890678 0.1071259 0.8698453 0.1106635 0.7316467 0.04181391 0.7504622 0.04574018 0.7421602 0.1062675 0.710458 0.03728246 0.7316467 0.04181391 0.7188408 0.1020362 0.9014758 0.04525351 0.9169021 0.0998333 0.890678 0.1071259 0.7689025 0.04912573 0.7649784 0.1098375 0.7421602 0.1062675 0.9231229 0.03735315 0.9400399 0.0296573 0.9589121 0.0828135 0.7868022 0.05184203 0.7871786 0.1120091 0.7649784 0.1098375 0.8491275 0.1125857 0.8531194 0.1445924 0.83184 0.1447225 0.6705147 0.08869677 0.6626039 0.1309803 0.6343762 0.1149899 0.8698453 0.1106635 0.875187 0.1428011 0.8531194 0.1445924 0.6924655 0.0957641 0.6824789 0.1392472 0.6626039 0.1309803 0.890678 0.1071259 0.8978295 0.1391705 0.875187 0.1428011 0.7188408 0.1020362 0.7421602 0.1062675 0.7297019 0.1488348 0.7188408 0.1020362 0.7072326 0.1461027 0.6824789 0.1392472 0.9169021 0.0998333 0.926904 0.1314568 0.8978295 0.1391705 0.7421602 0.1062675 0.7649784 0.1098375 0.7639992 0.148835 0.9409041 0.09141212 0.9532952 0.1211903 0.926904 0.1314568 0.9409041 0.09141212 0.9589121 0.0828135 0.9731173 0.1107135 0.7649784 0.1098375 0.7871786 0.1120091 0.7872679 0.1436777 0.9589121 0.0828135 0.9749776 0.07318603 0.9909368 0.0982787 0.7871786 0.1120091 0.8081685 0.1126192 0.8111585 0.1437916 0.6312025 0.07244235 0.6180683 0.1004649 0.5936261 0.08372497 0.8286473 0.1130867 0.83184 0.1447225 0.8111585 0.1437916 0.6499241 0.08122187 0.6343762 0.1149899 0.6180683 0.1004649 0.5497018 0.3171592 0.5440794 0.3315242 0.4240627 0.3315242 0.5497018 0.2922159 0.4184399 0.2922159 0.4240627 0.2807198 0.5497018 0.2922159 0.5497018 0.3171592 0.4184399 0.3171592 0.4534969 0.1933845 0.4242379 0.1973677 0.4241167 0.1845707 0.4533758 0.1805875 0.4241167 0.1845707 0.424238 0.1596274 0.4534223 0.1402184 0.4534969 0.1556442 0.424238 0.1596274 0.5785157 0.3890537 0.578423 0.3641105 0.6076775 0.3681276 0.5783798 0.4018503 0.5785157 0.3890537 0.6077699 0.3930708 0.4479693 0.3720617 0.4479693 0.3425328 0.5679863 0.3425329 0.4479693 0.3732271 0.5679863 0.3732271 0.5679863 0.402756 0.5785157 0.3486847 0.6077699 0.3527018 0.6076775 0.3681276 0.4090295 0.5425936 0.4377543 0.5696398 0.4241536 0.5803845 0.4761357 0.5888746 0.4638609 0.6129848 0.4377543 0.5696398 0.5229662 0.6103747 0.516621 0.6279945 0.4638609 0.6129848 0.3788073 0.102226 0.3241137 0.07421803 0.3438133 0.0538268 0.3438133 0.0538268 0.3037714 0.01817816 0.318096 0.006371259 0.3788073 0.102226 0.3897418 0.07701331 0.4172255 0.1057432 0.5337328 0.6930556 0.5413141 0.7132034 0.4828571 0.7238842 0.252329 0.09501284 0.2787276 0.09124165 0.304012 0.1466912 0.2429162 0.02920436 0.252329 0.09501284 0.2177173 0.0991261 0.730674 0.9982038 0.6970009 0.9839158 0.8061987 0.9857196 0.8061987 0.9857196 0.6970009 0.9839158 0.6719983 0.957417 0.6719983 0.957417 0.6587188 0.9223874 0.8618358 0.925791 0.6587188 0.9223874 0.658719 0.8830762 0.8729846 0.8866797 0.8729846 0.8866797 0.658719 0.8830762 0.6720881 0.8444042 0.6973204 0.8113624 0.8577224 0.8199845 0.8707621 0.8477239 0.8577224 0.8199845 0.6973204 0.8113624 0.7310037 0.7879208 0.8065235 0.7802242 0.8388298 0.7970132 0.7310037 0.7879208 0.8343243 0.6935436 0.7992958 0.6884965 0.7999289 0.6679002 0.7525625 0.5431663 0.7369692 0.5307739 0.7583664 0.5013254 0.8266717 0.7358016 0.7930165 0.7231709 0.7967969 0.708108 0.8350959 0.6684427 0.7999289 0.6679002 0.7987754 0.6468991 0.6804293 0.5045662 0.6608293 0.5005636 0.6655739 0.4645078 0.8336901 0.6428484 0.7987754 0.6468991 0.7958598 0.6261889 0.7369692 0.5307739 0.7192838 0.5199556 0.736813 0.4881411 0.8301368 0.6176087 0.7958598 0.6261889 0.7912082 0.6065922 0.6608293 0.5005636 0.6417651 0.4992705 0.6423402 0.4629319 0.8244678 0.593726 0.7912082 0.6065922 0.7847724 0.588446 0.7192838 0.5199556 0.7001624 0.5111185 0.7135096 0.4773713 0.8166247 0.5716109 0.7847724 0.588446 0.7763882 0.5719172 0.7798022 0.7538824 0.7881566 0.7374354 0.8207489 0.7531859 0.8064067 0.5514672 0.7763882 0.5719172 0.7656966 0.5568693 0.8312789 0.7174443 0.7967969 0.708108 0.7992958 0.6884965 0.7001624 0.5111185 0.6804293 0.5045662 0.6894605 0.4693858 0.7656966 0.5568693 0.7525625 0.5431663 0.77737 0.5164282 0.7881566 0.7374354 0.7930165 0.7231709 0.8266717 0.7358016 0.5746982 0.6237053 0.6005879 0.591184 0.5610437 0.7012512 0.635254 0.5686566 0.5747179 0.7366387 0.5610437 0.7012512 0.635254 0.5686566 0.6743653 0.5587354 0.6006872 0.7635648 0.6743653 0.5587354 0.7131045 0.5626278 0.6353382 0.778724 0.6353382 0.778724 0.7131045 0.5626278 0.7416186 0.578253 0.713177 0.7680999 0.6744671 0.7803338 0.7416186 0.578253 0.7464758 0.7433745 0.713177 0.7680999 0.7630601 0.597707 0.7703565 0.7095215 0.7464758 0.7433745 0.779246 0.6317843 0.846298 0.5022717 0.8652615 0.5244157 0.8362474 0.5445734 0.913478 0.6209692 0.8762253 0.624629 0.8704679 0.6036505 0.899815 0.7300873 0.8648969 0.7151023 0.8730076 0.6923884 0.7817001 0.4479919 0.8041687 0.4635109 0.7855933 0.4940752 0.7426645 0.4297846 0.7345983 0.4661115 0.7132969 0.4608625 0.8652615 0.5244157 0.8819366 0.5475113 0.8500733 0.5637226 0.9164273 0.6473316 0.8786706 0.6464869 0.8762253 0.624629 0.8863387 0.7558296 0.8537232 0.7364462 0.8648969 0.7151023 0.8041687 0.4635109 0.825778 0.4817845 0.8035104 0.5092264 0.7614272 0.4375486 0.750155 0.472549 0.7345983 0.4661115 0.8819366 0.5475113 0.8958667 0.5712915 0.8616232 0.5834396 0.9151685 0.6747695 0.877627 0.6692366 0.8786706 0.6464869 0.7614272 0.4375486 0.7817001 0.4479919 0.766964 0.4812077 0.8697592 0.7788367 0.8399766 0.755522 0.8537232 0.7364462 0.825778 0.4817845 0.846298 0.5022717 0.8205241 0.5262129 0.8958667 0.5712915 0.9065341 0.5956676 0.8704679 0.6036505 0.9095972 0.7026924 0.8730076 0.6923884 0.877627 0.6692366 0.8505717 0.7983834 0.8240676 0.7717288 0.8399766 0.755522</float_array>
          <technique_common>
            <accessor source="#Cube_021-mesh-map-0-array" count="1941" stride="2">
              <param name="S" type="float"/>
              <param name="T" type="float"/>
            </accessor>
          </technique_common>
        </source>
        <vertices id="Cube_021-mesh-vertices">
          <input semantic="POSITION" source="#Cube_021-mesh-positions"/>
        </vertices>
        <triangles material="GP-5-Lezhit_LP-material" count="647">
          <input semantic="VERTEX" source="#Cube_021-mesh-vertices" offset="0"/>
          <input semantic="NORMAL" source="#Cube_021-mesh-normals" offset="1"/>
          <input semantic="TEXCOORD" source="#Cube_021-mesh-map-0" offset="2" set="0"/>
          <p>114 0 0 70 1 1 77 2 2 126 3 3 150 4 4 39 5 5 27 6 6 32 7 7 3 8 8 1 9 9 57 10 10 35 11 11 13 12 12 148 13 13 30 14 14 19 15 15 139 16 16 146 17 17 39 5 18 138 18 19 13 12 20 112 19 21 97 20 22 68 21 23 136 22 24 94 23 25 119 24 26 16 25 27 142 26 28 145 27 29 54 28 30 17 29 31 55 30 32 28 31 33 141 32 34 147 33 35 121 34 36 39 5 37 32 7 38 14 35 39 15 36 40 7 37 41 33 38 42 141 32 43 5 39 44 32 7 45 13 12 46 3 8 47 49 40 48 145 27 49 152 41 50 30 14 51 3 8 52 13 12 53 42 42 54 130 43 55 43 44 56 51 45 57 146 17 58 151 46 59 151 46 60 16 25 61 49 40 62 17 29 63 22 47 64 305 48 65 66 49 66 105 50 67 93 51 68 45 52 69 119 24 70 133 53 71 19 15 72 48 54 73 15 36 74 8 55 75 147 33 76 142 26 77 30 14 78 139 16 79 14 35 80 146 17 81 8 55 82 16 25 83 305 48 84 23 56 85 20 57 86 93 51 87 132 58 88 123 59 89 54 28 90 26 60 91 6 61 92 34 62 93 15 36 94 40 63 95 99 64 96 123 59 97 127 65 98 46 66 99 7 37 100 34 62 101 37 67 102 133 53 103 124 68 104 52 69 105 120 70 106 135 71 107 91 72 108 126 3 109 121 34 110 21 73 111 43 44 112 24 74 113 122 75 114 149 76 115 33 38 116 127 65 117 52 69 118 135 71 119 148 13 120 8 55 121 139 16 122 12 77 123 151 46 124 143 78 125 35 11 126 26 60 127 1 9 128 4 79 129 152 41 130 137 80 131 69 81 132 117 82 133 109 83 134 77 2 135 117 82 136 114 0 137 57 10 138 125 84 139 136 22 140 42 42 141 124 68 142 128 85 143 35 11 144 136 22 145 119 24 146 143 78 147 49 40 148 4 79 149 60 86 150 115 87 151 85 88 152 72 89 153 164 90 154 98 91 155 55 30 156 0 92 157 58 93 158 0 92 159 47 94 160 58 93 161 160 95 162 73 96 163 78 97 164 113 98 165 76 99 166 65 100 167 66 49 168 99 64 169 74 101 170 156 102 171 92 103 172 64 104 173 121 34 174 46 66 175 132 58 176 75 105 177 157 106 178 67 107 179 87 108 180 156 102 181 64 104 182 89 109 183 62 110 184 86 111 185 14 35 186 27 6 187 30 14 188 98 91 189 62 110 190 72 89 191 108 112 192 159 113 193 75 105 194 133 53 195 94 23 196 104 114 197 74 101 198 111 115 199 107 116 200 110 117 201 160 95 202 78 97 203 100 118 204 59 119 205 90 120 206 300 121 207 134 122 208 301 123 209 128 85 210 96 124 211 101 125 212 83 126 213 81 127 214 84 128 215 45 52 216 6 61 217 26 60 218 78 97 219 107 116 220 110 117 221 67 107 222 161 129 223 87 108 224 155 130 225 89 109 226 73 96 227 85 88 228 113 98 229 65 100 230 124 68 231 104 114 232 96 124 233 82 131 234 303 132 235 79 133 236 80 134 237 76 99 238 81 127 239 102 135 240 80 134 241 83 126 242 295 136 243 100 118 244 294 137 245 111 115 246 120 70 247 95 138 248 61 139 249 110 117 250 107 116 251 92 103 252 140 140 253 122 75 254 73 96 255 74 101 256 78 97 257 111 115 258 127 65 259 135 71 260 98 91 261 144 141 262 126 3 263 80 134 264 96 124 265 65 100 266 294 137 267 90 120 268 296 142 269 103 143 270 79 133 271 100 118 272 104 114 273 60 86 274 85 88 275 95 138 276 107 116 277 111 115 278 63 144 279 166 145 280 108 112 281 115 87 282 70 1 283 113 98 284 116 146 285 125 84 286 97 20 287 50 147 288 55 30 289 58 93 290 53 148 291 29 149 292 9 150 293 55 30 294 11 151 295 54 28 296 51 45 297 2 152 298 48 54 299 11 151 300 56 153 301 54 28 302 38 154 303 53 148 304 9 150 305 21 73 306 25 155 307 22 47 308 153 156 309 109 83 310 166 145 311 158 157 312 108 112 313 165 158 314 164 90 315 122 75 316 144 141 317 58 93 318 10 159 319 50 147 320 114 0 321 59 119 322 76 99 323 140 140 324 97 20 325 125 84 326 67 107 327 162 160 328 155 130 329 130 43 330 101 125 331 102 135 332 157 106 333 88 161 334 161 129 335 37 67 336 21 73 337 6 61 338 79 133 339 76 99 340 59 119 341 165 158 342 75 105 343 160 95 344 166 145 345 77 2 346 159 113 347 163 162 348 68 21 349 97 20 350 161 129 351 68 21 352 156 102 353 159 113 354 70 1 355 157 106 356 71 163 357 165 158 358 110 117 359 162 160 360 72 89 361 89 109 362 164 90 363 64 104 364 92 103 365 86 111 366 91 72 367 105 50 368 75 105 369 155 130 370 160 95 371 87 108 372 154 164 373 162 160 374 112 19 375 94 23 376 116 146 377 152 41 378 18 165 379 50 147 380 117 82 381 90 120 382 59 119 383 41 166 384 299 167 385 298 168 386 137 80 387 50 147 388 10 159 389 36 169 390 48 54 391 2 152 392 21 73 393 17 29 394 6 61 395 144 141 396 33 38 397 150 4 398 140 140 399 38 154 400 149 76 401 142 26 402 29 149 403 11 151 404 132 58 405 34 62 406 123 59 407 298 168 408 118 170 409 300 121 410 41 166 411 0 92 412 20 57 413 52 69 414 15 36 415 48 54 416 147 33 417 9 150 418 29 149 419 145 27 420 11 151 421 18 165 422 149 76 423 9 150 424 141 32 425 20 57 426 44 171 427 41 166 428 138 18 429 28 31 430 148 13 431 123 59 432 40 63 433 127 65 434 150 4 435 5 39 436 138 18 437 1 9 438 56 153 439 53 148 440 105 50 441 121 34 442 132 58 443 104 114 444 65 100 445 96 124 446 88 161 447 112 19 448 68 21 449 73 96 450 86 111 451 66 49 452 134 122 453 296 142 454 297 172 455 175 173 456 174 174 457 176 175 458 174 174 459 177 176 460 176 175 461 172 177 462 177 176 463 173 178 464 171 179 465 178 180 466 172 177 467 171 179 468 180 181 469 179 182 470 169 183 471 180 181 472 170 184 473 168 185 474 181 186 475 169 183 476 183 187 477 168 185 478 167 188 479 192 189 480 193 190 481 191 191 482 191 191 483 194 192 484 190 193 485 194 192 486 189 194 487 190 193 488 195 195 489 188 196 490 189 194 491 188 196 492 197 197 493 187 198 494 197 197 495 186 199 496 187 198 497 198 200 498 184 201 499 186 199 500 184 201 501 200 202 502 185 203 503 176 175 504 194 192 505 193 190 506 170 184 507 188 196 508 187 198 509 177 176 510 195 195 511 194 192 512 172 177 513 188 196 514 171 179 515 179 182 516 195 195 517 178 180 518 173 178 519 189 194 520 172 177 521 179 182 522 197 197 523 196 204 524 174 174 525 190 193 526 173 178 527 181 186 528 197 197 529 180 181 530 167 188 531 184 201 532 185 203 533 182 205 534 198 200 535 181 186 536 174 174 537 192 189 538 191 191 539 169 183 540 184 201 541 168 185 542 183 187 543 199 206 544 182 205 545 176 175 546 192 189 547 175 173 548 169 183 549 187 198 550 186 199 551 183 187 552 185 203 553 200 202 554 229 207 555 240 208 556 241 209 557 219 210 558 201 211 559 202 212 560 218 213 561 203 214 562 201 211 563 220 215 564 204 216 565 203 214 566 221 217 567 205 218 568 204 216 569 222 219 570 206 220 571 205 218 572 224 221 573 206 220 574 223 222 575 225 223 576 207 224 577 224 221 578 226 225 579 208 226 580 225 223 581 226 225 582 210 227 583 209 228 584 227 229 585 211 230 586 210 227 587 228 231 588 212 232 589 211 230 590 230 233 591 212 232 592 229 207 593 231 234 594 213 235 595 230 233 596 232 236 597 214 237 598 231 234 599 233 238 600 215 239 601 232 236 602 234 240 603 216 241 604 233 238 605 234 240 606 202 212 607 217 242 608 223 222 609 222 219 610 237 243 611 230 233 612 229 207 613 241 209 614 223 222 615 238 244 616 224 221 617 231 234 618 241 209 619 242 245 620 225 223 621 224 221 622 238 244 623 232 236 624 231 234 625 242 245 626 225 223 627 239 246 628 226 225 629 218 213 630 219 210 631 235 247 632 233 238 633 242 245 634 243 248 635 227 229 636 239 246 637 240 208 638 218 213 639 236 249 640 220 215 641 234 240 642 233 238 643 243 248 644 221 217 645 220 215 646 236 249 647 219 210 648 243 248 649 235 247 650 228 231 651 227 229 652 240 208 653 221 217 654 237 243 655 222 219 656 239 246 657 237 243 658 236 249 659 240 208 660 236 249 661 235 247 662 240 208 663 243 248 664 241 209 665 243 248 666 242 245 667 241 209 668 212 232 669 256 250 670 255 251 671 205 218 672 247 252 673 204 216 674 213 235 675 257 253 676 256 250 677 206 220 678 248 254 679 205 218 680 214 237 681 258 255 682 257 253 683 207 224 684 249 256 685 206 220 686 215 239 687 259 257 688 258 255 689 208 226 690 250 258 691 207 224 692 211 230 693 253 259 694 210 227 695 216 241 696 260 260 697 259 257 698 209 228 699 251 261 700 208 226 701 202 212 702 244 262 703 245 263 704 217 242 705 245 263 706 260 260 707 210 227 708 252 264 709 209 228 710 203 214 711 244 262 712 201 211 713 211 230 714 255 251 715 254 265 716 204 216 717 246 266 718 203 214 719 250 258 720 266 267 721 249 256 722 259 257 723 275 268 724 258 255 725 251 261 726 267 269 727 250 258 728 260 260 729 276 270 730 259 257 731 252 264 732 268 271 733 251 261 734 245 263 735 261 272 736 262 273 737 245 263 738 277 274 739 260 260 740 253 259 741 269 275 742 252 264 743 244 262 744 263 276 745 261 272 746 254 265 747 270 277 748 253 259 749 254 265 750 272 278 751 271 279 752 246 266 753 264 280 754 263 276 755 255 251 756 273 281 757 272 278 758 247 252 759 265 282 760 264 280 761 257 253 762 273 281 763 256 250 764 249 256 765 265 282 766 248 254 767 258 255 768 274 283 769 257 253 770 283 284 771 282 285 772 279 286 773 280 287 774 284 288 775 285 289 776 280 287 777 279 286 778 278 290 779 285 289 780 288 291 781 280 287 782 280 287 783 291 292 784 283 284 785 281 293 786 291 292 787 289 294 788 278 290 789 287 295 790 286 296 791 284 288 792 286 296 793 292 297 794 284 288 795 293 298 796 285 289 797 282 285 798 289 294 799 290 299 800 282 285 801 287 295 802 279 286 803 297 172 804 90 120 805 106 300 806 129 301 807 296 142 808 118 170 809 131 302 810 294 137 811 129 301 812 31 303 813 298 168 814 300 121 815 298 168 816 131 302 817 129 301 818 31 303 819 301 123 820 47 94 821 76 99 822 303 132 823 81 127 824 302 304 825 81 127 826 303 132 827 305 48 828 0 92 829 17 29 830 304 305 831 22 47 832 25 155 833 312 306 834 310 307 835 311 308 836 310 307 837 314 309 838 309 310 839 314 309 840 308 311 841 309 310 842 315 312 843 307 313 844 308 311 845 307 313 846 317 314 847 306 315 848 318 316 849 306 315 850 317 314 851 323 317 852 319 318 853 322 319 854 321 320 855 319 318 856 320 321 857 307 313 858 326 322 859 308 311 860 333 323 861 316 324 862 315 312 863 323 317 864 325 325 865 306 315 866 308 311 867 327 326 868 309 310 869 335 327 870 320 321 871 319 318 872 309 310 873 328 328 874 310 307 875 334 329 876 317 314 877 316 324 878 310 307 879 329 330 880 311 308 881 340 331 882 321 320 883 320 321 884 311 308 885 330 332 886 312 306 887 337 333 888 318 316 889 317 314 890 312 306 891 331 334 892 313 335 893 341 336 894 322 319 895 321 320 896 313 335 897 332 337 898 314 309 899 306 315 900 324 338 901 307 313 902 338 339 903 319 318 904 318 316 905 332 337 906 315 312 907 314 309 908 336 340 909 323 317 910 322 319 911 351 341 912 355 342 913 353 343 914 347 344 915 355 342 916 349 345 917 347 344 918 359 346 919 357 347 920 345 348 921 361 349 922 359 346 923 361 349 924 377 350 925 363 351 926 365 352 927 377 350 928 375 353 929 367 354 930 375 353 931 373 355 932 369 356 933 373 355 934 371 357 935 349 345 936 368 358 937 370 359 938 359 346 939 362 360 940 357 347 941 367 354 942 350 361 943 365 352 944 343 362 945 376 363 946 374 364 947 375 353 948 352 365 949 373 355 950 351 341 951 366 366 952 368 358 953 361 349 954 360 367 955 359 346 956 369 356 957 354 368 958 367 354 959 345 348 960 372 369 961 376 363 962 377 350 963 348 370 964 375 353 965 353 343 966 364 371 967 366 366 968 363 351 969 358 372 970 361 349 971 377 350 972 374 364 973 346 373 974 371 357 975 344 374 976 369 356 977 347 344 978 370 359 979 372 369 980 355 342 981 362 360 982 364 371 983 365 352 984 356 375 985 363 351 986 373 355 987 342 376 988 371 357 989 114 0 990 113 98 991 70 1 992 126 3 993 144 141 994 150 4 995 27 6 996 46 66 997 32 7 998 1 9 999 53 148 1000 57 10 1001 13 12 1002 138 18 1003 148 13 1004 19 15 1005 14 35 1006 139 16 1007 39 5 1008 150 4 1009 138 18 1010 112 19 1011 116 146 1012 97 20 1013 136 22 1014 116 146 1015 94 23 1016 16 25 1017 8 55 1018 142 26 1019 54 28 1020 6 61 1021 17 29 1022 28 31 1023 5 39 1024 141 32 1025 121 34 1026 126 3 1027 39 5 1028 14 35 1029 19 15 1030 15 36 1031 33 38 1032 149 76 1033 141 32 1034 32 7 1035 39 5 1036 13 12 1037 49 40 1038 16 25 1039 145 27 1040 30 14 1041 27 6 1042 3 8 1043 42 42 1044 128 85 1045 130 43 1046 51 45 1047 19 15 1048 146 17 1049 151 46 1050 146 17 1051 16 25 1052 66 49 1053 86 111 1054 105 50 1055 45 52 1056 35 11 1057 119 24 1058 19 15 1059 51 45 1060 48 54 1061 8 55 1062 28 31 1063 147 33 1064 30 14 1065 148 13 1066 139 16 1067 146 17 1068 139 16 1069 8 55 1070 305 48 1071 304 305 1072 23 56 1073 93 51 1074 105 50 1075 132 58 1076 54 28 1077 56 153 1078 26 60 1079 34 62 1080 7 37 1081 15 36 1082 99 64 1083 93 51 1084 123 59 1085 46 66 1086 27 6 1087 7 37 1088 37 67 1089 45 52 1090 133 53 1091 52 69 1092 36 169 1093 120 70 1094 91 72 1095 98 91 1096 126 3 1097 21 73 1098 42 42 1099 43 44 1100 122 75 1101 140 140 1102 149 76 1103 127 65 1104 40 63 1105 52 69 1106 148 13 1107 28 31 1108 8 55 1109 12 77 1110 51 45 1111 151 46 1112 35 11 1113 45 52 1114 26 60 1115 4 79 1116 49 40 1117 152 41 1118 69 81 1119 106 300 1120 117 82 1121 77 2 1122 109 83 1123 117 82 1124 57 10 1125 38 154 1126 125 84 1127 42 42 1128 37 67 1129 124 68 1130 35 11 1131 57 10 1132 136 22 1133 143 78 1134 151 46 1135 49 40 1136 60 86 1137 112 19 1138 115 87 1139 72 89 1140 154 164 1141 164 90 1142 55 30 1143 17 29 1144 0 92 1145 0 92 1146 31 303 1147 47 94 1148 160 95 1149 155 130 1150 73 96 1151 113 98 1152 114 0 1153 76 99 1154 66 49 1155 93 51 1156 99 64 1157 156 102 1158 163 162 1159 92 103 1160 121 34 1161 32 7 1162 46 66 1163 75 105 1164 159 113 1165 157 106 1166 87 108 1167 161 129 1168 156 102 1169 89 109 1170 72 89 1171 62 110 1172 14 35 1173 7 37 1174 27 6 1175 98 91 1176 91 72 1177 62 110 1178 108 112 1179 166 145 1180 159 113 1181 133 53 1182 119 24 1183 94 23 1184 74 101 1185 99 64 1186 111 115 1187 110 117 1188 165 158 1189 160 95 1190 100 118 1191 79 133 1192 59 119 1193 300 121 1194 118 170 1195 134 122 1196 128 85 1197 124 68 1198 96 124 1199 83 126 1200 80 134 1201 81 127 1202 45 52 1203 37 67 1204 6 61 1205 78 97 1206 74 101 1207 107 116 1208 67 107 1209 157 106 1210 161 129 1211 155 130 1212 162 160 1213 89 109 1214 85 88 1215 115 87 1216 113 98 1217 124 68 1218 133 53 1219 104 114 1220 82 131 1221 302 304 1222 303 132 1223 80 134 1224 65 100 1225 76 99 1226 102 135 1227 101 125 1228 80 134 1229 295 136 1230 103 143 1231 100 118 1232 111 115 1233 135 71 1234 120 70 1235 61 139 1236 71 163 1237 110 117 1238 92 103 1239 163 162 1240 140 140 1241 73 96 1242 66 49 1243 74 101 1244 111 115 1245 99 64 1246 127 65 1247 98 91 1248 164 90 1249 144 141 1250 80 134 1251 101 125 1252 96 124 1253 294 137 1254 100 118 1255 90 120 1256 103 143 1257 82 131 1258 79 133 1259 104 114 1260 94 23 1261 60 86 1262 95 138 1263 61 139 1264 107 116 1265 63 144 1266 153 156 1267 166 145 1268 115 87 1269 88 161 1270 70 1 1271 116 146 1272 136 22 1273 125 84 1274 50 147 1275 18 165 1276 55 30 1277 53 148 1278 56 153 1279 29 149 1280 55 30 1281 18 165 1282 11 151 1283 51 45 1284 12 77 1285 2 152 1286 11 151 1287 29 149 1288 56 153 1289 38 154 1290 57 10 1291 53 148 1292 21 73 1293 24 74 1294 25 155 1295 153 156 1296 69 81 1297 109 83 1298 158 157 1299 63 144 1300 108 112 1301 164 90 1302 92 103 1303 122 75 1304 58 93 1305 47 94 1306 10 159 1307 114 0 1308 117 82 1309 59 119 1310 140 140 1311 163 162 1312 97 20 1313 67 107 1314 87 108 1315 162 160 1316 130 43 1317 128 85 1318 101 125 1319 157 106 1320 70 1 1321 88 161 1322 37 67 1323 42 42 1324 21 73 1325 79 133 1326 303 132 1327 76 99 1328 165 158 1329 108 112 1330 75 105 1331 166 145 1332 109 83 1333 77 2 1334 163 162 1335 156 102 1336 68 21 1337 161 129 1338 88 161 1339 68 21 1340 159 113 1341 77 2 1342 70 1 1343 71 163 1344 158 157 1345 165 158 1346 162 160 1347 154 164 1348 72 89 1349 164 90 1350 154 164 1351 64 104 1352 86 111 1353 62 110 1354 91 72 1355 75 105 1356 67 107 1357 155 130 1358 87 108 1359 64 104 1360 154 164 1361 112 19 1362 60 86 1363 94 23 1364 152 41 1365 145 27 1366 18 165 1367 117 82 1368 106 300 1369 90 120 1370 41 166 1371 44 171 1372 299 167 1373 137 80 1374 152 41 1375 50 147 1376 36 169 1377 52 69 1378 48 54 1379 21 73 1380 22 47 1381 17 29 1382 144 141 1383 122 75 1384 33 38 1385 140 140 1386 125 84 1387 38 154 1388 142 26 1389 147 33 1390 29 149 1391 132 58 1392 46 66 1393 34 62 1394 298 168 1395 129 301 1396 118 170 1397 41 166 1398 31 303 1399 0 92 1400 52 69 1401 40 63 1402 15 36 1403 147 33 1404 141 32 1405 9 150 1406 145 27 1407 142 26 1408 11 151 1409 149 76 1410 38 154 1411 9 150 1412 20 57 1413 23 56 1414 44 171 1415 138 18 1416 5 39 1417 28 31 1418 123 59 1419 34 62 1420 40 63 1421 150 4 1422 33 38 1423 5 39 1424 1 9 1425 26 60 1426 56 153 1427 105 50 1428 91 72 1429 121 34 1430 104 114 1431 85 88 1432 65 100 1433 88 161 1434 115 87 1435 112 19 1436 73 96 1437 89 109 1438 86 111 1439 134 122 1440 118 170 1441 296 142 1442 174 174 1443 173 178 1444 177 176 1445 172 177 1446 178 180 1447 177 176 1448 171 179 1449 179 182 1450 178 180 1451 171 179 1452 170 184 1453 180 181 1454 169 183 1455 181 186 1456 180 181 1457 168 185 1458 182 205 1459 181 186 1460 183 187 1461 182 205 1462 168 185 1463 191 191 1464 193 190 1465 194 192 1466 194 192 1467 195 195 1468 189 194 1469 195 195 1470 196 204 1471 188 196 1472 188 196 1473 196 204 1474 197 197 1475 197 197 1476 198 200 1477 186 199 1478 198 200 1479 199 206 1480 184 201 1481 184 201 1482 199 206 1483 200 202 1484 176 175 1485 177 176 1486 194 192 1487 170 184 1488 171 179 1489 188 196 1490 177 176 1491 178 180 1492 195 195 1493 172 177 1494 189 194 1495 188 196 1496 179 182 1497 196 204 1498 195 195 1499 173 178 1500 190 193 1501 189 194 1502 179 182 1503 180 181 1504 197 197 1505 174 174 1506 191 191 1507 190 193 1508 181 186 1509 198 200 1510 197 197 1511 167 188 1512 168 185 1513 184 201 1514 182 205 1515 199 206 1516 198 200 1517 174 174 1518 175 173 1519 192 189 1520 169 183 1521 186 199 1522 184 201 1523 183 187 1524 200 202 1525 199 206 1526 176 175 1527 193 190 1528 192 189 1529 169 183 1530 170 184 1531 187 198 1532 183 187 1533 167 188 1534 185 203 1535 229 207 1536 228 231 1537 240 208 1538 219 210 1539 218 213 1540 201 211 1541 218 213 1542 220 215 1543 203 214 1544 220 215 1545 221 217 1546 204 216 1547 221 217 1548 222 219 1549 205 218 1550 222 219 1551 223 222 1552 206 220 1553 224 221 1554 207 224 1555 206 220 1556 225 223 1557 208 226 1558 207 224 1559 226 225 1560 209 228 1561 208 226 1562 226 225 1563 227 229 1564 210 227 1565 227 229 1566 228 231 1567 211 230 1568 228 231 1569 229 207 1570 212 232 1571 230 233 1572 213 235 1573 212 232 1574 231 234 1575 214 237 1576 213 235 1577 232 236 1578 215 239 1579 214 237 1580 233 238 1581 216 241 1582 215 239 1583 234 240 1584 217 242 1585 216 241 1586 234 240 1587 219 210 1588 202 212 1589 223 222 1590 237 243 1591 238 244 1592 231 234 1593 230 233 1594 241 209 1595 225 223 1596 238 244 1597 239 246 1598 233 238 1599 232 236 1600 242 245 1601 227 229 1602 226 225 1603 239 246 1604 218 213 1605 235 247 1606 236 249 1607 219 210 1608 234 240 1609 243 248 1610 221 217 1611 236 249 1612 237 243 1613 239 246 1614 238 244 1615 237 243 1616 240 208 1617 239 246 1618 236 249 1619 240 208 1620 235 247 1621 243 248 1622 212 232 1623 213 235 1624 256 250 1625 205 218 1626 248 254 1627 247 252 1628 213 235 1629 214 237 1630 257 253 1631 206 220 1632 249 256 1633 248 254 1634 214 237 1635 215 239 1636 258 255 1637 207 224 1638 250 258 1639 249 256 1640 215 239 1641 216 241 1642 259 257 1643 208 226 1644 251 261 1645 250 258 1646 211 230 1647 254 265 1648 253 259 1649 216 241 1650 217 242 1651 260 260 1652 209 228 1653 252 264 1654 251 261 1655 202 212 1656 201 211 1657 244 262 1658 217 242 1659 202 212 1660 245 263 1661 210 227 1662 253 259 1663 252 264 1664 203 214 1665 246 266 1666 244 262 1667 211 230 1668 212 232 1669 255 251 1670 204 216 1671 247 252 1672 246 266 1673 250 258 1674 267 269 1675 266 267 1676 259 257 1677 276 270 1678 275 268 1679 251 261 1680 268 271 1681 267 269 1682 260 260 1683 277 274 1684 276 270 1685 252 264 1686 269 275 1687 268 271 1688 245 263 1689 244 262 1690 261 272 1691 245 263 1692 262 273 1693 277 274 1694 253 259 1695 270 277 1696 269 275 1697 244 262 1698 246 266 1699 263 276 1700 254 265 1701 271 279 1702 270 277 1703 254 265 1704 255 251 1705 272 278 1706 246 266 1707 247 252 1708 264 280 1709 255 251 1710 256 250 1711 273 281 1712 247 252 1713 248 254 1714 265 282 1715 257 253 1716 274 283 1717 273 281 1718 249 256 1719 266 267 1720 265 282 1721 258 255 1722 275 268 1723 274 283 1724 283 284 1725 281 293 1726 282 285 1727 280 287 1728 278 290 1729 284 288 1730 280 287 1731 283 284 1732 279 286 1733 285 289 1734 293 298 1735 288 291 1736 280 287 1737 288 291 1738 291 292 1739 281 293 1740 283 284 1741 291 292 1742 278 290 1743 279 286 1744 287 295 1745 284 288 1746 278 290 1747 286 296 1748 284 288 1749 292 297 1750 293 298 1751 282 285 1752 281 293 1753 289 294 1754 282 285 1755 290 299 1756 287 295 1757 297 172 1758 296 142 1759 90 120 1760 129 301 1761 294 137 1762 296 142 1763 131 302 1764 295 136 1765 294 137 1766 31 303 1767 41 166 1768 298 168 1769 298 168 1770 299 167 1771 131 302 1772 31 303 1773 300 121 1774 301 123 1775 302 304 1776 84 128 1777 81 127 1778 305 48 1779 20 57 1780 0 92 1781 304 305 1782 305 48 1783 22 47 1784 312 306 1785 313 335 1786 310 307 1787 310 307 1788 313 335 1789 314 309 1790 314 309 1791 315 312 1792 308 311 1793 315 312 1794 316 324 1795 307 313 1796 307 313 1797 316 324 1798 317 314 1799 318 316 1800 323 317 1801 306 315 1802 323 317 1803 318 316 1804 319 318 1805 321 320 1806 322 319 1807 319 318 1808 307 313 1809 324 338 1810 326 322 1811 333 323 1812 334 329 1813 316 324 1814 323 317 1815 339 377 1816 325 325 1817 308 311 1818 326 322 1819 327 326 1820 335 327 1821 340 331 1822 320 321 1823 309 310 1824 327 326 1825 328 328 1826 334 329 1827 337 333 1828 317 314 1829 310 307 1830 328 328 1831 329 330 1832 340 331 1833 341 336 1834 321 320 1835 311 308 1836 329 330 1837 330 332 1838 337 333 1839 338 339 1840 318 316 1841 312 306 1842 330 332 1843 331 334 1844 341 336 1845 336 340 1846 322 319 1847 313 335 1848 331 334 1849 332 337 1850 306 315 1851 325 325 1852 324 338 1853 338 339 1854 335 327 1855 319 318 1856 332 337 1857 333 323 1858 315 312 1859 336 340 1860 339 377 1861 323 317 1862 351 341 1863 349 345 1864 355 342 1865 347 344 1866 357 347 1867 355 342 1868 347 344 1869 345 348 1870 359 346 1871 345 348 1872 343 362 1873 361 349 1874 361 349 1875 343 362 1876 377 350 1877 365 352 1878 363 351 1879 377 350 1880 367 354 1881 365 352 1882 375 353 1883 369 356 1884 367 354 1885 373 355 1886 349 345 1887 351 341 1888 368 358 1889 359 346 1890 360 367 1891 362 360 1892 367 354 1893 354 368 1894 350 361 1895 343 362 1896 345 348 1897 376 363 1898 375 353 1899 348 370 1900 352 365 1901 351 341 1902 353 343 1903 366 366 1904 361 349 1905 358 372 1906 360 367 1907 369 356 1908 344 374 1909 354 368 1910 345 348 1911 347 344 1912 372 369 1913 377 350 1914 346 373 1915 348 370 1916 353 343 1917 355 342 1918 364 371 1919 363 351 1920 356 375 1921 358 372 1922 377 350 1923 343 362 1924 374 364 1925 371 357 1926 342 376 1927 344 374 1928 347 344 1929 349 345 1930 370 359 1931 355 342 1932 357 347 1933 362 360 1934 365 352 1935 350 361 1936 356 375 1937 373 355 1938 352 365 1939 342 376 1940</p>
        </triangles>
      </mesh>
    </geometry>
  </library_geometries>
  <library_controllers/>
  <library_visual_scenes>
    <visual_scene id="Scene" name="Scene">
      <node id="GP-5_LP_001" name="GP-5_LP_001" type="NODE">
        <matrix sid="transform">1 0 0 -0.4940234 0 1 0 0 0 0 1 0 0 0 0 1</matrix>
        <instance_geometry url="#Cube_004-mesh" name="GP-5_LP_001">
          <bind_material>
            <technique_common>
              <instance_material symbol="GP-5_LP-material" target="#GP-5_LP-material"/>
            </technique_common>
          </bind_material>
        </instance_geometry>
      </node>
      <node id="GP-5_lezhit_LP" name="GP-5_lezhit_LP" type="NODE">
        <matrix sid="transform">1 0 0 0.5511789 0 1 0 0 0 0 1 0 0 0 0 1</matrix>
        <instance_geometry url="#Cube_021-mesh" name="GP-5_lezhit_LP">
          <bind_material>
            <technique_common>
              <instance_material symbol="GP-5-Lezhit_LP-material" target="#GP-5-Lezhit_LP-material"/>
            </technique_common>
          </bind_material>
        </instance_geometry>
      </node>
    </visual_scene>
  </library_visual_scenes>
  <scene>
    <instance_visual_scene url="#Scene"/>
  </scene>
</COLLADA>