<?xml version="1.0"?>
<COLLADA xmlns="http://www.collada.org/2005/11/COLLADASchema" version="1.4.1">
  <asset>
    <contributor>
      <author>Assimp</author>
      <authoring_tool>Assimp Exporter</authoring_tool>
    </contributor>
    <created>2020-05-30T16:48:05</created>
    <modified>2020-05-30T16:48:05</modified>
    <unit name="meter" meter="0.01" />
    <up_axis>Y_UP</up_axis>
  </asset>
  <library_effects>
    <effect id="Record_front-fx" name="Record_front">
      <profile_COMMON>
        <technique sid="standard">
          <phong>
            <diffuse>
              <color sid="diffuse">0.8   0.8   0.8   1</color>
            </diffuse>
          </phong>
        </technique>
      </profile_COMMON>
    </effect>
    <effect id="Record-fx" name="Record">
      <profile_COMMON>
        <technique sid="standard">
          <phong>
            <diffuse>
              <color sid="diffuse">0.8   0.8   0.8   1</color>
            </diffuse>
          </phong>
        </technique>
      </profile_COMMON>
    </effect>
  </library_effects>
  <library_materials>
    <material id="Record_front" name="Record_front">
      <instance_effect url="#Record_front-fx"/>
    </material>
    <material id="Record" name="Record">
      <instance_effect url="#Record-fx"/>
    </material>
  </library_materials>
  <library_geometries>
    <geometry id="meshId0" name="meshId0_name" >
      <mesh>
        <source id="meshId0-positions" name="meshId0-positions">
          <float_array id="meshId0-positions-array" count="4128"> 0.53945 -0.394823 0.529355 0.53945 -0.394823 0.529355 0.539758 -0.322732 0.530113 0.546801 -0.150201 0.531308 0.550387 0.0240213 0.531539 0.543878 0.197641 0.530704 0.537648 0.368202 0.52893 0.550387 0.0240213 0.531539 0.537648 0.368202 0.52893 0.537641 0.427989 0.528212 0.550387 0.0240213 0.531539 0.537641 0.427989 0.528212 0.540589 0.368202 0.52893 0.547406 0.197641 0.530704 0.550387 0.0240213 0.531539 0.546801 -0.150201 0.531308 0.550387 0.0240213 0.531539 0.543001 -0.280004 0.530113 -0.829343 -0.393884 0.528192 -0.832685 -0.279402 0.52903 -0.835675 -0.149954 0.530726 -0.838632 0.0240481 0.531365 -0.835269 0.197493 0.530683 -0.82815 0.367532 0.528931 -0.825112 0.427084 0.528212 -0.825209 0.367532 0.528931 -0.831741 0.197493 0.530683 -0.838632 0.0240481 0.531365 -0.835675 -0.149954 0.530726 -0.829443 -0.321931 0.52903 -0.829343 -0.393884 0.528192 -0.691525 -0.566925 0.527945 -0.561637 -0.575123 0.528686 -0.357308 -0.580724 0.529555 -0.144602 -0.580485 0.530527 0.0668357 -0.574921 0.531627 0.269032 -0.564987 0.531882 0.398284 -0.5599 0.530749 0.269032 -0.567717 0.531882 0.0668357 -0.577697 0.531627 -0.144602 -0.583322 0.530527 -0.357308 -0.580724 0.529555 -0.561637 -0.575123 0.528686 -0.691525 -0.566925 0.527945 -0.552312 0.609672 0.528774 -0.351347 0.612979 0.52952 -0.143264 0.615073 0.529764 0.0647096 0.613192 0.529518 0.265479 0.607919 0.528769 0.3941 0.599479 0.527986 0.265479 0.605169 0.528769 0.0647096 0.610417 0.529518 -0.143264 0.612236 0.529764 -0.351347 0.612979 0.52952 -0.552312 0.609672 0.528774 -0.681753 0.601081 0.527986 1.00747 0.603477 0.510142 1.00037 0.603051 0.563166 1.00037 0.565714 0.563165 1.00037 0.557246 0.563164 1.00037 0.5203 0.563162 1.00037 0.506618 0.563161 1.00747 0.506618 0.510142 0.582936 -0.66499 0.58107 0.583355 -0.650968 0.58107 0.489232 -0.581946 0.58107 0.431678 -0.602194 0.58107 0.473113 -0.66499 0.58107 0.597726 0.605825 0.58107 0.61037 0.602626 0.58107 0.611955 0.603811 0.58107 0.611955 0.611305 0.58107 0.61037 0.612103 0.58107 0.961821 0.506618 0.58107 0.980646 0.506618 0.58107 0.980695 0.517809 0.58107 0.961821 0.517815 0.58107 0.960235 0.51623 0.58107 0.960235 0.508204 0.58107 0.597726 0.506618 0.58107 0.61037 0.506614 0.58107 0.611955 0.508199 0.58107 0.611955 0.516243 0.58107 0.61037 0.517789 0.58107 0.597726 0.517464 0.58107 0.979914 0.468764 0.58107 0.961821 0.469929 0.58107 0.960235 0.468445 0.58107 0.960235 0.257339 0.58107 0.980119 0.257339 0.58107 0.61037 0.469901 0.58107 0.597726 0.468764 0.58107 0.597726 0.257339 0.58107 0.611955 0.257339 0.58107 0.611955 0.468458 0.58107 0.981294 0.692216 0.58107 0.961437 0.691244 0.58107 0.960272 0.65061 0.58107 0.961812 0.649011 0.58107 0.981151 0.648858 0.58107 0.597726 0.64905 0.58107 0.61037 0.649039 0.58107 0.611955 0.650623 0.58107 0.611955 0.690654 0.58107 0.597726 0.691201 0.58107 0.961821 0.554011 0.58107 0.980834 0.553997 0.58107 0.980914 0.565383 0.58107 0.961821 0.565384 0.58107 0.960235 0.563798 0.58107 0.960235 0.555598 0.58107 0.597726 0.560403 0.58107 0.61037 0.554715 0.58107 0.611955 0.555587 0.58107 0.611955 0.5638 0.58107 0.61037 0.56483 0.58107 0.981034 0.613286 0.58107 0.961821 0.612929 0.58107 0.960235 0.611314 0.58107 0.960235 0.603815 0.58107 0.961821 0.602238 0.58107 0.980998 0.60234 0.58107 0.659127 0.649035 0.562168 0.912221 0.649026 0.562168 0.912538 0.649026 0.562485 0.912538 0.649026 0.579484 0.65881 0.649035 0.579484 0.65881 0.649035 0.562485 0.912221 0.612898 0.562168 0.659127 0.612892 0.562168 0.65881 0.612892 0.562485 0.65881 0.612892 0.579484 0.912538 0.612898 0.579484 0.912538 0.612898 0.562485 0.659127 0.602225 0.562168 0.912221 0.602229 0.562168 0.912538 0.602229 0.562485 0.912538 0.602229 0.579484 0.65881 0.602225 0.579484 0.65881 0.602225 0.562485 0.912221 0.565384 0.562168 0.659127 0.565385 0.562168 0.65881 0.565385 0.562485 0.65881 0.565385 0.579484 0.912538 0.565384 0.579484 0.912538 0.565384 0.562485 0.659127 0.506614 0.562168 0.912221 0.506617 0.562168 0.912538 0.506617 0.562485 0.912538 0.506617 0.579484 0.65881 0.506614 0.579484 0.65881 0.506614 0.562485 0.912221 0.470033 0.562168 0.659127 0.470042 0.562168 0.65881 0.470042 0.562485 0.65881 0.470042 0.579484 0.912538 0.470033 0.579484 0.912538 0.470033 0.562485 0.659127 0.554003 0.562168 0.912221 0.554011 0.562168 0.912538 0.554011 0.562485 0.912538 0.554011 0.579484 0.65881 0.554003 0.579484 0.65881 0.554003 0.562485 0.912221 0.517818 0.562168 0.659127 0.517827 0.562168 0.65881 0.517827 0.562485 0.65881 0.517827 0.579484 0.912538 0.517818 0.579484 0.912538 0.517818 0.562485 0.270479 -0.556276 0.559393 0.398284 -0.5599 0.530749 0.400125 -0.54868 0.558214 0.273079 -0.523581 0.584164 0.403077 -0.516508 0.582509 0.274045 -0.474347 0.602684 0.403148 -0.467827 0.600028 0.272917 -0.415903 0.612752 0.400074 -0.409868 0.608484 0.273439 0.456163 0.61868 0.272877 0.392189 0.625221 0.398964 0.386359 0.615743 0.401262 0.449704 0.611688 0.274307 0.515736 0.6065 0.404037 0.508663 0.601968 0.272124 0.565697 0.585058 0.402345 0.557971 0.582573 0.267856 0.598096 0.558034 0.397152 0.589818 0.556759 0.424516 -0.547023 0.555795 0.447334 -0.513452 0.577837 0.459784 -0.46385 0.593383 0.460601 -0.405681 0.600339 0.45941 0.381187 0.604521 0.461644 0.443737 0.601858 0.460458 0.502555 0.594214 0.446314 0.553065 0.577517 0.421315 0.587184 0.554312 0.444519 -0.545527 0.549592 0.481843 -0.510352 0.566134 0.502083 -0.459397 0.577581 0.505907 -0.40092 0.582428 0.505469 0.375235 0.584019 0.506107 0.43665 0.58247 0.50189 0.495317 0.577341 0.480196 0.547567 0.565292 0.441019 0.584454 0.547934 0.457475 -0.54446 0.540557 0.502762 -0.507824 0.549174 0.525918 -0.45538 0.555001 0.531461 -0.396582 0.557466 0.532181 0.370197 0.557686 0.530438 0.430522 0.556778 0.524551 0.489085 0.554135 0.500388 0.542974 0.547855 0.453691 0.582224 0.538616 0.461953 -0.544078 0.530107 0.509665 -0.506841 0.529655 0.533325 -0.453733 0.529227 0.537641 0.427989 0.528212 0.531252 0.486399 0.527863 0.506872 0.540817 0.527792 0.458003 0.58101 0.527771 -0.794345 0.540494 0.527792 -0.787834 0.542198 0.547856 -0.741215 0.582454 0.538616 -0.745572 0.58174 0.527771 -0.819918 0.36972 0.557686 -0.818011 0.429665 0.556779 -0.737199 -0.550597 0.54743 -0.749867 -0.549073 0.538357 -0.818685 0.485493 0.527863 -0.812016 0.488007 0.554135 -0.684642 0.589624 0.556759 -0.681753 0.601081 0.527986 -0.708802 0.586967 0.554312 -0.733756 0.551946 0.577517 -0.689783 0.556839 0.582573 -0.748016 0.50145 0.594214 -0.691579 0.507494 0.601969 -0.749451 0.443174 0.601858 -0.689035 0.449042 0.611689 -0.754234 -0.548509 0.527746 -0.747523 0.381238 0.60452 -0.687026 0.386293 0.615743 -0.752227 -0.46549 0.591486 -0.696458 -0.470127 0.597736 -0.692755 -0.411049 0.606114 -0.752533 -0.406521 0.598417 -0.740185 -0.516851 0.575839 -0.69662 -0.520703 0.580218 -0.717566 -0.552673 0.553572 -0.693512 -0.554854 0.555846 -0.728517 0.584377 0.547934 -0.767638 0.546566 0.565292 -0.794096 -0.509368 0.547441 -0.800741 -0.508038 0.527773 -0.789414 0.494238 0.577341 -0.793826 0.435992 0.58247 -0.79344 0.375099 0.584019 -0.793414 -0.460057 0.576002 -0.796826 -0.40105 0.580895 -0.773846 -0.512733 0.564329 -0.816419 -0.4552 0.553656 -0.823516 -0.453176 0.527847 -0.821642 -0.396017 0.556261 0.268684 0.209904 0.639071 0.391367 0.206412 0.624239 -0.741647 0.20447 0.6101 -0.680233 0.207145 0.624168 0.452678 0.203628 0.610158 0.503206 0.200716 0.587441 0.535998 0.198421 0.559811 -0.824224 0.198588 0.559782 -0.791893 0.201307 0.587398 0.266601 0.0246665 0.642321 0.388434 0.0245322 0.626381 -0.739891 0.0244461 0.611361 -0.677872 0.0246009 0.625909 0.450341 0.0243778 0.611739 0.502713 0.0242036 0.588604 0.537828 0.0240705 0.560684 -0.826501 0.0241055 0.560476 -0.791923 0.0242576 0.588316 0.267392 -0.160314 0.634643 0.389512 -0.157101 0.622002 -0.740903 -0.15561 0.607972 -0.67965 -0.157779 0.62057 0.450783 -0.154831 0.60912 0.501641 -0.152559 0.587364 0.534996 -0.15077 0.560175 -0.824229 -0.150864 0.559519 -0.791362 -0.15308 0.586479 0.397902 -0.293115 0.622858 0.272557 -0.298542 0.629614 -0.689658 -0.294025 0.620481 -0.749804 -0.290112 0.601325 0.458514 -0.289264 0.603243 0.505556 -0.285054 0.584134 0.533699 -0.281393 0.558456 -0.823662 -0.281186 0.557299 -0.796104 -0.285432 0.582626 0.0674892 -0.565825 0.55939 0.0688558 -0.532029 0.584633 0.06993 -0.481476 0.604072 0.0703882 -0.421838 0.615622 0.0707724 0.0246324 0.658251 0.0707794 -0.162741 0.646444 0.070381 0.459048 0.625503 0.071283 0.39498 0.634628 0.0697546 0.518796 0.610847 0.0680517 0.569241 0.587418 0.0658432 0.602463 0.559244 0.0713058 0.211858 0.654125 0.0715392 -0.303295 0.634896 -0.144629 -0.571099 0.558475 -0.144644 -0.536417 0.583842 -0.144546 -0.484826 0.603535 -0.144336 -0.424302 0.615515 -0.143299 0.0245993 0.663515 -0.143506 -0.163432 0.649792 -0.143181 0.459368 0.627777 -0.143191 0.395367 0.637807 -0.143176 0.519113 0.612275 -0.143186 0.569781 0.588186 -0.143218 0.60355 0.559637 -0.14323 0.212243 0.659278 -0.14403 -0.304993 0.635578 -0.358042 -0.56835 0.55754 -0.35946 -0.533379 0.582744 -0.360275 -0.481664 0.602119 -0.360161 -0.421302 0.613579 -0.357714 0.0246369 0.657896 -0.35829 -0.16223 0.645227 -0.356843 0.457405 0.625524 -0.357806 0.393666 0.634657 -0.356173 0.516906 0.610861 -0.35448 0.567403 0.587425 -0.35235 0.601181 0.559247 -0.358022 0.211331 0.654117 -0.360484 -0.302651 0.632839 -0.563215 -0.562775 0.556624 -0.565925 -0.52795 0.581416 -0.566566 -0.476595 0.599893 -0.564673 -0.416792 0.609856 -0.554518 0.024714 0.641835 -0.556098 -0.160447 0.632942 -0.559814 0.391602 0.625274 -0.560187 0.455126 0.61872 -0.560906 0.514364 0.606526 -0.558681 0.564511 0.585072 -0.554504 0.597956 0.558041 -0.556157 0.210072 0.639074 -0.563199 -0.298942 0.626712 0.98965 0.565909 0.577719 0.989705 0.602642 0.577724 0.989721 0.613535 0.577725 1.00747 0.615643 0.510142 1.00037 0.614116 0.563167 0.583355 0.683119 0.58107 0.48919 0.614066 0.58107 0.510019 0.601885 0.58107 0.583355 0.648386 0.58107 0.583355 0.605189 0.58107 0.583355 0.572329 0.58107 0.473113 0.697141 0.58107 0.431678 0.634345 0.58107 0.659127 0.648718 0.553086 0.659127 0.613209 0.553086 0.912221 0.613215 0.553086 0.912221 0.648709 0.553086 0.611955 -0.652808 0.58107 0.597726 -0.651308 0.58107 0.597726 -0.66499 0.58107 0.611955 -0.66499 0.58107 0.512785 -0.570167 0.58107 0.583355 -0.637487 0.58107 0.583355 -0.616502 0.58107 0.531788 -0.554792 0.58107 0.544744 -0.530871 0.58107 0.583355 -0.555039 0.58107 0.583355 -0.498637 0.58107 0.554427 -0.485022 0.58107 0.611955 -0.61988 0.58107 0.597726 -0.617126 0.58107 0.597726 -0.637881 0.58107 0.611955 -0.639621 0.58107 0.987954 0.736211 0.510142 0.97158 0.742991 0.510142 0.964733 0.740477 0.563161 0.98099 0.73372 0.563166 0.65881 -0.621426 0.58107 0.65881 -0.640652 0.58107 0.912538 -0.646235 0.58107 0.912538 -0.629798 0.58107 1.00069 0.723479 0.510142 0.993634 0.721032 0.563169 -0.936951 0.742991 0.510142 -0.953325 0.736211 0.510142 -0.946361 0.73372 0.563166 -0.930104 0.740477 0.563161 1.00747 0.707109 0.510142 1.00037 0.704719 0.56317 -0.966061 0.723479 0.510142 -0.959005 0.721032 0.563169 1.00747 0.468764 0.510142 1.00037 0.468764 0.563153 -0.972844 0.707109 0.510142 -0.965739 0.704719 0.56317 -0.905756 -0.376981 0.58107 -0.946308 -0.376981 0.58107 -0.946511 -0.53556 0.58107 -0.905756 -0.53556 0.58107 -0.972844 0.574499 0.510142 -0.96574 0.574499 0.563158 1.00069 -0.691328 0.510142 1.00747 -0.674959 0.510142 1.00037 -0.672568 0.56317 0.993634 -0.688881 0.563169 -0.972844 0.415919 0.510142 -0.965741 0.415919 0.563153 0.987954 -0.70406 0.510142 0.98099 -0.701569 0.563166 0.996069 -0.53556 0.571849 1.00037 -0.53556 0.563168 1.00037 -0.485427 0.563167 0.996054 -0.485571 0.571851 0.97158 -0.710841 0.510142 0.964733 -0.708326 0.563161 -0.972844 -0.674959 0.510142 -0.966061 -0.691328 0.510142 -0.959005 -0.688881 0.563169 -0.965739 -0.672568 0.56317 0.65881 -0.53556 0.58107 0.912538 -0.53556 0.58107 -0.953325 -0.70406 0.510142 -0.946361 -0.701569 0.563166 -0.936951 -0.710841 0.510142 -0.930104 -0.708326 0.563161 0.962522 0.720862 0.58107 0.941994 0.723989 0.58107 0.924894 0.690769 0.58107 0.976237 0.70935 0.58107 0.65881 -0.0598208 0.58107 0.65881 -0.218401 0.58107 0.912538 -0.218401 0.58107 0.912538 -0.0598208 0.58107 -0.907365 0.723989 0.58107 -0.927893 0.720862 0.58107 -0.88756 0.690788 0.58107 -0.872295 0.697141 0.58107 -0.941608 0.70935 0.58107 -0.899433 0.678859 0.58107 -0.961392 -0.376981 0.571855 -0.965739 -0.376981 0.563165 -0.965739 -0.53556 0.563168 -0.96144 -0.53556 0.571849 -0.946663 0.692214 0.58107 -0.905756 0.663522 0.58107 0.976237 -0.6772 0.58107 0.9813 -0.660069 0.58107 0.960235 -0.631371 0.58107 0.947991 -0.653502 0.58107 -0.945806 0.574499 0.58107 -0.905756 0.574499 0.58107 0.962522 -0.688711 0.58107 0.935653 -0.668587 0.58107 -0.94529 0.415919 0.58107 -0.905756 0.415919 0.58107 0.65881 -0.653689 0.58107 0.597726 -0.53556 0.58107 0.611955 -0.53556 0.58107 0.611955 -0.484202 0.58107 0.597726 -0.483896 0.58107 0.65881 -0.705418 0.571432 0.65881 -0.708326 0.563161 0.964733 -0.708326 0.563161 0.960378 -0.705418 0.571432 -0.946671 -0.660069 0.58107 -0.941608 -0.6772 0.58107 -0.899433 -0.646709 0.58107 -0.905756 -0.631371 0.58107 -0.927893 -0.688711 0.58107 -0.907365 -0.691839 0.58107 -0.872295 -0.66499 0.58107 -0.88756 -0.658637 0.58107 0.951986 0.731489 0.57814 0.971024 0.727027 0.577671 0.976852 0.73108 0.571905 0.960378 0.737568 0.571432 0.65881 0.611306 0.58107 0.65881 0.603811 0.58107 0.912538 0.603814 0.58107 0.912538 0.611312 0.58107 0.98416 0.714903 0.57756 0.989525 0.718504 0.572018 -0.936395 0.727027 0.577671 -0.917357 0.731489 0.57814 -0.925749 0.737568 0.571432 -0.942223 0.73108 0.571905 0.989847 0.698052 0.577736 0.996109 0.702156 0.571843 -0.949531 0.714903 0.57756 -0.954896 0.718504 0.572018 0.989774 0.64913 0.577729 0.996071 0.649679 0.571849 -0.955218 0.698052 0.577736 -0.96148 0.702156 0.571843 -0.955138 -0.53556 0.577729 -0.96148 -0.670005 0.571843 -0.955218 -0.665902 0.577736 0.960235 -0.53556 0.58107 0.98114 -0.53556 0.58107 0.981075 -0.485675 0.58107 0.960235 -0.485479 0.58107 0.989847 -0.665902 0.577736 0.98416 -0.682752 0.57756 0.989525 -0.686354 0.572018 0.996109 -0.670005 0.571843 -0.954546 0.415919 0.577679 -0.954749 0.574499 0.577728 -0.961297 0.574499 0.571843 -0.961156 0.415919 0.571887 0.971024 -0.694877 0.577671 0.976852 -0.698929 0.571905 0.989767 -0.53556 0.577729 0.989735 -0.485653 0.577726 0.951986 -0.699338 0.57814 -0.949531 -0.682752 0.57756 -0.954896 -0.686354 0.572018 0.65881 0.737568 0.571432 0.65881 0.740477 0.563161 0.611955 0.740477 0.563161 0.611955 0.737568 0.571432 -0.936395 -0.694877 0.577671 -0.942223 -0.698929 0.571905 -0.917357 -0.699338 0.57814 -0.925749 -0.705418 0.571432 0.98099 0.73372 0.563166 0.964733 0.740477 0.563161 0.659127 0.601908 0.553086 0.659127 0.565703 0.553086 0.912221 0.565702 0.553086 0.912221 0.601911 0.553086 0.993634 0.721032 0.563169 -0.930104 0.740477 0.563161 -0.946361 0.73372 0.563166 1.00037 0.704719 0.56317 -0.959005 0.721032 0.563169 1.00037 0.468764 0.563153 1.00037 0.506618 0.563161 0.995945 0.506618 0.571866 0.995785 0.468764 0.571887 -0.965739 0.704719 0.56317 0.996021 -0.376981 0.571855 0.989668 -0.376981 0.577721 -0.96574 0.574499 0.563158 0.993634 -0.688881 0.563169 1.00037 -0.672568 0.56317 -0.965741 0.415919 0.563153 0.98099 -0.701569 0.563166 -0.965739 -0.672568 0.56317 -0.959005 -0.688881 0.563169 0.65881 -0.376981 0.58107 0.65881 -0.484374 0.58107 0.912538 -0.485304 0.58107 0.912538 -0.376981 0.58107 -0.946361 -0.701569 0.563166 -0.930104 -0.708326 0.563161 0.989175 0.468764 0.577679 0.989517 0.506618 0.577708 0.941994 -0.691839 0.58107 0.659127 0.506297 0.553086 0.659127 0.470359 0.553086 0.912221 0.47035 0.553086 0.912221 0.5063 0.553086 0.611955 0.740477 0.563161 0.611955 0.742991 0.510142 0.597726 0.742991 0.510142 0.597726 0.740477 0.563161 0.597726 -0.710841 0.510142 0.597726 -0.708326 0.563161 0.581354 -0.708326 0.563161 0.580424 -0.710841 0.510142 0.611955 0.723989 0.58107 0.597726 0.723989 0.58107 0.597726 -0.691839 0.58107 0.582135 -0.691839 0.58107 0.597726 0.731489 0.57814 0.597726 0.737568 0.571432 0.580881 0.737568 0.571432 0.581155 0.731489 0.57814 0.611955 -0.705418 0.571432 0.611955 -0.699338 0.57814 0.597726 -0.699338 0.57814 0.597726 -0.705418 0.571432 0.597726 0.740477 0.563161 0.597726 -0.708326 0.563161 0.581574 -0.705418 0.571432 0.581354 -0.708326 0.563161 0.611955 0.731489 0.57814 0.581864 -0.699338 0.57814 0.580656 0.742991 0.510142 0.580751 0.740477 0.563161 0.611955 -0.710841 0.510142 0.611955 -0.708326 0.563161 0.581495 0.723989 0.58107 0.611955 -0.691839 0.58107 0.580751 0.740477 0.563161 0.611955 -0.708326 0.563161 -0.804586 0.603201 0.58107 -0.785814 0.614307 0.58107 -0.820005 0.588339 0.58107 -0.832508 0.567548 0.58107 0.473113 0.737568 0.571432 0.473113 0.731489 0.57814 -0.847673 0.524318 0.58107 0.65881 0.690672 0.58107 0.65881 0.650621 0.58107 0.913007 0.650612 0.58107 -0.785814 -0.582156 0.58107 -0.804586 -0.571051 0.58107 -0.820005 -0.556188 0.58107 -0.83254 -0.535439 0.58107 0.583355 0.53143 0.58107 0.960235 -0.376981 0.58107 0.540008 0.562032 0.58107 0.526759 0.585527 0.58107 0.570555 0.234994 0.58107 0.583355 0.236528 0.58107 0.583355 0.385669 0.58107 0.564168 0.379295 0.58107 -0.965739 -0.53556 0.563168 -0.972844 -0.53556 0.510142 0.473113 0.742991 0.510142 0.473113 0.740477 0.563161 0.473113 -0.710841 0.510142 0.473113 -0.708326 0.563161 0.314533 -0.708326 0.563161 0.314533 -0.710841 0.510142 0.473113 -0.691839 0.58107 0.314533 -0.66499 0.58107 0.314533 -0.691839 0.58107 0.314533 0.737568 0.571432 0.314533 0.731489 0.57814 0.473113 -0.708326 0.563161 0.473113 -0.705418 0.571432 0.314533 -0.705418 0.571432 0.314533 -0.708326 0.563161 0.473113 -0.699338 0.57814 0.314533 -0.699338 0.57814 0.314533 0.742991 0.510142 0.314533 0.740477 0.563161 0.473113 0.723989 0.58107 0.314533 0.723989 0.58107 0.314533 0.697141 0.58107 0.473113 0.740477 0.563161 0.314533 0.740477 0.563161 0.285167 0.642885 0.58107 0.285167 -0.610735 0.58107 0.155953 -0.708326 0.563161 0.155953 -0.710841 0.510142 0.155953 -0.66499 0.58107 0.155953 -0.691839 0.58107 0.155953 0.737568 0.571432 0.155953 0.731489 0.57814 0.155953 -0.705418 0.571432 0.155953 -0.708326 0.563161 0.155953 -0.699338 0.57814 0.155953 0.742991 0.510142 0.155953 0.740477 0.563161 0.155953 0.723989 0.58107 0.155953 0.697141 0.58107 0.155953 0.740477 0.563161 0.138306 0.646633 0.58107 0.138306 -0.614482 0.58107 -0.00262644 -0.708326 0.563161 -0.00262644 -0.710841 0.510142 -0.00262644 -0.66499 0.58107 -0.00262644 -0.691839 0.58107 -0.00262644 0.737568 0.571432 -0.00262644 0.731489 0.57814 -0.00262644 -0.705418 0.571432 -0.00262644 -0.708326 0.563161 -0.00262644 -0.699338 0.57814 -0.00262644 0.742991 0.510142 -0.00262644 0.740477 0.563161 -0.00262644 0.723989 0.58107 -0.00262644 0.697141 0.58107 -0.00262644 0.740477 0.563161 -0.00867131 0.649511 0.58107 -0.00867131 -0.617361 0.58107 -0.283183 -0.708326 0.563161 -0.283183 -0.710841 0.510142 -0.283183 -0.66499 0.58107 -0.283183 -0.691839 0.58107 -0.283183 0.737568 0.571432 -0.283183 0.731489 0.57814 -0.283183 -0.705418 0.571432 -0.283183 -0.708326 0.563161 -0.283183 -0.699338 0.57814 -0.283183 0.742991 0.510142 -0.283183 0.740477 0.563161 -0.283183 0.723989 0.58107 -0.283183 0.697141 0.58107 -0.283183 0.740477 0.563161 -0.277695 0.649512 0.58107 -0.277695 -0.617361 0.58107 -0.441763 -0.708326 0.563161 -0.441763 -0.710841 0.510142 -0.441763 -0.66499 0.58107 -0.441763 -0.691839 0.58107 -0.441763 0.737568 0.571432 -0.441763 0.731489 0.57814 -0.441763 -0.705418 0.571432 -0.441763 -0.708326 0.563161 -0.441763 -0.699338 0.57814 -0.441763 0.742991 0.510142 -0.441763 0.740477 0.563161 -0.441763 0.723989 0.58107 -0.441763 0.697141 0.58107 -0.441763 0.740477 0.563161 -0.424675 0.646634 0.58107 -0.424675 -0.614483 0.58107 -0.600343 -0.708326 0.563161 -0.600343 -0.710841 0.510142 -0.600343 -0.66499 0.58107 -0.600343 -0.691839 0.58107 -0.600343 0.737568 0.571432 -0.600343 0.731489 0.57814 -0.600343 -0.705418 0.571432 -0.600343 -0.708326 0.563161 -0.600343 -0.699338 0.57814 -0.600343 0.742991 0.510142 -0.600343 0.740477 0.563161 -0.600343 0.723989 0.58107 -0.600343 0.697141 0.58107 -0.600343 0.740477 0.563161 -0.571539 0.642887 0.58107 -0.571539 -0.610736 0.58107 -0.758923 -0.708326 0.563161 -0.758923 -0.710841 0.510142 -0.758923 -0.66499 0.58107 -0.758923 -0.691839 0.58107 -0.758923 0.737568 0.571432 -0.758923 0.731489 0.57814 -0.758923 -0.705418 0.571432 -0.758923 -0.708326 0.563161 -0.758923 -0.699338 0.57814 -0.758923 0.742991 0.510142 -0.758923 0.740477 0.563161 -0.758923 0.723989 0.58107 -0.758923 0.697141 0.58107 -0.758923 0.740477 0.563161 -0.71807 0.634368 0.58107 -0.71807 -0.602218 0.58107 -0.930104 -0.708326 0.563161 -0.936951 -0.710841 0.510142 -0.936951 0.742991 0.510142 -0.930104 0.740477 0.563161 1.00037 -0.53556 0.563168 1.00747 -0.53556 0.510142 1.00747 -0.484451 0.510142 1.00037 -0.485427 0.563167 -0.955039 -0.376981 0.577721 1.00037 0.5203 0.563162 0.995957 0.520565 0.571864 0.989542 0.51887 0.57771 1.00037 0.257339 0.563155 1.00747 0.257339 0.510142 -0.972844 0.257339 0.510142 -0.965741 0.257339 0.563155 -0.945494 0.257339 0.58107 -0.905756 0.257339 0.58107 0.989274 0.257339 0.577688 0.995832 0.257339 0.571881 -0.961203 0.257339 0.571881 -0.954645 0.257339 0.577688 1.00037 0.257339 0.563155 -0.965741 0.257339 0.563155 -0.847699 -0.486012 0.58107 -0.857567 0.380502 0.58107 -0.863982 0.236195 0.58107 0.554491 0.522821 0.58107 -0.857569 -0.342166 0.58107 1.00037 0.0987591 0.563158 1.00747 0.0987591 0.510142 -0.972844 0.0987591 0.510142 -0.96574 0.0987591 0.563158 0.960235 0.0987591 0.58107 0.980323 0.0987591 0.58107 -0.945697 0.0987591 0.58107 -0.905756 0.0987591 0.58107 0.989372 0.0987591 0.577696 0.99588 0.0987591 0.571874 -0.961251 0.0987591 0.571874 -0.954743 0.0987591 0.577696 1.00037 0.0987591 0.563158 -0.96574 0.0987591 0.563158 0.597726 0.0987591 0.58107 0.611955 0.0987591 0.58107 -0.867096 0.0915607 0.58107 0.583355 0.0922467 0.58107 0.573633 0.0912848 0.58107 1.00037 -0.0598208 0.56316 1.00747 -0.0598208 0.510142 -0.972844 -0.0598208 0.510142 -0.96574 -0.0598208 0.56316 0.960235 -0.0598208 0.58107 0.980527 -0.0598208 0.58107 -0.945901 -0.0598208 0.58107 -0.905756 -0.0598208 0.58107 0.989471 -0.0598208 0.577704 0.995927 -0.0598208 0.571868 -0.961298 -0.0598208 0.571868 -0.954842 -0.0598208 0.577704 1.00037 -0.0598208 0.56316 -0.96574 -0.0598208 0.56316 0.597726 -0.0598208 0.58107 0.611955 -0.0598208 0.58107 -0.867096 -0.0532134 0.58107 0.583355 -0.0567456 0.58107 0.573625 -0.0536712 0.58107 1.00037 -0.218401 0.563163 1.00747 -0.218401 0.510142 -0.972844 -0.218401 0.510142 -0.96574 -0.218401 0.563163 0.960235 -0.218401 0.58107 0.980731 -0.218401 0.58107 -0.946104 -0.218401 0.58107 -0.905756 -0.218401 0.58107 0.989569 -0.218401 0.577712 0.995974 -0.218401 0.571862 -0.961345 -0.218401 0.571862 -0.95494 -0.218401 0.577712 1.00037 -0.218401 0.563163 -0.96574 -0.218401 0.563163 0.597726 -0.218401 0.58107 0.611955 -0.218401 0.58107 -0.863984 -0.197852 0.58107 0.583355 -0.199794 0.58107 0.570545 -0.197003 0.58107 1.00037 -0.376981 0.563165 1.00747 -0.376981 0.510142 -0.972844 -0.376981 0.510142 -0.965739 -0.376981 0.563165 0.980935 -0.376981 0.58107 1.00037 -0.376981 0.563165 0.597726 -0.376981 0.58107 0.611955 -0.376981 0.58107 0.583355 -0.352053 0.58107 0.564133 -0.341631 0.58107 0.65881 -0.699338 0.57814 0.912855 0.601911 0.562168 0.912855 0.565702 0.562168 0.959918 0.565701 0.562168 0.959918 0.601912 0.562168 0.996009 0.565827 0.571857 1.00037 0.565714 0.563165 1.00037 0.603051 0.563166 0.996036 0.602875 0.571853 -0.781998 0.610315 0.57865 -0.801032 0.599314 0.578652 -0.776472 0.570922 0.534422 -0.758228 0.581389 0.534422 -0.715008 0.629796 0.578625 -0.694023 0.599938 0.534422 -0.816477 0.584375 0.578649 -0.79128 0.556713 0.534422 -0.569037 0.638054 0.57855 -0.554114 0.607843 0.534422 -0.828896 0.563204 0.578638 -0.803191 0.536578 0.534422 -0.42309 0.641711 0.578493 -0.414206 0.611359 0.534422 -0.843413 0.520536 0.57861 -0.817123 0.496001 0.534422 -0.27716 0.644542 0.578466 -0.274298 0.614071 0.534422 -0.852963 0.377237 0.5785 -0.826342 0.359713 0.534422 -0.00925978 0.644542 0.578467 -0.012413 0.614071 0.534422 -0.859242 0.233978 0.578418 -0.832411 0.223425 0.534422 0.136671 0.641712 0.578496 0.127495 0.611359 0.534422 -0.862277 0.0907495 0.578373 -0.835347 0.0871362 0.534422 0.282619 0.638056 0.578553 0.267403 0.607843 0.534422 -0.862276 -0.0524686 0.578372 -0.835347 -0.0491521 0.534422 0.428591 0.629799 0.578629 0.407312 0.599938 0.534422 -0.859241 -0.195697 0.578415 -0.832411 -0.18544 0.534422 0.484939 0.610313 0.578647 0.461319 0.581389 0.534422 -0.85296 -0.338953 0.578496 -0.826342 -0.321729 0.534422 0.505781 0.598496 0.57865 0.481297 0.570146 0.534422 -0.84341 -0.482251 0.578605 -0.817123 -0.458017 0.534422 0.522171 0.582901 0.578647 0.49701 0.555311 0.534422 -0.828896 -0.531053 0.578638 -0.803191 -0.504427 0.534422 0.535428 0.559823 0.578635 0.509725 0.533363 0.534422 -0.816477 -0.552225 0.578649 -0.79128 -0.524562 0.534422 0.549947 0.520536 0.57861 0.523657 0.496001 0.534422 -0.801032 -0.567164 0.578652 -0.776472 -0.538772 0.534422 0.559497 0.377237 0.5785 0.532876 0.359713 0.534422 -0.781998 -0.578164 0.57865 -0.758228 -0.549239 0.534422 0.565776 0.233978 0.578418 0.538945 0.223425 0.534422 -0.715008 -0.597645 0.578625 -0.694023 -0.567787 0.534422 0.568811 0.0907495 0.578373 0.541881 0.0871362 0.534422 -0.569037 -0.605903 0.57855 -0.554114 -0.575692 0.534422 0.56881 -0.0524686 0.578372 0.541881 -0.0491521 0.534422 -0.42309 -0.60956 0.578493 -0.414206 -0.579208 0.534422 0.565775 -0.195697 0.578415 0.538945 -0.18544 0.534422 -0.27716 -0.612391 0.578466 -0.274298 -0.58192 0.534422 0.559494 -0.338953 0.578496 0.532876 -0.321729 0.534422 -0.00925978 -0.612392 0.578467 -0.012413 -0.58192 0.534422 0.549944 -0.482251 0.578605 0.523657 -0.458017 0.534422 0.136671 -0.609562 0.578496 0.127495 -0.579208 0.534422 0.540548 -0.527673 0.578635 0.514845 -0.501213 0.534422 0.282619 -0.605906 0.578553 0.267403 -0.575692 0.534422 0.528283 -0.550753 0.578652 0.502866 -0.52316 0.534422 0.428591 -0.597648 0.578629 0.407312 -0.567787 0.534422 0.50906 -0.566348 0.578653 0.484438 -0.537995 0.534422 0.484939 -0.578163 0.578647 0.461319 -0.549239 0.534422 -0.760329 0.56375 0.534422 -0.742358 0.57158 0.534422 -0.673146 0.579376 0.534422 -0.774716 0.549724 0.534422 -0.539244 0.587003 0.534422 -0.786025 0.527546 0.534422 -0.405342 0.590395 0.534422 -0.790962 0.4791 0.534422 -0.27144 0.593011 0.534422 -0.799785 0.347611 0.534422 -0.0155611 0.593011 0.534422 -0.805593 0.216122 0.534422 0.118341 0.590395 0.534422 -0.808403 0.0846337 0.534422 0.252243 0.587003 0.534422 -0.808403 -0.046855 0.534422 0.386145 0.579376 0.534422 -0.805593 -0.178344 0.534422 0.445549 0.57158 0.534422 -0.799785 -0.309832 0.534422 0.465199 0.562983 0.534422 -0.790962 -0.441321 0.534422 0.480466 0.54834 0.534422 -0.786025 -0.495396 0.534422 0.492559 0.524388 0.534422 -0.774716 -0.517573 0.534422 0.497496 0.4791 0.534422 -0.760329 -0.531599 0.534422 0.506319 0.347611 0.534422 -0.742358 -0.53943 0.534422 0.512127 0.216122 0.534422 -0.673146 -0.547226 0.534422 0.514937 0.0846337 0.534422 -0.539244 -0.554853 0.534422 0.514937 -0.046855 0.534422 -0.405342 -0.558245 0.534422 0.512127 -0.178344 0.534422 -0.27144 -0.560861 0.534422 0.506319 -0.309832 0.534422 -0.0155611 -0.560861 0.534422 0.497496 -0.441321 0.534422 0.118341 -0.558245 0.534422 0.492559 -0.492237 0.534422 0.252243 -0.554853 0.534422 0.486157 -0.51619 0.534422 0.386145 -0.547226 0.534422 0.468252 -0.530833 0.534422 0.445549 -0.53943 0.534422 0.65881 0.257339 0.58107 0.65881 0.0987591 0.58107 0.912538 0.0987591 0.58107 0.912538 0.257339 0.58107 0.65881 0.468456 0.58107 0.912538 0.468447 0.58107 0.65881 0.5638 0.58107 0.65881 0.555589 0.58107 0.912538 0.555597 0.58107 0.912538 0.563799 0.58107 0.912855 0.5063 0.562168 0.912855 0.47035 0.562168 0.959918 0.470348 0.562168 0.959918 0.506301 0.562168 0.912538 0.516232 0.58107 0.912538 0.508203 0.58107 0.65881 -0.672442 0.58107 0.912855 0.648709 0.562168 0.912855 0.613215 0.562168 0.959918 0.613217 0.562168 0.959909 0.648707 0.562168 0.99599 0.555103 0.57186 0.98961 0.554558 0.577716 1.00037 0.557246 0.563164 0.912221 0.565384 0.553403 0.912538 0.565702 0.553403 0.912855 0.553694 0.562168 0.912855 0.518135 0.562168 0.959918 0.518133 0.562168 0.959918 0.553695 0.562168 0.964733 0.740477 0.563161 0.97158 0.742991 0.510142 0.65881 0.742991 0.510142 0.65881 0.740477 0.563161 0.65881 -0.710841 0.510142 0.65881 -0.708326 0.563161 0.65881 0.723989 0.58107 0.65881 0.731489 0.57814 0.906924 -0.674952 0.58107 0.65881 -0.691839 0.58107 0.658493 0.470359 0.562168 0.658493 0.506297 0.562168 0.612273 0.506297 0.562168 0.612273 0.470361 0.562168 0.65881 0.5082 0.58107 0.65881 0.516242 0.58107 0.658493 0.565703 0.562168 0.658493 0.601908 0.562168 0.612273 0.601908 0.562168 0.612273 0.565703 0.562168 0.658493 0.613209 0.562168 0.658493 0.648718 0.562168 0.612273 0.64872 0.562168 0.612273 0.613208 0.562168 0.658493 0.518145 0.562168 0.658493 0.553686 0.562168 0.612273 0.553684 0.562168 0.612273 0.518146 0.562168 0.97158 -0.710841 0.510142 0.964733 -0.708326 0.563161 0.659127 0.553686 0.553086 0.659127 0.518145 0.553086 0.912221 0.518135 0.553086 0.912221 0.553694 0.553086 0.959909 0.649024 0.562485 0.959909 0.649024 0.579484 0.960226 0.648707 0.562485 0.960235 0.613217 0.562485 0.960235 0.613217 0.579484 0.960226 0.648707 0.579484 0.959918 0.612899 0.562485 0.959918 0.612899 0.579484 0.612273 0.612891 0.562485 0.612273 0.612891 0.579484 0.611955 0.613208 0.562485 0.611955 0.64872 0.562485 0.611955 0.64872 0.579484 0.611955 0.613208 0.579484 0.612273 0.649037 0.562485 0.612273 0.649037 0.579484 0.959918 0.602229 0.562485 0.959918 0.602229 0.579484 0.960235 0.601912 0.562485 0.960235 0.565701 0.562485 0.960235 0.565701 0.579484 0.960235 0.601912 0.579484 0.959918 0.565384 0.562485 0.959918 0.565384 0.579484 0.612273 0.565386 0.562485 0.612273 0.565386 0.579484 0.611955 0.565703 0.562485 0.611955 0.601908 0.562485 0.611955 0.601908 0.579484 0.611955 0.565703 0.579484 0.612273 0.602225 0.562485 0.612273 0.602225 0.579484 0.959918 0.506618 0.562485 0.959918 0.506618 0.579484 0.960235 0.506301 0.562485 0.960235 0.470348 0.562485 0.960235 0.470348 0.579484 0.960235 0.506301 0.579484 0.959918 0.470031 0.562485 0.959918 0.470031 0.579484 0.612273 0.470044 0.562485 0.612273 0.470044 0.579484 0.611955 0.470361 0.562485 0.611955 0.506297 0.562485 0.611955 0.506297 0.579484 0.611955 0.470361 0.579484 0.612273 0.506614 0.562485 0.612273 0.506614 0.579484 0.959918 0.554013 0.562485 0.959918 0.554013 0.579484 0.960235 0.553695 0.562485 0.960235 0.518133 0.562485 0.960235 0.518133 0.579484 0.960235 0.553695 0.579484 0.959918 0.517816 0.562485 0.959918 0.517816 0.579484 0.612273 0.517829 0.562485 0.612273 0.517829 0.579484 0.611955 0.518146 0.562485 0.611955 0.553684 0.562485 0.611955 0.553684 0.579484 0.611955 0.518146 0.579484 0.612273 0.554001 0.562485 0.612273 0.554001 0.579484 0.659127 0.649035 0.553403 0.912221 0.649026 0.553403 0.912538 0.648709 0.553403 0.912538 0.613215 0.553403 0.912538 0.613215 0.561851 0.912538 0.648709 0.561851 0.912221 0.612898 0.553403 0.659127 0.612892 0.553403 0.65881 0.613209 0.553403 0.65881 0.648718 0.553403 0.65881 0.648718 0.561851 0.65881 0.613209 0.561851 0.659127 0.602225 0.553403 0.912221 0.602229 0.553403 0.912538 0.601911 0.553403 0.912538 0.565702 0.561851 0.912538 0.601911 0.561851 0.912221 0.565384 0.553403 0.659127 0.565385 0.553403 0.65881 0.565703 0.553403 0.65881 0.601908 0.553403 0.65881 0.601908 0.561851 0.65881 0.565703 0.561851 0.659127 0.506614 0.553403 0.912221 0.506617 0.553403 0.912538 0.5063 0.553403 0.912538 0.47035 0.553403 0.912538 0.47035 0.561851 0.912538 0.5063 0.561851 0.912221 0.470033 0.553403 0.659127 0.470042 0.553403 0.65881 0.470359 0.553403 0.65881 0.506297 0.553403 0.65881 0.506297 0.561851 0.65881 0.470359 0.561851 0.659127 0.554003 0.553403 0.912221 0.554011 0.553403 0.912538 0.553694 0.553403 0.912538 0.518135 0.553403 0.912538 0.518135 0.561851 0.912538 0.553694 0.561851 0.912221 0.517818 0.553403 0.659127 0.517827 0.553403 0.65881 0.518145 0.553403 0.65881 0.553686 0.553403 0.65881 0.553686 0.561851 0.65881 0.518145 0.561851 1.00037 0.614116 0.563167 0.996044 0.613807 0.571852 1.00747 0.655874 0.510142 1.00037 0.650529 0.563168 1.00037 0.650529 0.563168 0.612273 0.470044 0.579484 0.611955 0.470361 0.579484 0.912538 0.470033 0.562485 0.912221 0.470033 0.562168 0.912538 0.612898 0.579484 0.65881 0.612892 0.579484 0.65881 0.602225 0.579484 0.912538 0.602229 0.579484 0.611955 0.506297 0.579484 0.65881 0.649035 0.579484 0.912538 0.649026 0.579484 0.960235 0.601912 0.579484 0.960235 0.565701 0.579484 0.659127 0.554003 0.553403 0.912538 0.470033 0.579484 0.65881 0.470042 0.579484 0.912221 0.506617 0.553403 0.959918 0.612899 0.579484 0.959918 0.602229 0.579484 0.912538 0.565384 0.579484 0.65881 0.565385 0.579484 0.65881 0.554003 0.579484 0.912538 0.554011 0.579484 0.959918 0.470031 0.579484 0.959918 0.517816 0.579484 0.912538 0.517818 0.579484 0.912538 0.506617 0.579484 0.959918 0.506618 0.579484 0.659127 0.612892 0.553403 0.959918 0.565384 0.579484 0.959918 0.554013 0.579484 0.960235 0.553695 0.579484 0.960235 0.518133 0.579484 0.611955 0.518146 0.579484 0.611955 0.553684 0.579484 0.612273 0.506614 0.579484 0.65881 0.506614 0.579484 0.65881 0.517827 0.579484 0.612273 0.517829 0.579484 0.612273 0.602225 0.579484 0.612273 0.612891 0.579484 0.912538 0.565384 0.562485 0.912221 0.565384 0.562168 0.612273 0.649037 0.579484 0.959918 0.602229 0.562485 0.612273 0.565386 0.579484 0.612273 0.517829 0.562485 0.612273 0.554001 0.562485 0.912221 0.470033 0.553403 0.912538 0.517818 0.562485 0.912221 0.517818 0.562168 0.912221 0.649026 0.553403 0.659127 0.517827 0.553403 0.912221 0.554011 0.553403 0.65881 0.506614 0.562485 0.659127 0.506614 0.562168 0.65881 0.565385 0.562485 0.659127 0.565385 0.562168 0.912538 0.506617 0.562485 0.912221 0.506617 0.562168 0.959918 0.506618 0.562485 0.912538 0.602229 0.562485 0.912221 0.602229 0.562168 0.611955 0.601908 0.579484 0.484939 -0.578163 0.578647 0.428591 -0.597648 0.578629 0.484939 0.610313 0.578647 0.505781 0.598496 0.57865 0.428591 0.629799 0.578629 0.528283 -0.550753 0.578652 0.50906 -0.566348 0.578653 0.549944 -0.482251 0.578605 0.540548 -0.527673 0.578635 -0.801032 0.599314 0.578652 -0.781998 0.610315 0.57865 -0.816477 0.584375 0.578649 -0.828896 0.563204 0.578638 -0.843413 0.520536 0.57861 -0.781998 -0.578164 0.57865 -0.801032 -0.567164 0.578652 -0.816477 -0.552225 0.578649 -0.828896 -0.531053 0.578638 0.522171 0.582901 0.578647 0.535428 0.559823 0.578635 0.559497 0.377237 0.5785 0.565776 0.233978 0.578418 0.282619 0.638056 0.578553 0.282619 -0.605906 0.578553 0.136671 0.641712 0.578496 0.136671 -0.609562 0.578496 -0.00925978 0.644542 0.578467 -0.00925978 -0.612392 0.578467 -0.27716 0.644542 0.578466 -0.27716 -0.612391 0.578466 -0.42309 0.641711 0.578493 -0.42309 -0.60956 0.578493 -0.569037 0.638054 0.57855 -0.569037 -0.605903 0.57855 -0.715008 0.629796 0.578625 -0.715008 -0.597645 0.578625 -0.84341 -0.482251 0.578605 -0.852963 0.377237 0.5785 -0.859242 0.233978 0.578418 0.549947 0.520536 0.57861 -0.85296 -0.338953 0.578496 -0.862277 0.0907495 0.578373 0.568811 0.0907495 0.578373 -0.862276 -0.0524686 0.578372 0.56881 -0.0524686 0.578372 -0.859241 -0.195697 0.578415 0.565775 -0.195697 0.578415 0.559494 -0.338953 0.578496 0.960226 0.648707 0.579484 0.960235 0.613217 0.579484 0.659127 0.649035 0.553403 0.959918 0.470031 0.562485 0.960235 0.506301 0.579484 0.960235 0.470348 0.579484 0.611955 0.565703 0.579484 0.612273 0.554001 0.579484 0.659127 0.602225 0.553403 0.611955 0.613208 0.579484 0.611955 0.64872 0.579484 0.659127 0.565385 0.553403 0.65881 0.517827 0.562485 0.659127 0.517827 0.562168 0.959918 0.517816 0.562485 0.65881 0.470042 0.562485 0.659127 0.470042 0.562168 0.959918 0.554013 0.562485 0.65881 0.554003 0.562485 0.659127 0.554003 0.562168 0.959909 0.649024 0.579484 0.912221 0.612898 0.553403 0.612273 0.506614 0.562485 0.912538 0.554011 0.562485 0.912221 0.554011 0.562168 0.612273 0.470044 0.562485 0.612273 0.602225 0.562485 0.612273 0.565386 0.562485 0.65881 0.602225 0.562485 0.659127 0.602225 0.562168 0.912221 0.602229 0.553403 0.659127 0.506614 0.553403 0.659127 0.470042 0.553403 0.912221 0.517818 0.553403 0.959918 0.565384 0.562485 0.959909 0.649024 0.562485 0.912538 0.649026 0.562485 0.912538 0.612898 0.562485 0.959918 0.612899 0.562485 0.612273 0.612891 0.562485 0.65881 0.612892 0.562485 0.65881 0.649035 0.562485 0.612273 0.649037 0.562485 0.959909 0.649024 0.579484 0.959909 0.649024 0.562485 0.959918 0.612899 0.562485 0.959918 0.612899 0.579484 0.612273 0.612891 0.579484 0.612273 0.612891 0.562485 0.612273 0.649037 0.562485 0.612273 0.649037 0.579484 0.960235 0.601912 0.562485 0.960235 0.601912 0.579484 0.959918 0.565384 0.562485 0.959918 0.565384 0.579484 0.612273 0.565386 0.579484 0.612273 0.565386 0.562485 0.612273 0.602225 0.562485 0.612273 0.602225 0.579484 0.959918 0.506618 0.579484 0.959918 0.506618 0.562485 0.959918 0.470031 0.562485 0.959918 0.470031 0.579484 0.612273 0.470044 0.579484 0.612273 0.470044 0.562485 0.612273 0.506614 0.562485 0.612273 0.506614 0.579484 0.959918 0.554013 0.579484 0.959918 0.554013 0.562485 0.959918 0.517816 0.562485 0.959918 0.517816 0.579484 0.612273 0.517829 0.579484 0.612273 0.517829 0.562485 0.612273 0.554001 0.562485 0.612273 0.554001 0.579484 0.659127 0.649035 0.562168 0.912221 0.649026 0.562168 0.912221 0.612898 0.562168 0.659127 0.612892 0.562168 </float_array>
          <technique_common>
            <accessor count="1376" offset="0" source="#meshId0-positions-array" stride="3">
              <param name="X" type="float" />
              <param name="Y" type="float" />
              <param name="Z" type="float" />
            </accessor>
          </technique_common>
        </source>
        <source id="meshId0-normals" name="meshId0-normals">
          <float_array id="meshId0-normals-array" count="4128"> 0.968683 -0.0678796 0.238841 0.968683 -0.0678796 0.238841 -0.0972485 0.010868 -0.995201 0.937969 -0.0209898 0.346082 0.958314 -0.00714738 0.285628 -0.984819 -0.0377358 -0.169435 -0.309844 -0.0186757 -0.950604 0.958314 -0.00714738 0.285628 -0.309844 -0.0186757 -0.950604 0.997631 0.0628705 0.0279352 0.958314 -0.00714738 0.285628 0.997631 0.0628705 0.0279352 0.973289 0.0357005 0.226791 0.941862 0.0233709 0.335186 0.958314 -0.00714738 0.285628 0.937969 -0.0209898 0.346082 0.958314 -0.00714738 0.285628 0.966444 -0.0279397 0.255354 -0.999074 -0.0424281 -0.00719084 -0.946637 -0.0215331 0.321581 -0.937915 -0.0182785 0.346382 -0.893997 0.0044151 0.448051 -0.984267 0.0277046 -0.174503 -0.89447 0.0330927 -0.445901 -0.966299 0.0891489 -0.241492 0.447573 -0.00329796 0.894241 0.253407 -0.00304766 0.967355 -0.893997 0.0044151 0.448051 -0.937915 -0.0182785 0.346382 0.0511754 0.0117019 -0.998621 -0.999074 -0.0424281 -0.00719084 -0.129594 -0.979004 -0.157339 -0.0448619 -0.91563 0.399512 -0.0218121 -0.895759 0.444004 -0.0048253 -0.00422838 0.999979 -0.00450547 0.0328658 0.99945 -0.00436001 0.15391 0.988075 0.0977349 -0.993311 0.061483 0.0411144 -0.833176 -0.551478 0.0313334 -0.89709 -0.440736 0.000704595 -0.999022 -0.0442135 -0.0218121 -0.895759 0.444004 -0.0448619 -0.91563 0.399512 -0.129594 -0.979004 -0.157339 -0.0302479 0.98167 0.188174 -0.012483 0.920675 0.390131 0.00152261 0.968791 0.247876 0.0192086 0.999471 0.0262346 0.0421111 0.919592 -0.390612 0.133663 0.981515 -0.136977 -0.000905054 -0.165402 0.986226 -0.000949373 -0.192945 0.981209 -0.00117346 -0.191542 0.981484 -0.012483 0.920675 0.390131 -0.0302479 0.98167 0.188174 -0.107523 0.938574 0.327898 0.991142 -3.23051e-07 0.132803 0.980069 -5.61307e-05 0.198658 0.98135 -5.46238e-05 0.19223 0.977227 -8.62501e-05 0.212194 0.980843 -3.27157e-05 0.1948 0.9889 -2.95785e-06 0.148585 0.991142 0 0.132804 0 0 1 0 0 1 -0.00936155 0.022465 0.999704 -0.00480845 0.0259562 0.999652 0 0 1 0 0 1 0.0994782 -0.00209824 0.995038 0.00424605 -0.137798 0.990451 0.00127331 0.151926 0.988391 0.109204 0.00546146 0.994004 -0.0320951 -0.0013298 0.999484 0.180988 -0.00224588 0.983483 0.150103 -0.000490823 0.98867 -0.0675782 0.00146118 0.997713 -0.006042 0.157678 0.987472 -0.00318965 -0.162652 0.986678 0 0 1 0.108648 -0.00277336 0.994076 0.00423593 -0.129379 0.991586 0.00277072 0.141513 0.989933 0.0864766 0.00356468 0.996248 0 0 1 0.0698481 -0.000147673 0.997558 -0.143981 0.00368064 0.989574 -0.000163982 0.00545331 0.999985 0 0 1 0.122959 0.000111894 0.992412 0.00930197 0.000460101 0.999957 0 0 1 0 0 1 0 0 1 0.000113164 0.00743035 0.999972 0.0763809 0.00620559 0.997059 0 0 1 -0.000571987 -0.0343381 0.99941 -0.0355299 -0.00174533 0.999367 0.127586 -0.000347847 0.991827 0 0 1 0.101429 -0.00217272 0.99484 0.00118404 -0.0303881 0.999538 0 0 1 0 0 1 -0.0493233 -0.00207022 0.998781 0.0935074 -0.000424499 0.995619 0.149751 -0.000407505 0.988724 -0.0671249 0.00170393 0.997743 -0.00496041 0.154183 0.98803 -0.00313351 -0.15985 0.987136 0 0 1 0.101187 -0.00261437 0.994864 0.00229539 -0.127239 0.991869 0.00153056 0.141017 0.990006 0.109881 0.00534201 0.99393 0.147678 -0.000391447 0.989035 -0.0760232 0.00194987 0.997104 -0.00408388 0.124514 0.992209 -0.00230616 -0.141436 0.989945 -0.0597487 -0.00293439 0.998209 0.0918099 -0.000218235 0.995777 0.000224061 -1 9.13727e-06 -0.00126694 -0.999999 2.29139e-05 -7.14529e-05 -0.999997 0.00253197 -3.76853e-05 -0.998495 0.0548348 -3.74487e-05 -0.991887 0.127121 0.00020519 -0.999358 0.0358262 -0.000287034 1 9.13897e-06 0.00120391 0.999999 2.17894e-05 8.49391e-06 0.999997 0.00249921 -2.52579e-05 0.998501 0.0547273 -2.50957e-05 0.991944 0.126674 -0.000263978 0.999358 0.0358239 0.000273875 -1 9.1372e-06 -0.00121731 -0.999999 2.20318e-05 -2.11304e-05 -0.999997 0.00253226 1.22471e-05 -0.998492 0.0548975 1.19286e-05 -0.991899 0.127026 0.000254765 -0.999358 0.0358253 -0.000257427 1 9.13893e-06 0.00123354 0.999999 2.2316e-05 3.80812e-05 0.999997 0.00249953 4.2983e-06 0.998501 0.0547272 4.3998e-06 0.991944 0.126676 -0.000234009 0.999358 0.0358245 0.000273875 -1 9.1372e-06 -0.00121731 -0.999999 2.20318e-05 -2.11304e-05 -0.999997 0.00253226 1.22377e-05 -0.998492 0.0548993 1.22353e-05 -0.991899 0.127031 0.000255991 -0.999358 0.0358186 -0.000224789 1 9.13888e-06 0.001266 0.999999 2.1223e-05 7.01673e-05 0.999997 0.00249863 3.67083e-05 0.998501 0.0547282 3.6532e-05 0.991944 0.126676 -0.000202156 0.999358 0.0358234 0.000293848 -1 9.13716e-06 -0.00119709 -0.999999 2.16722e-05 -1.09575e-06 -0.999997 0.00253156 3.22003e-05 -0.998492 0.0548994 3.18584e-05 -0.991899 0.127028 0.000275081 -0.999358 0.0358216 -0.000223354 1 1.05109e-05 0.00126741 0.999999 2.29179e-05 7.17976e-05 0.999997 0.00249991 3.81641e-05 0.998501 0.0547282 3.79652e-05 0.991944 0.126675 -0.000200294 0.999358 0.0358251 0.0403927 -0.750573 0.659552 0.0977349 -0.993311 0.061483 0.0624974 -0.705983 0.705466 0.0271423 -0.459 0.888021 0.0617559 -0.417264 0.906685 0.022629 -0.25206 0.967447 0.0658705 -0.206074 0.976317 0.0320501 -0.148509 0.988392 0.116203 -0.10774 0.987365 0.0453744 0.156041 0.986708 0.0561118 0.0896459 0.994392 0.112394 0.0589422 0.991914 0.089329 0.130883 0.987365 0.0348272 0.302003 0.952671 0.0773271 0.297593 0.951556 0.0310134 0.516164 0.855928 0.0707168 0.534955 0.841916 0.0364887 0.811088 0.583785 0.0700402 0.848573 0.524423 0.213552 -0.743049 0.63425 0.239144 -0.46029 0.854952 0.243853 -0.220924 0.944314 0.257756 -0.0546313 0.964664 0.278987 0.0260284 0.959942 0.274661 0.0784161 0.958338 0.259579 0.237702 0.936011 0.234504 0.483098 0.843578 0.192099 0.757005 0.624533 0.351094 -0.798909 0.488342 0.469429 -0.512099 0.719299 0.520061 -0.232769 0.8218 0.535714 -0.0470702 0.843086 0.517183 0.0131435 0.855774 0.549483 0.0600983 0.83334 0.535595 0.238866 0.809988 0.46448 0.526934 0.711757 0.338026 0.79903 0.497282 0.458715 -0.852442 0.250845 0.703811 -0.570603 0.423157 0.830139 -0.250097 0.498318 0.858521 -0.0519712 0.510138 0.804689 0.0229536 0.593253 0.859015 0.0642146 0.507908 0.840124 0.250954 0.480847 0.701585 0.577218 0.41785 0.462581 0.841996 0.277598 0.426401 -0.891994 0.150098 0.727937 -0.643295 0.237232 0.918652 -0.29503 0.262745 0.997631 0.0628705 0.0279352 0.953332 0.20491 0.221742 0.825798 0.532288 0.186351 0.542453 0.833944 0.101402 -0.746887 0.633314 0.202666 -0.729335 0.572909 0.373958 -0.500657 0.837119 0.220396 -0.46993 0.872885 0.13129 -0.861899 0.0313233 0.506112 -0.867694 0.0773825 0.491038 -0.322067 -0.758585 0.566411 -0.460989 -0.81653 0.347517 -0.925887 0.303561 0.224911 -0.852213 0.263824 0.451808 -0.0739697 0.722654 0.687241 -0.107523 0.938574 0.327898 -0.255175 0.755537 0.603364 -0.27587 0.48512 0.829792 -0.0776957 0.446998 0.891154 -0.276983 0.242058 0.929886 -0.0869621 0.231371 0.968971 -0.277008 0.0847636 0.957122 -0.101089 0.0994519 0.989894 -0.554728 -0.817137 0.156728 -0.306778 0.0247518 0.951459 -0.130478 0.0511671 0.99013 -0.226696 -0.21322 0.95034 -0.0555922 -0.260704 0.963817 -0.0635854 -0.131406 0.989287 -0.268733 -0.0700254 0.960666 -0.206674 -0.440291 0.873745 -0.0561753 -0.484575 0.872944 -0.172051 -0.708445 0.684473 -0.0621312 -0.802111 0.593934 -0.397705 0.800828 0.447778 -0.512046 0.531871 0.674479 -0.695712 -0.544495 0.46852 -0.834416 -0.503721 0.223641 -0.558896 0.2522 0.789956 -0.554235 0.0722864 0.829216 -0.557691 0.0175049 0.829864 -0.505913 -0.217141 0.834807 -0.503593 -0.0382115 0.863096 -0.438983 -0.48731 0.754866 -0.827267 -0.230043 0.512551 -0.950865 -0.187094 0.246681 -0.828649 -0.0413891 0.558236 0.0819781 0.0573241 0.994984 0.153201 0.0225376 0.987938 -0.306217 0.0153199 0.951839 -0.157206 0.0193995 0.987375 0.311538 0.0108114 0.950172 0.520946 0.00847651 0.853548 0.789629 0.0185029 0.613306 -0.803306 0.0178268 0.5953 -0.518763 0.0099355 0.854861 0.0975088 -0.00237536 0.995232 0.157468 -0.013096 0.987437 -0.309425 -0.00468456 0.950912 -0.152843 -0.0190568 0.988067 0.310119 -0.00618511 0.950678 0.505013 -0.00247139 0.863108 0.772085 -0.000363357 0.635519 -0.778411 -0.00193191 0.627752 -0.508196 -0.00332881 0.861235 0.082171 -0.0365558 0.995948 0.153072 -0.00797299 0.988183 -0.289315 -0.0214165 0.956994 -0.134399 -0.0196916 0.990732 0.317451 -0.00975823 0.948225 0.506205 -0.0103562 0.862351 0.792423 -0.0132952 0.609828 -0.776185 -0.0144757 0.630339 -0.501645 -0.0111541 0.865002 0.123878 -0.0589387 0.990546 0.0446741 -0.0836783 0.995491 -0.114241 -0.0666653 0.991214 -0.314057 -0.0122541 0.949325 0.317083 -0.0346742 0.947764 0.510181 -0.0111287 0.859995 0.824473 -0.0186484 0.565594 -0.814865 -0.0145771 0.579468 -0.512234 -0.0120023 0.858762 0.025163 -0.754903 0.655354 0.0137301 -0.466806 0.884253 0.00865044 -0.269176 0.963052 0.00897156 -0.169354 0.985514 0.0482046 -0.0162756 0.998705 0.0333608 -0.0664189 0.997234 0.024342 0.184978 0.982441 0.0398737 0.108985 0.993243 0.0173092 0.322815 0.946304 0.013114 0.521727 0.853012 0.0138245 0.795784 0.605423 0.0484138 0.0652303 0.996695 0.0163267 -0.118279 0.992846 0.0016765 -0.749854 0.661602 -0.00215692 -0.46255 0.88659 -0.00426128 -0.270546 0.962698 -0.00635562 -0.173691 0.98478 -0.00192752 -0.0239723 0.999711 -0.00635515 -0.080891 0.996703 0.000635616 0.197736 0.980255 0.00471621 0.122714 0.992431 -0.000360567 0.33379 0.942648 -0.0015354 0.526597 0.850113 -0.00214088 0.789702 0.613487 0.00151159 0.0673606 0.997728 -0.0069518 -0.127259 0.991845 -0.0178525 -0.747908 0.663562 -0.0146532 -0.45714 0.889274 -0.0142891 -0.26332 0.964603 -0.0189078 -0.166133 0.985922 -0.0509128 -0.0262817 0.998357 -0.0442858 -0.0743842 0.996246 -0.0219176 0.18547 0.982406 -0.029535 0.114646 0.992967 -0.0158927 0.32418 0.945862 -0.0127821 0.520841 0.853558 -0.0130832 0.784849 0.619549 -0.0447665 0.0576603 0.997332 -0.027574 -0.114936 0.99299 -0.0336013 -0.759828 0.649255 -0.0241306 -0.458167 0.888538 -0.0218679 -0.253994 0.966959 -0.0296716 -0.149373 0.988336 -0.0943395 -0.0239151 0.995253 -0.0761754 -0.0499402 0.995843 -0.063805 0.087465 0.994122 -0.0451827 0.150196 0.987623 -0.0346135 0.291379 0.955981 -0.0296157 0.498422 0.866428 -0.0322502 0.770836 0.636217 -0.0884886 0.0387557 0.995323 -0.0442226 -0.0896926 0.994987 0.550264 -0.00110165 0.83499 0.492484 -0.000837743 0.870321 0.552925 -0.000801295 0.833231 0.991142 9.85803e-07 0.132804 0.98589 -1.34013e-05 0.167395 0 0 1 -0.00755327 -0.0195753 0.99978 -0.0130472 -0.0188823 0.999737 0 0 1 0 0 1 0 0 1 0 0 1 -0.00375513 -0.0355093 0.999362 0.000625949 -0.00885418 0.999961 0.00248861 0.00884122 0.999958 -0.000626228 0.00885419 0.999961 -0.00248916 -0.00884516 0.999958 0 0 1 0 0 1 0 0 1 0 0 1 -0.0137265 0.0198381 0.999709 0 0 1 0 0 1 -0.0343215 0.0243422 0.999114 -0.0326099 0.00907587 0.999427 0 0 1 0 0 1 -0.0820202 0.00715858 0.996605 0 0 1 0 0 1 0 0 1 0 0 1 0.498282 0.860544 0.105728 0.0205703 0.998537 0.0500078 0.0207398 0.997167 0.0723057 0.58713 0.791243 0.170915 0 0 1 0 0 1 0 0 1 0 0 1 0.785508 0.604563 0.132216 0.840391 0.506269 0.193479 -0.0353848 0.998024 0.0519169 -0.606491 0.786461 0.116823 -0.510248 0.84435 0.163462 -0.0357746 0.991445 0.12553 0.985943 0.0964957 0.136401 0.970142 0.0926356 0.224149 -0.857577 0.495735 0.137144 -0.789551 0.583671 0.189572 0.991142 8.69675e-08 0.132803 0.974555 -5.15813e-05 0.22415 -0.990712 0.0240701 0.13383 -0.974837 0.0684403 0.212153 0 0 1 -0.0678975 7.52047e-05 0.997692 -0.0640123 7.15006e-05 0.997949 0 0 1 -0.991143 7.07987e-08 0.132802 -0.982294 -4.0571e-05 0.187346 0.857577 -0.495736 0.137145 0.989963 -0.0431063 0.134589 0.985968 -0.0431315 0.161264 0.789551 -0.583671 0.189573 -0.991143 0 0.132802 -0.986858 -2.46038e-07 0.16159 0.606491 -0.786461 0.116823 0.510248 -0.84435 0.163462 0.79303 0.000253474 0.609183 0.980764 2.09449e-05 0.195199 0.984992 7.83734e-06 0.172597 0.820228 0.000190451 0.572037 0.0207551 -0.998531 0.0500434 0.0208128 -0.992215 0.122786 -0.989958 -0.0432919 0.134571 -0.785509 -0.604562 0.132215 -0.840391 -0.506269 0.193478 -0.97445 -0.0427608 0.220496 0 0 1 0 0 1 -0.498283 -0.860544 0.105728 -0.587131 -0.791243 0.170915 -0.0348106 -0.998049 0.0518236 -0.0353759 -0.996599 0.0744304 0.0338336 0.0588427 0.997694 0.0018251 0.121318 0.992612 0 0 1 0.121203 0.0672162 0.990349 0 0 1 0 0 1 0 0 1 0 0 1 -0.000943081 0.050951 0.998701 -0.0220178 0.0555764 0.998212 0 0 1 0 0 1 -0.045808 0.0352414 0.998328 0 0 1 -0.805519 0.000218245 0.59257 -0.983173 1.34181e-05 0.182679 -0.982962 1.43928e-05 0.18381 -0.805497 0.000224888 0.592599 -0.0481025 0.00334855 0.998837 0 0 1 0.0549279 -0.0422749 0.997595 0.168437 -0.00651666 0.985691 0 0 1 0 0 1 -0.0638887 -0.000297398 0.997957 0 0 1 0.0284681 -0.0718579 0.997009 0 0 1 -0.115974 -9.54845e-05 0.993252 0 0 1 0 0 1 0 0 1 0 0 1 0 0 1 0 0 1 0 -0.882098 0.471066 0 -0.997311 0.0732823 0.0208128 -0.992215 0.122786 0.0143955 -0.817115 0.576295 -0.0395943 -0.00137072 0.999215 -0.0497106 -0.027577 0.998383 0 0 1 0 0 1 -0.0336262 -0.0584822 0.997722 -0.00369912 -0.1386 0.990342 0 0 1 0 0 1 0.0104933 0.63319 0.773925 0.239039 0.422223 0.874407 0.417032 0.663301 0.621382 0.0180832 0.885515 0.464258 -4.36489e-06 0.172002 0.985097 2.03677e-06 -0.171907 0.985113 2.1052e-06 -0.171997 0.985097 -4.31661e-06 0.171842 0.985125 0.40211 0.258296 0.878402 0.652977 0.426037 0.62619 -0.233453 0.438752 0.867754 -0.0137668 0.50626 0.862271 -0.0250245 0.813926 0.580429 -0.419813 0.673384 0.608532 0.507481 0.032385 0.861054 0.777227 0.0893367 0.622845 -0.399422 0.267558 0.876855 -0.646449 0.435393 0.626527 0.496706 -0.000947569 0.867918 0.798748 -0.00058907 0.601665 -0.522035 0.0169727 0.852755 -0.805767 0.05424 0.589743 -0.520618 0.00036079 0.853789 -0.765977 -0.0314433 0.642099 -0.466569 -0.0181954 0.884298 0 0 1 0.0981506 0.000114737 0.995172 0.13281 0.000142317 0.991141 0 0 1 0.573702 -0.0229616 0.818742 0.399465 -0.267628 0.876814 0.646449 -0.435393 0.626527 0.837046 -0.0362951 0.545927 -0.556813 -0.00022284 0.830637 -0.473774 -0.00133059 0.880646 -0.782875 -0.000966683 0.622178 -0.828794 -0.000106837 0.559553 0.233453 -0.438752 0.867754 0.419813 -0.673384 0.608532 0.503364 0.000378214 0.864074 0.543887 0.000337975 0.839158 0.00782826 -0.508806 0.860845 -0.40211 -0.258296 0.878402 -0.652977 -0.426037 0.62619 0 0.831981 0.554805 0 0.994077 0.108677 0 0.994736 0.102473 0 0.838525 0.544864 -0.239039 -0.422223 0.874407 -0.417032 -0.663301 0.621382 -0.0182766 -0.628542 0.777561 -0.0311003 -0.881885 0.470438 0.58713 0.791243 0.170915 0.0207398 0.997167 0.0723057 0.000626213 -0.00868296 0.999962 0.00248908 0.00867268 0.999959 -0.000626142 0.00868297 0.999962 -0.00248894 -0.00867168 0.999959 0.840391 0.506269 0.193479 -0.0357746 0.991445 0.12553 -0.510248 0.84435 0.163462 0.970142 0.0926356 0.224149 -0.789551 0.583671 0.189572 0.974555 -5.15813e-05 0.22415 0.9889 -2.95785e-06 0.148585 0.805568 -0.00251608 0.592498 0.757628 -0.000131048 0.652687 -0.974837 0.0684403 0.212153 0.812217 0.000204201 0.583356 0.531118 0.000345726 0.847298 -0.982294 -4.0571e-05 0.187346 0.789551 -0.583671 0.189573 0.985968 -0.0431315 0.161264 -0.986858 -2.46038e-07 0.16159 0.510248 -0.84435 0.163462 -0.97445 -0.0427608 0.220496 -0.840391 -0.506269 0.193478 0 0 1 0 0 1 0 0 1 0 0 1 -0.587131 -0.791243 0.170915 -0.0353759 -0.996599 0.0744304 0.460032 -0.000702642 0.887902 0.535455 -0.00384664 0.844555 0.000697413 -0.0677243 0.997704 0.000626142 -0.00874609 0.999962 0.00248928 0.00873673 0.999959 -0.000625928 0.0087461 0.999962 -0.00248886 -0.00873373 0.999959 0 0.994736 0.102473 0 0.998877 0.0473677 0 0.998878 0.0473677 0 0.996291 0.0860524 0 -0.998877 0.0473677 0 -0.995975 0.0896318 0 -0.994061 0.108824 0 -0.998878 0.0473677 0 0.0529419 0.998598 0 0.0752595 0.997164 0 -0.0841611 0.996452 0 -0.0559268 0.998435 0 0.584179 0.811625 0 0.86052 0.509417 0 0.881815 0.471595 0 0.623982 0.781439 0 -0.875443 0.483321 0 -0.611942 0.790903 0 -0.575906 0.817516 0 -0.855611 0.517619 0 0.996291 0.0860524 0 -0.995975 0.0896318 0 -0.830959 0.556333 0 -0.994061 0.108824 0 0.543915 0.83914 0 -0.529736 0.848163 0 0.998877 0.0473677 0 0.997286 0.0736309 0 -0.998878 0.0473677 0 -0.997027 0.0770576 0 0.0928605 0.995679 0 -0.110999 0.993821 0 0.997286 0.0736309 0 -0.997027 0.0770576 0.0135471 -0.0164408 0.999773 0.00977277 -0.024461 0.999653 0.017759 -0.0126132 0.999763 0.0267854 -0.0106007 0.999585 0 0.863979 0.503528 0 0.590686 0.806902 0.0297014 -0.00310962 0.999554 0 0 1 -1.42811e-06 -0.0380281 0.999277 -1.40224e-06 -0.0372113 0.999307 0.00626138 0.0189657 0.999801 0.0118982 0.0171282 0.999783 0.0164433 0.0141189 0.999765 0.0267358 0.0117431 0.999574 0 0 1 0 0 1 -0.0389352 -0.0186123 0.999068 -0.0209901 -0.0175582 0.999626 -0.130046 -0.00478274 0.991496 0 0 1 0 0 1 -0.0915107 -0.00547038 0.995789 -0.982962 1.43928e-05 0.18381 -0.991143 -4.7662e-08 0.132803 0 0.998878 0.0473677 0 0.996477 0.0838648 0 -0.998878 0.0473677 0 -0.99568 0.0928553 0 -0.996109 0.0881351 0 -0.998878 0.0473677 0 -0.0770708 0.997026 0 0 1 0 -0.0849922 0.996382 0 0.857481 0.514515 0 0.578805 0.815466 0 -0.99568 0.0928553 0 -0.850898 0.525331 0 -0.857481 0.514515 0 -0.996109 0.0881351 0 -0.566749 0.82389 0 -0.578806 0.815466 0 0.998878 0.0473677 0 0.996109 0.0881351 0 0.0837302 0.996489 0 0.0849922 0.996382 0 0 1 0 0.996477 0.0838648 0 0.996109 0.0881351 -0.00153397 -0.0420682 0.999114 -0.0018114 0.0385483 0.999255 0 -0.996109 0.0881351 0 -0.998878 0.0473677 0 0 1 0 -0.0849922 0.996382 0 0.857481 0.514515 0 0.578806 0.815466 0 -0.857481 0.514515 0 -0.996109 0.0881351 0 -0.578806 0.815466 0 0.998878 0.0473677 0 0.996109 0.0881351 0 0.0849922 0.996382 0 0 1 0 0.996109 0.0881351 -0.000993992 -0.04597 0.998942 -0.00103028 0.0436263 0.999047 0 -0.995468 0.0951003 0 -0.998878 0.0473677 0 0 1 0 -0.0733677 0.997305 0 0.866952 0.498391 0 0.596262 0.80279 0 -0.847741 0.53041 0 -0.995468 0.0951003 0 -0.560874 0.827901 0 0.998877 0.0473677 0 0.996629 0.0820414 0 0.0978554 0.995201 0 0 1 0 0.996629 0.0820414 -0.000204657 -0.0486083 0.998818 -0.000486693 0.0475686 0.998868 0 -0.996629 0.0820414 0 -0.998877 0.0473677 0 0 1 0 -0.0978554 0.995201 0 0.847741 0.53041 0 0.560874 0.827901 0 -0.866952 0.498391 0 -0.996629 0.0820414 0 -0.596262 0.80279 0 0.998878 0.0473677 0 0.995468 0.0951003 0 0.0733677 0.997305 0 0 1 0 0.995468 0.0951003 0.000486738 -0.0475924 0.998867 0.000204521 0.0486137 0.998818 0 -0.996109 0.0881351 0 -0.998878 0.0473677 0 0 1 0 -0.0849922 0.996382 0 0.857482 0.514515 0 0.578806 0.815466 0 -0.857481 0.514515 0 -0.996109 0.0881351 0 -0.578806 0.815466 0 0.998878 0.0473677 0 0.996109 0.0881351 0 0.0849922 0.996382 0 0 1 0 0.996109 0.0881351 0.00103128 -0.0436789 0.999045 0.000994529 0.046009 0.998941 0 -0.996109 0.0881351 0 -0.998878 0.0473677 0 0 1 0 -0.0849922 0.996382 0 0.857481 0.514515 0 0.578806 0.815466 0 -0.857482 0.514515 0 -0.996109 0.0881351 0 -0.578806 0.815466 0 0.998878 0.0473677 0 0.996109 0.0881351 0 0.0849922 0.996382 0 0 1 0 0.996109 0.0881351 0.00181263 -0.0386193 0.999252 0.00153402 0.0421324 0.999111 0 -0.996056 0.0887265 0 -0.998877 0.0473677 0 0 1 0 -0.0919158 0.995767 0 0.858812 0.51229 0 0.580446 0.814299 0 -0.857497 0.514489 0 -0.996056 0.0887265 0 -0.580861 0.814003 0 0.998878 0.0473677 0 0.996227 0.0867834 0 0.0849717 0.996383 0 0 1 0 0.996227 0.0867834 0.00460737 -0.026983 0.999625 0.00363851 0.0356282 0.999358 -0.0353759 -0.996599 0.0744304 -0.0348106 -0.998049 0.0518236 -0.0353848 0.998024 0.0519169 -0.0357746 0.991445 0.12553 0.980764 2.09449e-05 0.195199 0.991142 -1.87689e-07 0.132803 0.991143 -7.29816e-08 0.132803 0.984992 7.83734e-06 0.172597 -0.521166 0.000354548 0.853456 0.980843 -3.27157e-05 0.1948 0.820404 -0.000561168 0.571785 0.543927 -0.0010436 0.839132 0.983486 1.10523e-05 0.180987 0.991142 -4.1176e-08 0.132803 -0.991143 -2.97383e-08 0.132802 -0.982642 1.33015e-05 0.185513 -0.0691144 7.66621e-05 0.997609 0 0 1 0.512431 0.000296848 0.858728 0.80016 0.000183315 0.599787 -0.794619 0.000214343 0.607108 -0.50479 0.000345292 0.863242 0.983486 1.10523e-05 0.180987 -0.982642 1.33015e-05 0.185513 0.028817 0.00470368 0.999574 0.0483183 -0.00254308 0.998829 0.0561844 -0.00164148 0.998419 -0.065121 -0.0113367 0.997813 0.0425761 0.00256441 0.99909 0.982863 1.33153e-05 0.184336 0.991142 -2.97359e-08 0.132804 -0.991143 -4.68927e-08 0.132802 -0.982775 1.33194e-05 0.184805 0 0 1 0.114732 0.000127593 0.993396 -0.0688086 7.62938e-05 0.99763 0 0 1 0.508981 0.000347948 0.860778 0.797722 0.000215613 0.603025 -0.797345 0.000215512 0.603524 -0.50881 0.000347572 0.860879 0.982863 1.33153e-05 0.184336 -0.982775 1.33194e-05 0.184805 0 0 1 0 0 1 0.0599681 -0.000431784 0.9982 0 0 1 -0.169483 -0.00242055 0.98553 0.982996 1.32796e-05 0.183628 0.991142 -4.6889e-08 0.132804 -0.991143 -2.97354e-08 0.132803 -0.982908 1.33118e-05 0.184097 0 0 1 0.114077 0.000126815 0.993472 -0.0685037 7.59493e-05 0.997651 0 0 1 0.513076 0.000350331 0.858343 0.800445 0.000216477 0.599406 -0.800069 0.00021627 0.599908 -0.512881 0.000349901 0.85846 0.982996 1.32796e-05 0.183628 -0.982908 1.33118e-05 0.184097 0 0 1 0 0 1 0.0582097 0.000835354 0.998304 0 0 1 -0.180486 0.00129101 0.983577 0.983128 1.35443e-05 0.18292 0.991142 2.19567e-07 0.132804 -0.991142 -4.57446e-08 0.132803 -0.983041 1.34005e-05 0.183388 0 0 1 0.113425 0.000126051 0.993547 -0.0681996 7.55687e-05 0.997672 0 0 1 0.51722 0.000352658 0.855853 0.803169 0.000217408 0.595751 -0.802794 0.000217371 0.596256 -0.517 0.000352384 0.855985 0.983128 1.35443e-05 0.18292 -0.983041 1.34005e-05 0.183388 0 0 1 0 0 1 0.0516129 0.00190131 0.998665 0 0 1 -0.158172 0.00461793 0.987401 0.98416 1.0736e-05 0.177284 0.991143 -1.74322e-08 0.132802 -0.991143 9.49155e-08 0.132803 -0.983173 1.34181e-05 0.182679 0.122899 0.000133984 0.992419 0.98416 1.0736e-05 0.177284 0 0 1 0 0 1 0 0 1 -0.11459 0.00598194 0.993395 0 -0.624407 0.781099 -0.00335778 -0.00874038 0.999956 -0.0132401 0.00868222 0.999875 -0.00335793 0.00871124 0.999956 -0.01324 -0.00862429 0.999875 0.824227 -0.000657572 0.566259 0.98135 -5.46238e-05 0.19223 0.980069 -5.61307e-05 0.198658 0.786484 -0.000631082 0.617611 0.268802 -0.692508 0.669461 0.46277 -0.572774 0.67659 0.363452 -0.530573 0.765764 0.217392 -0.669574 0.71022 0.123748 -0.760142 0.637865 0.0672612 -0.677103 0.732808 0.606828 -0.433382 0.666288 0.469636 -0.401832 0.786112 0.0361049 -0.792327 0.609028 0.0230477 -0.649065 0.760384 0.720051 -0.28436 0.632982 0.516901 -0.241602 0.821244 0.018458 -0.795169 0.606107 0.0139193 -0.652796 0.757406 0.815479 -0.0866081 0.57227 0.532797 -0.0914741 0.841285 0.0076274 -0.79037 0.612582 0.00275793 -0.681038 0.732243 0.821419 -0.0431594 0.568689 0.631134 -0.0378021 0.774752 -0.00360109 -0.800336 0.59954 -0.00629294 -0.619587 0.784903 0.824375 -0.0244122 0.565517 0.635018 -0.0234225 0.772142 -0.017149 -0.795186 0.606124 -0.0152204 -0.653022 0.757186 0.825928 -0.00633003 0.563739 0.637002 -0.009191 0.770807 -0.0290177 -0.793792 0.607497 -0.0300915 -0.649267 0.759965 0.825657 0.0113783 0.564057 0.637165 0.00449929 0.770714 -0.0845718 -0.785621 0.6129 -0.104328 -0.568132 0.816298 0.823523 0.0297744 0.566501 0.635543 0.0184463 0.771845 -0.271683 -0.710042 0.649637 -0.236131 -0.538104 0.809127 0.819467 0.0484498 0.571074 0.632047 0.0328626 0.774233 -0.416859 -0.610915 0.673061 -0.402724 -0.503326 0.764511 0.784953 0.121977 0.607429 0.679122 0.0682938 0.730841 -0.566473 -0.47504 0.673383 -0.530546 -0.369585 0.762842 0.697626 0.29729 0.651872 0.639939 0.224052 0.735037 -0.683491 -0.325786 0.653226 -0.610229 -0.254914 0.750093 0.565338 0.47506 0.674322 0.526612 0.371364 0.764701 -0.778936 -0.130709 0.61333 -0.683421 -0.0706906 0.726594 0.421968 0.605613 0.674667 0.407823 0.499309 0.764442 -0.819355 -0.0484411 0.571236 -0.631873 -0.0328535 0.774376 0.239498 0.727643 0.642788 0.213524 0.541474 0.81315 -0.823491 -0.0297739 0.566547 -0.63544 -0.0184436 0.77193 0.0818609 0.785836 0.612993 0.0983458 0.580131 0.808564 -0.825624 -0.0113775 0.564106 -0.637132 -0.00449922 0.770742 0.029017 0.793822 0.607458 0.0300985 0.649425 0.75983 -0.825997 0.00632765 0.563639 -0.637035 0.00919155 0.77078 0.0171498 0.795239 0.606053 0.0152225 0.653106 0.757114 -0.824417 0.0244123 0.565455 -0.635121 0.0234263 0.772057 0.00360097 0.800347 0.599526 0.00629302 0.619612 0.784883 -0.821167 0.0431295 0.569056 -0.631311 0.0378126 0.774607 -0.00762754 0.790346 0.612614 -0.00275774 0.681011 0.732268 -0.820017 0.0724461 0.567735 -0.546883 0.0667458 0.834544 -0.0184571 0.79511 0.606185 -0.0139177 0.652709 0.757481 -0.759878 0.210939 0.61489 -0.522064 0.195695 0.830152 -0.0361006 0.792212 0.609177 -0.0230419 0.648907 0.760519 -0.601343 0.437443 0.668603 -0.444469 0.421165 0.790612 -0.132487 0.755135 0.642043 -0.0695149 0.679386 0.730481 -0.414406 0.610789 0.674689 -0.326559 0.565827 0.757099 -0.281466 0.689232 0.667635 -0.239794 0.649299 0.72174 0 0 1 0 0 1 0 0 1 0 0 1 0 0 1 0 0 1 0 0 1 0 0 1 0 0 1 0 0 1 0 0 1 0 0 1 0 0 1 0 0 1 0 0 1 0 0 1 0 0 1 0 0 1 0 0 1 0 0 1 0 0 1 0 0 1 0 0 1 0 0 1 0 0 1 0 0 1 0 0 1 0 0 1 0 0 1 0 0 1 0 0 1 0 0 1 0 0 1 0 0 1 0 0 1 0 0 1 0 0 1 0 0 1 0 0 1 0 0 1 0 0 1 0 0 1 0 0 1 0 0 1 0 0 1 0 0 1 0 0 1 0 0 1 0 0 1 0 0 1 0 0 1 0 0 1 2.74971e-07 0.00745532 0.999972 2.74303e-07 0.00744879 0.999972 6.87564e-07 0.159855 0.987141 5.12686e-06 -0.159665 0.987171 5.14932e-06 -0.159868 0.987138 7.1007e-07 0.15982 0.987146 -0.00335771 -0.00880273 0.999956 -0.0132394 0.00874435 0.999874 -0.00335771 0.00877338 0.999956 -0.0132396 -0.00868563 0.999875 6.22473e-06 0.162621 0.986689 1.9732e-06 -0.162639 0.986686 0 0 1 -0.00335873 -0.00891488 0.999955 -0.0132392 0.00885591 0.999873 -0.00335832 0.00888596 0.999955 -0.0132417 -0.00880103 0.999874 0.780935 -0.000936542 0.624612 0.489313 -0.00134289 0.872107 0.977227 -8.62501e-05 0.212194 -0.00122491 0.999841 0.0177682 -0.997554 0.00836321 0.0694021 -0.00335748 -0.0088986 0.999955 -0.0132387 0.00883971 0.999873 -0.00335774 0.00886893 0.999955 -0.0132388 -0.00878012 0.999874 0.0207398 0.997167 0.0723057 0.0205703 0.998537 0.0500078 0 0.998878 0.0473677 0 0.994077 0.108677 0 -0.998878 0.0473677 0 -0.997311 0.0732823 0 0.0486739 0.998815 0 0.532608 0.846362 0 0 1 0 -0.146455 0.989217 0.00341936 0.00880737 0.999955 0.0134779 -0.00874732 0.999871 0.00341894 -0.00877747 0.999956 0.0134781 0.00868864 0.999871 1.97989e-06 -0.162399 0.986725 6.22522e-06 0.162621 0.986689 0.00341902 0.00874263 0.999956 0.0134783 -0.00868318 0.999871 0.00341901 -0.00871293 0.999956 0.0134782 0.00862461 0.999872 0.00341858 0.00891207 0.999954 0.0134767 -0.00885194 0.99987 0.00341874 -0.00888179 0.999955 0.0134768 0.00879132 0.999871 0.00341943 0.00890493 0.999955 0.0134774 -0.0088441 0.99987 0.00341906 -0.0088747 0.999955 0.0134774 0.00878504 0.999871 0.0207551 -0.998531 0.0500434 0.0208128 -0.992215 0.122786 0.000626272 -0.00884217 0.999961 0.00248918 0.00883339 0.999958 -0.00062596 0.00884217 0.999961 -0.00248856 -0.00882898 0.999958 -0.00656695 -0.99934 0.0357163 -0.00816215 -0.998895 0.0462836 -0.999916 -0.00910452 0.00924312 -0.999323 0.00844889 0.0357968 -0.998968 0.00860368 0.0445903 -0.987732 -0.00830091 0.155939 -0.00667393 0.999935 0.00924158 -0.0086801 0.987394 0.158042 0.00662028 0.99934 0.0357134 0.00748454 0.998899 0.0463142 0.999918 0.00885113 0.00924141 0.999321 -0.00868812 0.0357935 0.998843 -0.0107905 0.046864 0.987445 0.00803406 0.157757 0.00673162 -0.999935 0.0092433 0.00612445 -0.987829 0.155421 -0.00651576 -0.99934 0.035724 -0.00809091 -0.998896 0.0462808 -0.99992 -0.0086819 0.00924142 -0.999323 0.00852201 0.0357965 -0.998967 0.00867365 0.0445963 -0.987721 -0.00789624 0.156029 -0.00664394 0.999935 0.00924157 -0.00860277 0.987395 0.158041 0.00664826 0.99934 0.0357095 0.00773261 0.998897 0.0463143 0.99992 0.00868329 0.00924142 0.999323 -0.00852333 0.0357964 0.998846 -0.0105914 0.0468426 0.987423 0.00787904 0.157907 0.00678123 -0.999934 0.00924329 0.00617336 -0.987828 0.155425 -0.00651576 -0.99934 0.035724 -0.00663137 -0.998984 0.0445772 -0.999919 -0.00874365 0.00924142 -0.999322 0.00858264 0.0357954 -0.998966 0.00873534 0.0446219 -0.987113 -0.0112971 0.159623 -0.00661207 0.999936 0.0092407 -0.00840571 0.987397 0.158042 0.00668068 0.99934 0.035714 0.00815641 0.998894 0.0463119 0.999919 0.00874776 0.00924142 0.999322 -0.00858667 0.0357953 0.998967 -0.00873945 0.044597 0.987673 0.00795339 0.156327 0.00677996 -0.999934 0.00923982 0.00877269 -0.987385 0.158093 -0.0064958 -0.999341 0.035721 -0.0066114 -0.998984 0.044577 -0.999918 -0.00883877 0.00924141 -0.999322 0.00867601 0.0357937 -0.998843 0.0107754 0.0468609 -0.987134 -0.0114222 0.159488 -0.00661145 0.999936 0.00924157 -0.00601492 0.987829 0.155425 0.00668259 0.99934 0.0357122 0.00680019 0.998983 0.0445786 0.999918 0.0088448 0.00924141 0.999321 -0.00868192 0.0357936 0.998958 -0.00883631 0.0447745 0.986916 0.0114097 0.160832 0.00680031 -0.999934 0.00924155 0.00761462 -0.987396 0.158089 0.00119151 -0.999841 0.0177682 -0.00124418 -0.997733 0.0672924 -0.99979 -0.00901802 0.0184221 -0.997553 0.00853056 0.0693964 -0.999782 0.0095058 0.0185786 -0.997525 -0.00945327 0.0696685 -0.00125454 0.999841 0.0177682 0.00118128 0.997733 0.0672924 0.99979 0.00901231 0.0184186 0.997554 -0.00852516 0.0693835 0.999782 -0.00949984 0.0185785 0.997525 0.0094474 0.0696685 0.00124137 -0.999841 0.0177682 -0.00119466 -0.997732 0.0672987 -0.999791 -0.00884118 0.0184221 -0.999784 0.00931945 0.0185755 -0.997527 -0.00926787 0.0696687 -0.00122491 0.999841 0.0177682 0.00121085 0.997733 0.0672924 0.999791 0.00884053 0.0184187 0.997555 -0.00836259 0.0693891 0.999784 -0.0093188 0.0185755 0.997527 0.0092673 0.0696686 0.00124137 -0.999841 0.0177682 -0.00119466 -0.997732 0.0672987 -0.999791 -0.00890443 0.0184221 -0.997553 0.00842308 0.0694001 -0.999783 0.00938611 0.0185766 -0.997526 -0.00933418 0.0696686 -0.00119234 0.999841 0.0177665 0.00124324 0.997733 0.0672892 0.999791 0.00890581 0.0184186 0.997554 -0.00842437 0.069387 0.999783 -0.0093876 0.0185766 0.997527 0.00933574 0.0696685 0.00126136 -0.999841 0.0177682 -0.00117448 -0.997733 0.0672924 -0.99979 -0.00900153 0.0184221 -0.997553 0.00851496 0.0693969 -0.999782 0.00948844 0.0185783 -0.997526 -0.00943598 0.0696686 -0.00119081 0.999841 0.0177648 0.00124466 0.997733 0.0672861 0.99979 0.00900433 0.0184186 0.997554 -0.0085176 0.0693838 0.999782 -0.00949143 0.0185783 0.997526 0.00943903 0.0696685 0.98589 -1.34013e-05 0.167395 0.826209 -0.00043292 0.563364 0.991142 -5.61538e-07 0.132803 0.984168 -2.55397e-05 0.177237 0.984168 -2.55397e-05 0.177237 0.00815641 0.998894 0.0463119 0.987673 0.00795339 0.156327 -0.000202156 0.999358 0.0358234 -0.000224789 1 9.13888e-06 -2.50957e-05 0.991944 0.126674 -2.52579e-05 0.998501 0.0547273 1.19286e-05 -0.991899 0.127026 1.22471e-05 -0.998492 0.0548975 0.998967 -0.00873945 0.044597 -3.74487e-05 -0.991887 0.127121 -3.76853e-05 -0.998495 0.0548348 -0.987721 -0.00789624 0.156029 -0.998967 0.00867365 0.0445963 0.00126136 -0.999841 0.0177682 3.6532e-05 0.991944 0.126676 3.67083e-05 0.998501 0.0547282 -0.00119466 -0.997732 0.0672987 -0.0086801 0.987394 0.158042 -0.00809091 -0.998896 0.0462808 4.3998e-06 0.991944 0.126676 4.2983e-06 0.998501 0.0547272 3.18584e-05 -0.991899 0.127028 3.22003e-05 -0.998492 0.0548994 -0.00840571 0.987397 0.158042 -0.00601492 0.987829 0.155425 3.79652e-05 0.991944 0.126675 1.22377e-05 -0.998492 0.0548993 -0.00663137 -0.998984 0.0445772 0.00118128 0.997733 0.0672924 -0.00860277 0.987395 0.158041 -0.0066114 -0.998984 0.044577 -0.987134 -0.0114222 0.159488 -0.998843 0.0107754 0.0468609 0.986916 0.0114097 0.160832 0.998958 -0.00883631 0.0447745 0.00877269 -0.987385 0.158093 1.22353e-05 -0.991899 0.127031 3.81641e-05 0.998501 0.0547282 0.00680019 0.998983 0.0445786 0.00617336 -0.987828 0.155425 0.00748454 0.998899 0.0463142 -0.000234009 0.999358 0.0358245 -0.000257427 1 9.13893e-06 0.00612445 -0.987829 0.155421 -0.00651576 -0.99934 0.035724 0.00773261 0.998897 0.0463143 0.00668259 0.99934 0.0357122 0.00680031 -0.999934 0.00924155 -0.00119234 0.999841 0.0177665 -0.000200294 0.999358 0.0358251 -0.000223354 1 1.05109e-05 -0.00124418 -0.997733 0.0672924 0.00124466 0.997733 0.0672861 -0.00117448 -0.997733 0.0672924 0.000255991 -0.999358 0.0358186 0.000273875 -1 9.1372e-06 3.80812e-05 0.999997 0.00249953 0.00123354 0.999999 2.2316e-05 -2.11304e-05 -0.999997 0.00253226 -0.00121731 -0.999999 2.20318e-05 -0.00651576 -0.99934 0.035724 -2.11304e-05 -0.999997 0.00253226 -0.00121731 -0.999999 2.20318e-05 0.998846 -0.0105914 0.0468426 -0.281466 0.689232 0.667635 -0.132487 0.755135 0.642043 -0.271683 -0.710042 0.649637 -0.416859 -0.610915 0.673061 -0.0845718 -0.785621 0.6129 -0.601343 0.437443 0.668603 -0.414406 0.610789 0.674689 -0.820017 0.0724461 0.567735 -0.759878 0.210939 0.61489 0.46277 -0.572774 0.67659 0.268802 -0.692508 0.669461 0.606828 -0.433382 0.666288 0.720051 -0.28436 0.632982 0.815479 -0.0866081 0.57227 0.239498 0.727643 0.642788 0.421968 0.605613 0.674667 0.565338 0.47506 0.674322 0.697626 0.29729 0.651872 -0.566473 -0.47504 0.673383 -0.683491 -0.325786 0.653226 -0.819355 -0.0484411 0.571236 -0.823491 -0.0297739 0.566547 -0.0290177 -0.793792 0.607497 -0.0361006 0.792212 0.609177 -0.017149 -0.795186 0.606124 -0.0184571 0.79511 0.606185 -0.00360109 -0.800336 0.59954 -0.00762754 0.790346 0.612614 0.0076274 -0.79037 0.612582 0.00360097 0.800347 0.599526 0.018458 -0.795169 0.606107 0.0171498 0.795239 0.606053 0.0361049 -0.792327 0.609028 0.029017 0.793822 0.607458 0.123748 -0.760142 0.637865 0.0818609 0.785836 0.612993 0.784953 0.121977 0.607429 0.821419 -0.0431594 0.568689 0.824375 -0.0244122 0.565517 -0.778936 -0.130709 0.61333 0.819467 0.0484498 0.571074 0.825928 -0.00633003 0.563739 -0.825624 -0.0113775 0.564106 0.825657 0.0113783 0.564057 -0.825997 0.00632765 0.563639 0.823523 0.0297744 0.566501 -0.824417 0.0244123 0.565455 -0.821167 0.0431295 0.569056 -0.987732 -0.00830091 0.155939 -0.998968 0.00860368 0.0445903 0.00119151 -0.999841 0.0177682 -0.00661207 0.999936 0.0092407 -0.987113 -0.0112971 0.159623 -0.998966 0.00873534 0.0446219 0.987423 0.00787904 0.157907 0.00761462 -0.987396 0.158089 0.00124137 -0.999841 0.0177682 0.987445 0.00803406 0.157757 0.998843 -0.0107905 0.046864 0.00121085 0.997733 0.0672924 7.17976e-05 0.999997 0.00249991 0.00126741 0.999999 2.29179e-05 -0.00661145 0.999936 0.00924157 7.01673e-05 0.999997 0.00249863 0.001266 0.999999 2.1223e-05 -0.0064958 -0.999341 0.035721 0.000275081 -0.999358 0.0358216 0.000293848 -1 9.13716e-06 -0.00816215 -0.998895 0.0462836 -0.00125454 0.999841 0.0177682 0.00677996 -0.999934 0.00923982 -1.09575e-06 -0.999997 0.00253156 -0.00119709 -0.999999 2.16722e-05 0.00668068 0.99934 0.035714 0.00678123 -0.999934 0.00924329 0.00664826 0.99934 0.0357095 0.000254765 -0.999358 0.0358253 0.000273875 -1 9.1372e-06 -0.00119466 -0.997732 0.0672987 0.00124137 -0.999841 0.0177682 0.00124324 0.997733 0.0672892 -0.00119081 0.999841 0.0177648 -0.00664394 0.999935 0.00924157 -0.00656695 -0.99934 0.0357163 -7.14529e-05 -0.999997 0.00253197 -0.000263978 0.999358 0.0358239 -0.00667393 0.999935 0.00924158 0.00662028 0.99934 0.0357134 8.49391e-06 0.999997 0.00249921 0.00020519 -0.999358 0.0358262 0.00673162 -0.999935 0.0092433 -0.00816215 -0.998895 0.0462836 -0.00656695 -0.99934 0.0357163 -0.00667393 0.999935 0.00924158 -0.0086801 0.987394 0.158042 0.00748454 0.998899 0.0463142 0.00662028 0.99934 0.0357134 0.00673162 -0.999935 0.0092433 0.00612445 -0.987829 0.155421 -0.99992 -0.0086819 0.00924142 -0.987721 -0.00789624 0.156029 -0.00664394 0.999935 0.00924157 -0.00860277 0.987395 0.158041 0.00773261 0.998897 0.0463143 0.00664826 0.99934 0.0357095 0.00678123 -0.999934 0.00924329 0.00617336 -0.987828 0.155425 -0.00663137 -0.998984 0.0445772 -0.00651576 -0.99934 0.035724 -0.00661207 0.999936 0.0092407 -0.00840571 0.987397 0.158042 0.00815641 0.998894 0.0463119 0.00668068 0.99934 0.035714 0.00677996 -0.999934 0.00923982 0.00877269 -0.987385 0.158093 -0.0066114 -0.998984 0.044577 -0.0064958 -0.999341 0.035721 -0.00661145 0.999936 0.00924157 -0.00601492 0.987829 0.155425 0.00680019 0.998983 0.0445786 0.00668259 0.99934 0.0357122 0.00680031 -0.999934 0.00924155 0.00761462 -0.987396 0.158089 0.000224061 -1 9.13727e-06 -0.00126694 -0.999999 2.29139e-05 -0.000287034 1 9.13897e-06 0.00120391 0.999999 2.17894e-05 </float_array>
          <technique_common>
            <accessor count="1376" offset="0" source="#meshId0-normals-array" stride="3">
              <param name="X" type="float" />
              <param name="Y" type="float" />
              <param name="Z" type="float" />
            </accessor>
          </technique_common>
        </source>
        <source id="meshId0-tangents" name="meshId0-tangents">
          <float_array id="meshId0-tangents-array" count="4128"> 0.244248 0.0874551 -0.965761 1 0 0 -0.992627 0.0716342 0.0977793 -0.344016 0.068032 0.936496 -0.285622 0.00192856 0.958341 -0.169595 0.00106471 0.985513 -0.950057 -0.0330905 0.310316 0.285683 0.0083938 -0.958287 0.950787 -0.00698072 -0.309767 0.0511328 -0.405949 -0.912464 -0.253258 -0.484037 0.837597 0.057535 -0.539799 -0.839825 0.174646 -0.75633 -0.630447 -0.0177652 0.999647 -0.0197666 0.285704 0.014325 -0.958211 0.333877 0.323814 -0.885252 -0.0686393 0.964652 0.254432 0.202366 0.695101 -0.689843 -0.00507021 -0.0498793 0.998742 0.0353561 -0.998682 0.0372046 0.344704 -0.160393 0.924907 0.0624466 -0.988965 0.134347 -0.174502 0.00249406 0.984654 -0.442218 0.0819006 0.89316 -0.230069 0.121729 0.965531 0.871638 -0.221835 -0.437078 0.967334 -0.00644864 -0.253422 0.448037 -0.00378469 0.894007 -0.34404 -0.0781381 -0.935698 -0.997031 -0.0570146 -0.051762 1 0 0 0.991564 -0.128361 -0.0180154 0.998987 -0.03976 0.0210534 0.999752 -0.0175048 0.0137985 0.999988 0.00108768 0.00482994 0.999989 0.00107139 0.00447267 0.999991 0.00108615 0.0042434 0.995207 0.0977582 -0.00263671 0.99912 0.0388674 0.0157665 0.999509 0.0282264 0.0136053 0.999996 0.000574729 0.00294989 0.999682 -0.0251562 -0.00164117 0.99872 -0.0504598 -0.00349919 0.98403 -0.146506 0.101094 0.998271 0.0391622 -0.0438356 0.999833 0.0167066 -0.00743458 0.999988 -0.000322596 -0.00488175 0.999814 -0.0192494 0.00130533 0.999093 -0.0412438 0.0106127 0.979216 -0.152078 -0.134194 0.999933 -0.0115632 -0.00102166 0.999948 -0.0101098 -0.00102049 0.999988 -0.00490163 0.000239006 0.99992 0.0107244 0.00668561 1 0 0 1 0 0 -2.99508e-07 -1 -1.97252e-07 -5.4286e-05 -1 -1.47322e-05 -5.40365e-05 -1 -8.29793e-06 -8.42022e-05 -1 -1.86874e-05 -3.35441e-05 -1 9.53673e-07 -3.20516e-06 -1 1.425e-06 0 -1 0 1 -0.000437476 0 1 -0.000332412 0 0.999884 0.0122042 0.00908899 0.999971 0.00602039 0.00465367 0.999998 -0.00218092 0 0.999981 -0.00619085 0 0.994633 0.028788 -0.099377 0.999988 0.00282903 -0.00389335 0.999998 -0.00179508 -0.00101234 0.9931 -0.0435922 -0.108865 0.997301 -0.0661149 0.031937 0.983266 -0.0207324 -0.180995 0.988523 -0.0171665 -0.150089 0.997398 0.0252721 0.0675198 0.999638 -0.0249484 0.0101002 0.999982 0.00452167 0.00397806 0.999974 0.00725968 0 0.991324 0.0747212 -0.108139 0.999795 0.0201934 -0.00163622 0.999996 -0.00145217 -0.00259129 0.995445 -0.0405876 -0.0862617 0.999999 -0.00161445 0 0.997438 -0.0154613 -0.069842 0.988428 0.0487746 0.143633 0.999978 0.00656961 0.000128154 0.999955 -0.00943927 0 0.992372 -0.00899259 -0.122953 0.99805 -0.0617363 -0.00925584 0.999882 -0.0153594 0 0.999975 0.007108 0 0.999986 0.00530449 0 0.999997 0.00248247 -0.000131617 0.994613 -0.0707622 -0.0757531 0.999215 -0.039619 0 0.998729 -0.0503834 -0.00115948 0.993004 -0.11274 0.0351068 0.99066 -0.0484595 -0.127453 0.999978 -0.00655556 0 0.993808 0.0458135 -0.101224 0.999849 0.0173676 -0.000656383 0.999932 -0.0116709 0 0.999969 -0.00787554 0 0.996915 -0.0612216 0.0491043 0.995419 -0.0200018 -0.0934972 0.988571 -0.0175133 -0.149736 0.996847 0.0425241 0.066992 0.99978 -0.0193703 0.00804217 0.999917 0.0118285 0.00508951 1 -0.00085198 0 0.994235 0.0359275 -0.101028 0.999995 -0.0017511 -0.00253882 0.999991 -0.00406975 -0.000966285 0.992794 -0.0486991 -0.109494 0.988672 -0.0270521 -0.147635 0.996258 0.0413871 0.0758777 0.999987 -0.00250054 0.00442968 0.999647 -0.0265455 -0.00146389 0.994476 -0.0866268 0.0592707 0.995443 -0.0258439 -0.0917849 1 0.000224062 0.000100142 0.999999 -0.00126694 -5.49745e-05 1 -7.12511e-05 7.97987e-05 1 -3.15495e-05 0.000112763 1 -2.27504e-05 0.000117077 1 0.000224722 0.000541143 1 0.000287034 5.38018e-05 0.999999 -0.00120391 9.72265e-05 1 -8.42091e-06 -2.92234e-05 1 2.85421e-05 -5.92288e-05 1 3.32846e-05 -6.25288e-05 1 0.000269376 -0.000145858 1 0.000273876 0.000105001 0.999999 -0.00121731 -4.94875e-05 1 -2.09519e-05 7.05131e-05 1 1.77243e-05 9.92843e-05 1 2.55181e-05 0.000105354 1 0.000273877 0.000528558 1 0.000257427 2.70083e-05 0.999999 -0.00123354 6.35873e-05 1 -3.79098e-05 -6.86243e-05 1 1.20261e-06 -0.000100482 1 8.66641e-06 -0.000102596 1 0.000240107 -0.000165904 1 0.000273875 -3.73596e-05 0.999999 -0.00121731 -7.70628e-05 1 -2.09965e-05 5.28958e-05 1 1.68574e-05 8.36866e-05 1 2.34227e-05 8.65745e-05 1 0.000261798 0.000157439 1 0.00022479 -9.56809e-05 0.999999 -0.00126601 5.90631e-05 1 -6.99596e-05 -8.31897e-05 1 -3.03203e-05 -0.000117552 1 -2.11695e-05 -0.00012262 1 0.000221645 -0.000540062 1 0.000293849 6.60411e-05 0.999999 -0.00119709 -9.77221e-05 1 -1.02378e-06 2.84297e-05 1 3.55133e-05 5.93704e-05 1 4.03206e-05 6.40448e-05 1 0.000293657 0.000513308 1 0.000223355 -9.88968e-05 0.999999 -0.00126741 5.67674e-05 1 -7.15954e-05 -8.09547e-05 1 -3.19639e-05 -0.000114167 1 -2.30298e-05 -0.000119367 1 0.000219783 -0.000540066 0.997355 0.0702049 0.0188128 0.98743 0.0890748 -0.130564 0.997411 0.0189824 -0.0693646 0.99799 0.0633292 0.00223011 0.998071 0.0200303 -0.0587623 0.998551 0.0529585 -0.00955859 0.997672 0.0309212 -0.0607847 0.998668 0.044766 -0.025657 0.992787 0.0421339 -0.112244 0.998774 -0.0266419 -0.041716 0.998281 -0.0219111 -0.054356 0.993611 -0.0169053 -0.111582 0.995992 -0.016165 -0.0879667 0.999113 -0.0330993 -0.0260323 0.996903 -0.00936175 -0.0780843 0.999092 -0.0410316 -0.0114568 0.996698 -0.0041317 -0.0810925 0.998857 -0.0476425 0.00376049 0.995106 -0.0227002 -0.0961718 0.962193 0.0476281 -0.268172 0.967023 0.0334477 -0.252485 0.969683 0.0396348 -0.241131 0.965773 0.0445955 -0.255527 0.960244 -0.0178727 -0.27859 0.961537 -0.0195562 -0.273978 0.96443 -0.0136899 -0.263984 0.963788 -0.00219772 -0.266662 0.959435 -0.0110533 -0.281713 0.901592 0.147684 -0.406596 0.871289 0.13658 -0.471383 0.853675 0.110274 -0.508998 0.843832 0.0664423 -0.532478 0.855838 -0.0172582 -0.516956 0.835504 -0.0407719 -0.54797 0.842328 -0.0827502 -0.532575 0.865678 -0.100714 -0.490365 0.897587 -0.114835 -0.425617 0.812464 0.288043 -0.506886 0.660046 0.305016 -0.686516 0.54998 0.220472 -0.805552 0.512734 0.073848 -0.855366 0.593539 -0.00805073 -0.804765 0.510906 -0.044175 -0.858501 0.529258 -0.185369 -0.827964 0.644574 -0.264059 -0.717493 0.801903 -0.263824 -0.536049 0.791058 0.287267 -0.540096 0.561052 0.359984 -0.745407 0.348329 0.291087 -0.89103 0.0301726 -0.0349237 -0.998934 0.264016 -0.209487 -0.941494 0.424951 -0.370054 -0.826122 0.701494 -0.383239 -0.600862 0.513629 0.355903 0.780717 0.612626 0.30356 0.729754 0.762687 0.306145 0.569723 0.738918 0.307643 0.599463 0.506985 0.0339242 0.861287 0.495622 0.0585962 0.866559 0.921242 -0.113264 0.372134 0.831256 -0.260242 0.491211 0.311224 0.275348 0.909573 0.5076 0.207651 0.836196 0.996186 0.0215678 0.0845433 0.987981 0.0640325 0.140688 0.944581 0.0615051 0.322466 0.953463 0.028832 0.300129 0.99675 0.0157375 0.0790083 0.959931 0.0268321 0.278947 0.996205 0.0237514 0.0837349 0.96086 0.0284854 0.275567 0.994692 0.0293065 0.098635 0.728639 -0.386155 0.565659 0.951569 0.0290861 0.306056 0.991222 0.0282088 0.129164 0.973909 -0.0391615 0.223532 0.998309 -0.030948 0.0492106 0.99759 -0.0359345 0.0593459 0.962905 -0.0448311 0.266091 0.975491 -0.0237921 0.218752 0.998416 -0.0246202 0.0505829 0.97337 -0.0154104 0.228719 0.997543 -0.0305999 0.0630272 0.866535 0.167429 0.470197 0.838309 0.138302 0.527362 0.676172 -0.276276 0.68298 0.448484 -0.384738 0.806746 0.826977 0.099222 0.553411 0.832358 0.0504186 0.55194 0.829854 0.0334167 0.556979 0.862366 -0.105533 0.495165 0.863267 -0.0617165 0.500961 0.8895 -0.117117 0.441672 0.556013 -0.204539 0.805614 0.286205 -0.227306 0.930816 0.559768 -0.0608419 0.826413 0.996624 -0.00925772 -0.0815798 0.988195 -0.00287258 -0.153175 0.951916 0.0147975 0.306003 0.987515 0.0132734 0.156968 0.95023 -0.000756471 -0.311548 0.853548 0.00473289 -0.520993 0.613263 0.00854023 -0.789832 0.595494 0.00832408 0.803317 0.854908 0.0109861 0.518663 0.995212 0.00701643 -0.0974901 0.987459 0.013565 -0.157291 0.950923 -0.000200409 0.309428 0.98825 -0.00421848 0.15279 0.950625 0.0143724 -0.310009 0.863036 0.014726 -0.504928 0.635461 0.0139667 -0.772007 0.627754 -0.000103175 0.778412 0.861241 -0.000357941 0.508197 0.996392 0.0242904 -0.0813161 0.987867 0.0277683 -0.152799 0.957169 -0.0181291 0.288962 0.990731 -0.0225609 0.13395 0.947932 0.0301478 -0.317043 0.862217 0.0273746 -0.505798 0.609949 0.0260524 -0.792012 0.630495 -0.0123234 0.776095 0.865043 -0.0148588 0.501477 0.99185 0.0373423 -0.121819 0.998491 0.0356077 -0.0418156 0.993126 -0.0332707 0.112224 0.948934 -0.0355172 0.313469 0.947938 0.0426917 -0.31558 0.859516 0.0423754 -0.509348 0.565846 0.0411412 -0.823484 0.579649 -0.0232501 0.814535 0.858604 -0.0309091 0.511707 0.998572 0.0498844 0.0191207 0.998699 0.0498434 0.0108057 0.998983 0.0449487 0.00359014 0.999259 0.0384106 -0.00249608 0.998799 0.00956427 -0.0480532 0.999275 0.0205506 -0.0320603 0.999661 -0.0135772 -0.0222123 0.999186 -0.01041 -0.03897 0.999786 -0.0163226 -0.0127193 0.999828 -0.01805 -0.00433111 0.999827 -0.0185354 0.00153301 0.998825 -0.001057 -0.0484481 0.999483 0.0294305 -0.0129298 0.999986 0.00462185 0.00270439 0.999982 0.00390606 0.00447064 0.999977 0.00396523 0.00554064 0.999964 0.00434103 0.00721928 0.999973 0.00698847 0.0020956 0.99996 0.00568198 0.00683707 0.99995 0.0096635 -0.0025977 0.999944 0.00882491 -0.00584312 0.999942 0.0102416 -0.00324406 0.999937 0.0102818 -0.00456297 0.99994 0.00825936 -0.00714225 0.999965 0.00814669 -0.00206499 0.999958 0.00506925 0.00765908 0.999192 -0.037249 -0.0151015 0.9992 -0.0397809 -0.00398528 0.999336 -0.0361118 0.0049457 0.999441 -0.0303257 0.014057 0.998698 0.0018689 0.0509794 0.99899 -0.0108704 0.0435961 0.999447 0.0286599 0.0168871 0.999335 0.0246543 0.0268779 0.9995 0.0310051 0.00616742 0.999516 0.0308728 -0.00387067 0.999573 0.0264452 -0.0123926 0.998927 0.0144129 0.0440048 0.999461 -0.0208964 0.025335 0.997877 -0.0617655 -0.0206409 0.998264 -0.0588055 -0.00321209 0.998692 -0.0502583 0.00938407 0.998802 -0.0429169 0.0234995 0.99554 -0.00286579 0.0942978 0.996967 -0.0197973 0.0752685 0.99761 0.0320726 0.0612071 0.998464 0.0385192 0.0398208 0.998677 0.0464929 0.0219886 0.998365 0.0571573 0.00124513 0.99781 0.0616068 -0.0240627 0.996005 0.0154739 0.0879467 0.998608 -0.0326114 0.0414438 0.834862 -0.0168492 -0.550202 0.870074 -0.0233685 -0.492367 0.832878 -0.0285924 -0.552718 1.03213e-06 -1 -2.79978e-07 -1.26508e-05 -1 -5.54958e-06 0.999987 -0.00505938 0 0.999788 -0.0192881 0.00717569 0.999659 -0.022881 0.012614 0.999995 -0.00313014 0 0.999993 -0.00363651 0 1 -0.000593478 0 0.999997 -0.00231748 0 0.999945 -0.00991552 0.003405 0.998958 -0.045619 -0.00102924 0.999079 0.0428068 -0.00286493 0.998999 -0.0447311 0.0010217 0.999106 0.0421789 0.00286012 0.999999 0.00168001 0 0.999999 0.00106244 0 0.999999 0.00102399 0 0.999999 0.0017342 0 0.999795 0.0151548 0.0134269 1 -7.71461e-05 0 1 -0.000150951 0 0.999321 0.0142141 0.0339822 0.999378 0.0137099 0.0324838 0.999998 0.00186968 0 0.999992 0.00408459 0 0.996592 0.00940755 0.0819515 0.999998 0.00180979 0 0.999999 0.00111101 0 0.999999 0.00105611 0 0.999999 0.00168443 0 0.849847 -0.508918 0.136978 0.983287 -0.0292555 0.179696 0.981611 -0.0340362 0.187833 0.784699 -0.608172 0.119893 0.999993 0.00370594 0 0.999994 0.00347503 0 0.999945 0.0104597 0 0.999877 0.0156894 0 0.59785 -0.796516 0.090213 0.502625 -0.861565 0.0712324 -0.982923 -0.0441425 0.178645 -0.777075 -0.617416 0.122273 -0.836093 -0.531534 0.135723 -0.977206 -0.061006 0.203337 0.0954611 -0.995333 0.0141209 0.0940015 -0.995561 0.00459344 -0.49042 -0.868459 0.0725718 -0.578143 -0.811045 0.0892015 7.85326e-08 -1 6.87524e-08 -5.03474e-05 -1 -1.12203e-05 -0.0236411 -0.999709 0.00479425 -0.069912 -0.997553 0.000565815 1 0.000228737 0 0.997692 0.00119978 0.0678974 0.997905 -0.00937242 0.0640102 0.999995 -0.00316383 0 -2.56077e-08 -1 3.41996e-07 3.99044e-05 -1 -7.32923e-06 -0.490421 -0.868459 -0.0725716 -0.0425244 -0.99907 -0.00719605 -0.0432131 -0.999061 -0.00300268 -0.578143 -0.811045 -0.0892016 0 -1 0 2.46321e-07 -1 -1.82819e-08 -0.777076 -0.617416 -0.122273 -0.836093 -0.531534 -0.135723 0.608461 0.0483581 -0.792109 0.194925 0.052911 -0.97939 0.172513 0.0311568 -0.984514 0.571784 0.0294953 -0.819874 -0.983283 -0.0294437 -0.17969 -0.977608 -0.04592 -0.205363 0.0427083 -0.999062 -0.00722151 0.597849 -0.796516 -0.0902131 0.502625 -0.861565 -0.0712325 0.0452559 -0.998956 0.00627442 0.999988 0.00485489 0 0.999831 0.0183668 0 0.849847 -0.508918 -0.136979 0.784699 -0.608172 -0.119893 0.982943 -0.0435614 -0.178677 0.981243 -0.0487598 -0.186505 0.998697 -0.0401642 -0.0314988 0.999956 -0.00935312 -0.000695457 0.999963 -0.00864387 0 0.990533 -0.0729681 -0.116273 0.999983 0.00584489 0 0.999975 0.00704448 0 0.999961 0.00887108 0 0.999986 0.00528126 0 0.999975 -0.00701615 0.00130223 0.999657 0.0154147 0.0211915 0.999983 -0.0058087 0 0.999938 -0.011145 0 0.998642 0.0264531 0.0448886 1 0.000977225 0 0.592569 0.00170168 0.805518 0.182679 0.00200721 0.983171 0.183794 -0.0131769 0.982877 0.592536 -0.0143118 0.805417 0.998443 0.0284341 0.0479882 0.999979 0.00642928 0 0.997076 0.0554821 -0.0525482 0.983963 0.0606662 -0.16774 0.999413 0.0342611 0 0.999539 0.0303725 0 0.997858 0.0140583 0.0638866 0.999953 0.00973534 0 0.998758 0.0428363 -0.0254307 0.999846 0.0175697 0 0.993239 0.00510874 0.115973 0.999985 0.00553629 0 0.999995 0.00330138 0 0.999998 0.00175217 0 0.999998 0.00219044 0 0.999992 0.00410776 0 0.999992 0.00401183 0 0.999995 0.00144349 0.00270301 0.999995 0.000219514 0.00298741 0.979679 -0.00426511 -0.200526 0.998466 -0.0190672 -0.051976 0.998819 -0.0282453 0.0395399 0.998381 -0.0290232 0.0489089 0.999998 0.00177305 0 0.999999 -0.0011193 0 0.99942 -0.00727569 0.033257 0.999869 0.0150993 0.00584786 0.999837 0.0180815 0 0.999951 0.00989165 0 0.999839 0.0046357 -0.0173491 0.970974 -0.0962303 -0.218972 0.898125 -0.195818 -0.393736 0.996024 0.0245568 -0.085635 0.99999 -0.00431446 0.000757755 0.999992 -0.0040574 -0.000710101 0.999978 -0.00653386 -0.00114295 0.99998 -0.00615897 0.00107873 0.915525 -0.124938 -0.382366 0.746487 -0.22232 -0.627161 0.970918 0.0564592 0.232661 0.999725 -0.00941101 0.0214868 0.996774 -0.0239757 0.0765954 0.884764 0.154142 0.43981 0.858286 -0.107387 -0.50181 0.628407 -0.160518 -0.761143 0.915758 0.0715793 0.395302 0.741016 0.162781 0.651457 0.866507 -0.0564823 -0.49596 0.600473 -0.0621494 -0.797226 0.852036 0.0560025 0.52048 0.592116 0.0935133 0.800408 0.853715 -0.0130166 0.520578 0.641397 -0.104912 0.760002 0.883214 -0.0631679 0.464697 0.999505 0.0314588 0 0.994383 0.0397841 -0.0980774 0.990726 0.0289484 -0.132759 0.999668 0.025759 0 0.817028 0.0864818 -0.570076 0.916594 0.0990044 -0.387368 0.745938 0.1882 -0.638871 0.54592 0.121776 -0.82894 0.830628 0.0046377 0.556808 0.880525 0.0158837 0.473733 0.622059 0.0183832 0.782754 0.559547 0.00454217 0.828786 0.972015 0.0812668 -0.220413 0.89009 0.174352 -0.42112 0.863188 0.0450666 -0.502867 0.838792 0.029312 -0.543662 0.999962 0.00734413 -0.00475256 0.915138 -0.0832121 0.394458 0.739707 -0.181184 0.648079 0.999989 -0.00262386 0.00393472 0.999989 -0.000506341 0.00463156 0.999952 -0.00100785 0.00978349 0.999951 -0.00536953 0.0082635 0.970018 -0.0631379 0.23469 0.891955 -0.167309 0.420028 0.998956 0.0210935 0.0405315 0.992817 0.0271447 0.11652 0.733462 -0.430656 -0.525898 0.976972 -0.0048523 -0.213311 0.999088 -0.0426946 -0.000996355 0.999177 0.0404622 -0.00283808 0.999014 -0.0443897 0.00101096 0.999106 0.0421707 0.00285252 0.44264 -0.435133 -0.784046 0.974613 0.00683199 0.223794 0.734421 0.328882 0.593685 0.239614 -0.223029 -0.944904 0.444158 0.330331 0.83283 0.224126 -0.0144248 -0.974453 0.148567 -0.0152435 -0.988785 0.592403 -0.0150316 -0.805502 0.652619 -0.0143425 -0.757551 0.218549 0.105899 0.970063 0.583258 0.0180535 -0.812087 0.847155 0.0181635 -0.531035 0.187316 0.0177556 0.982139 0.456575 0.352278 -0.816969 0.165654 0.133462 -0.977111 0.161589 0.00449703 0.986848 0.746833 0.340761 -0.571071 0.224512 -0.157356 0.961682 0.427882 -0.400649 0.810183 0.999974 0.00724794 0 0.99998 0.00633168 0 0.999851 0.017289 0 0.999913 0.0131586 0 0.719714 -0.413602 0.557624 0.970396 -0.01645 0.240957 0.887802 -0.0146325 -0.459992 0.844408 -0.0167638 -0.535438 0.999904 0.0138479 0.000241045 0.999062 -0.0432969 -0.00100426 0.999165 0.0407556 -0.00284343 0.998986 -0.0450041 0.00101894 0.999082 0.0427448 0.00286006 -1 0 0 -1 0 0 -1 0 0 -1 0 0 1 0 0 1 0 0 1 0 0 1 0 0 0.999948 -0.0101519 0.000538218 0.999961 -0.0087822 0.000662824 0.999999 0.0010235 8.64456e-05 1 -0.000237467 -1.33016e-05 0.999959 -0.00730387 0.00525706 0.999958 -0.00468367 0.00791177 0.999979 -0.00305015 0.00570334 0.999981 -0.0048676 0.0038868 0.999998 0.000986396 0.00178667 0.999998 0.00158481 0.00122621 0.999999 0.00083855 0.000590724 0.999999 0.000534756 0.000883937 0.999958 -0.000786906 0.00911058 0.999999 9.08644e-05 0.00100967 1 -3.918e-05 -5.85207e-05 1 -6.91168e-06 -6.31354e-05 0.999952 -0.00818821 0.00530745 1 -0.000104329 -6.51607e-05 -1 0 0 -1 0 0 1 0 0 1 0 0 0.999982 -0.00601951 0.0005614 0.999998 0.00189077 0.000211179 0.999979 -0.000474351 0.00642479 0.999998 0.000152007 0.00196677 0.999836 0.012277 -0.0133461 0.999932 0.00665234 -0.0096127 0.999746 0.0141118 -0.0175807 0.999574 0.0118614 -0.0266593 0.999996 -0.00137871 0.00236566 0.999996 -0.00216357 0.00158382 0.999514 0.00959659 -0.0296703 0.999982 -0.00597758 0 0.999979 -0.00643131 -0.000243318 0.999983 -0.00585729 -0.000216705 0.99998 0.000631659 -0.00627449 0.999913 -0.00586098 -0.0117993 0.999829 -0.00867635 -0.0163218 0.999623 -0.00660507 -0.0266596 0.999995 0.0030571 0 0.999858 0.0168574 0 0.999095 -0.0178297 0.0386042 0.999505 -0.0238139 0.0205693 0.991498 0.00394498 0.130065 0.999982 0.00599775 0 0.999991 0.00430701 0 0.995798 0.00288142 0.0915274 -1.41219e-05 -1 2.78293e-06 5.47755e-08 -1 4.9911e-08 -1 0 0 -1 0 0 1 0 0 1 0 0 1 0 0 1 0 0 0.999998 -0.00209473 -0.000161924 0.999996 -0.00293319 0 0.999996 -0.00278487 -0.000237552 1 -0.000275443 0.000459049 1 -0.000428163 0.000303904 0.999998 -0.000184145 -0.00197458 0.999998 -0.00105741 -0.00171273 0.999996 -0.00143302 -0.00238825 0.999996 -0.000242543 -0.00274123 0.999998 -0.0016688 -0.00114796 0.999996 -0.00226052 -0.00160448 -1 0 0 -1 0 0 0.999997 -0.00251884 0.000211646 1 -0.000503497 4.29487e-05 1 -0.000419124 0 0.999996 -0.000227995 0.00270903 1 -4.68776e-05 0.000529813 0.999996 -0.00229178 0.00143883 0.999998 -0.00072221 0.00184061 1 0 0 1 0 0 0.999998 -0.00189089 0 0.999999 -0.00175583 -0.000149773 1 0.000110222 -0.000183695 1 0.000172565 -0.000122484 0.999998 -0.000898399 -0.00149726 0.999999 -0.000151884 -0.00171661 0.999999 -0.00141739 -0.00100604 -1 0 0 -1 0 0 1 0.000211221 -1.80173e-05 1 0.000216116 0 1 1.87098e-05 -0.000211459 0.999999 -0.000850593 0.0009559 0.999999 -0.000478639 0.00105216 1 0 0 1 0 0 0.999997 0.00237481 0 0.999997 0.0024621 0.000181127 1 0.000119351 -0.000207611 1 0.000191315 -0.000142097 0.999997 0.00131971 0.00210926 0.999997 0.000234461 0.00245423 0.999997 0.00204252 0.00138374 -1 0 0 -1 0 0 1 0.000240084 -2.36068e-05 1 0.000261793 0 1 1.93918e-05 -0.00023557 1 -0.000221707 0.00019411 0.999996 0.00296589 0.000345999 1 0 0 1 0 0 0.999976 0.00698757 0 0.999977 0.00678743 0.00066739 0.999999 -0.000581828 0.000929921 0.999999 -0.000901257 0.000610569 0.999977 0.00340357 0.00592051 0.999977 0.000553096 0.00671895 0.999977 0.00544045 0.00404083 -1 0 0 -1 0 0 1 -0.00108613 7.99021e-05 0.999999 -0.00114704 0 0.999999 -0.000103377 0.00108211 1 -0.00047691 -0.000510013 0.999981 0.00611553 -0.000502409 1 0 0 1 0 0 0.999963 0.00855195 0 0.999965 0.00831377 0.000709172 0.999995 -0.00155101 0.00258488 0.999995 -0.00244239 0.00173357 0.999965 0.00428434 0.0071402 0.999966 0.000724983 0.0081938 0.999966 0.00675058 0.00479146 -1 0 0 -1 0 0 0.999995 -0.00300323 0.000256178 0.999995 -0.00316969 0 0.999996 -0.000262612 0.00296806 0.999998 -0.00170971 -0.00110701 0.999975 0.00688101 -0.00131248 1 0 0 1 0 0 0.999942 0.0107445 0 0.999948 0.0101341 0.000864446 0.999989 -0.00238974 0.0039827 0.999989 -0.00378751 0.00268832 0.99995 0.00514944 0.00858196 0.999951 0.00086872 0.00981833 0.99995 0.00816382 0.00579456 -1 0 0 -1 0 0 0.999989 -0.00473542 0.000403936 0.999986 -0.00524818 0 0.999989 -0.000404669 0.0045736 0.999995 -0.00267998 -0.00191755 0.999968 0.00784233 -0.00186605 1 0 0 1 0 0 0.999858 0.0168256 0 0.999863 0.0164845 0.00152163 0.999934 -0.00588554 0.00986663 0.99994 -0.00892909 0.00636481 0.999847 0.00900058 0.0150012 0.999844 0.00156583 0.0175782 0.999858 0.0137262 0.00979481 -1 0 0 -1 0 0 0.999942 -0.0106847 0.000911194 0.999939 -0.0110402 0 0.999933 -0.00100465 0.0115329 0.999989 0.000179018 -0.00460422 0.999977 0.00562517 -0.00384131 0.999374 -0.0352776 0.00263469 0.999394 -0.0347638 0.0018051 -0.999374 -0.035337 -0.00183822 -0.99936 -0.0354913 -0.00449366 2.04107e-05 -1 4.74825e-06 -2.17118e-07 -1 2.07118e-07 -1.14984e-07 -1 3.08608e-07 7.6109e-06 -1 1.97372e-06 0.853455 0.00156066 0.521165 0.194779 -0.0143201 -0.980743 0.571716 -0.0147034 -0.82032 0.839012 -0.016316 -0.543869 1.08648e-05 -1 2.02753e-06 -4.7273e-08 -1 4.27568e-08 -3.84757e-09 -1 -2.52645e-07 -1.31263e-05 -1 2.17266e-06 0.997603 0.0034239 0.0691137 0.999993 0.00366951 0 0.858695 -0.00899093 -0.512408 0.599764 -0.00905841 -0.800126 0.607106 0.00321393 0.794615 0.863238 0.00322351 0.504786 0.180979 -0.00919972 -0.983444 0.185512 0.00328202 0.982636 0.999577 -0.00411995 -0.0287978 0.998802 0.00787319 -0.0482969 0.998404 0.00587613 -0.0561739 0.997872 -0.00413021 0.0650779 0.999092 -0.00187611 -0.0425714 1.30372e-05 -1 2.72073e-06 -5.63779e-08 -1 1.96852e-07 5.29388e-08 -1 4.19959e-08 -1.30681e-05 -1 2.57766e-06 1 -0.000444725 0 0.993396 -0.000146487 -0.114732 0.997624 0.00343798 0.068808 0.999994 0.00342665 0 0.860778 -0.000295343 -0.508981 0.603025 -0.000368976 -0.797722 0.60352 0.00354589 0.79734 0.860874 0.00347415 0.508806 0.184336 -0.000231198 -0.982863 0.184804 0.00364395 0.982769 0.999986 0.00523787 0 0.999987 0.00502798 0 0.998191 0.00434216 -0.0599656 0.999986 0.00537528 0 0.985518 0.00513324 0.169494 1.31351e-05 -1 2.00318e-06 6.2116e-09 -1 -3.99427e-07 5.63763e-08 -1 1.96845e-07 -1.30558e-05 -1 2.60284e-06 0.999987 0.00515461 0 0.993456 0.00570395 -0.114076 0.997645 0.00354708 0.068503 0.999995 0.0032644 0 0.858329 0.00559748 -0.513069 0.599396 0.00552984 -0.800434 0.599904 0.00390578 0.800062 0.858454 0.0037392 0.512876 0.183625 0.0057926 -0.982979 0.184095 0.00407361 0.9829 0.999983 0.00575778 0 0.999983 0.00574746 0 0.998301 0.00269781 -0.0582117 0.999983 0.00580314 0 0.983557 0.00668121 0.180474 1.33001e-05 -1 2.56199e-06 1.95982e-07 -1 1.90667e-07 -7.3434e-09 -1 -3.9926e-07 -1.32558e-05 -1 2.01515e-06 0.999948 0.0101647 0 0.993486 0.0110551 -0.11342 0.997666 0.00326441 0.068199 0.999997 0.00260169 0 0.855799 0.0110012 -0.517192 0.595714 0.0109152 -0.803123 0.596252 0.00383782 0.802788 0.85598 0.00363021 0.516996 0.182908 0.0112795 -0.983065 0.183387 0.00404924 0.983033 0.999982 0.00602065 0 0.999981 0.00623796 0 0.998667 0.000704251 -0.0516143 0.999981 0.00622525 0 0.987386 0.00797977 0.158132 1.05957e-05 -1 1.7377e-06 2.39572e-09 -1 -1.49144e-07 -6.98045e-08 -1 1.93741e-07 -1.31487e-05 -1 2.68569e-06 0.992253 0.0182924 -0.122881 0.177252 0.0186972 -0.983988 0.999986 0.00525577 0 0.999983 0.00586211 0 0.999982 0.00603137 0 0.993379 0.0089039 0.114535 0.999995 0.00239694 0.0019161 0.999973 0.00655226 0.00341509 0.999794 -0.0152406 0.0133713 0.998584 0.053121 0.00289055 0.999912 -0.00110031 0.013231 0.566189 -0.0148024 -0.824142 0.192211 -0.0137609 -0.981257 0.198623 -0.0184503 -0.979902 0.617464 -0.021026 -0.786318 -0.929286 -0.00365699 0.369343 -0.848725 -0.0659085 0.524711 -0.926374 -0.118784 0.35738 -0.970167 -0.068224 0.232641 -0.982719 -0.00470531 0.185043 -0.996064 -0.00306851 0.0885891 -0.766808 -0.0985708 0.634263 -0.87987 -0.139818 0.454179 -0.997797 0.00535702 0.0661215 -0.999104 0.0120585 0.0405765 -0.679395 -0.103224 0.726476 -0.855631 -0.115994 0.504421 -0.999129 0.00802939 0.0409609 -0.999544 0.0112176 0.0280376 -0.578012 -0.0707338 0.812957 -0.846207 -0.0667792 0.528653 -0.999596 0.010752 0.0263186 -0.999771 0.0136461 0.0164574 -0.569925 -0.024788 0.821323 -0.775668 -0.0267367 0.630575 -0.999878 0.0119837 0.00999157 -0.999851 0.0165251 0.00502832 -0.565807 -0.00664701 0.824511 -0.772433 -0.00639037 0.635063 -0.999832 0.0175991 -0.00519956 -0.999813 0.0189932 -0.00371718 -0.563728 0.00363188 0.825952 -0.770811 0.00392474 0.637052 -0.999453 0.0134086 -0.0302195 -0.999547 0.0201296 -0.0223805 -0.564168 0.012661 0.825563 -0.770695 0.0127868 0.637076 -0.991954 0.00822423 -0.126334 -0.994501 0.0520592 -0.0908711 -0.567159 0.0223196 0.823306 -0.772052 0.0210807 0.635209 -0.949484 0.0875947 -0.301342 -0.971592 0.11715 -0.205634 -0.572995 0.0479321 0.818156 -0.774898 0.0358587 0.631068 -0.892694 0.13565 -0.429764 -0.915024 0.200098 -0.350273 -0.619472 0.138458 0.772712 -0.733426 0.103352 0.671866 -0.811978 0.18222 -0.554516 -0.847656 0.230658 -0.477783 -0.710764 0.172651 0.681913 -0.768418 0.182152 0.613478 -0.72471 0.195723 -0.660673 -0.792072 0.214949 -0.571331 -0.807894 0.153948 0.568866 -0.849682 0.201529 0.487265 -0.627057 0.174262 -0.759231 -0.727612 0.1468 -0.670097 -0.884421 0.11134 0.453213 -0.911733 0.177552 0.37043 -0.573215 0.0849169 -0.814993 -0.774143 0.0756526 -0.628473 -0.951182 0.0431075 0.305605 -0.975821 0.0784304 0.204013 -0.567286 0.0554915 -0.821649 -0.771414 0.0587988 -0.633611 -0.989565 -0.00908952 0.143802 -0.994368 0.0250407 0.102979 -0.563992 0.0451322 -0.824546 -0.769923 0.0501554 -0.636162 -0.998555 -0.00448635 0.0535616 -0.999245 0.000853197 0.0388531 -0.563092 0.0361867 -0.825602 -0.769901 0.0416015 -0.636805 -0.999581 -0.000497874 0.028939 -0.99979 -0.000456941 0.0204959 -0.564898 0.0263044 -0.824741 -0.771408 0.031714 -0.63555 -0.999941 -0.00326472 0.0103643 -0.999962 -0.000814329 0.00866034 -0.56921 0.00981808 -0.822134 -0.774768 0.0134952 -0.632101 -0.999495 0.0128658 -0.029043 -0.999719 0.0153738 -0.0180627 -0.570905 -0.0333716 -0.820337 -0.837096 -0.0272168 -0.546378 -0.997485 0.0268517 -0.0655918 -0.998492 0.0311614 -0.0451972 -0.638567 -0.0650916 -0.766808 -0.85172 -0.0683032 -0.519526 -0.995099 0.0276601 -0.0949417 -0.997525 0.0356202 -0.0606153 -0.758418 -0.0492435 -0.649905 -0.887876 -0.0900362 -0.451186 -0.974758 0.0181764 -0.222522 -0.993509 0.0189415 -0.112162 -0.856995 -0.012377 -0.515176 -0.934701 -0.0744003 -0.34756 -0.918861 0.00691719 -0.394521 -0.962592 -0.06241 -0.26367 -0.999302 0.0373476 0 -0.999306 0.0372534 0 -0.999124 0.0418481 0 -0.999711 0.0240349 0 -0.999436 0.0335838 0 -0.999874 0.0158925 0 -0.999615 0.02773 0 -0.99994 0.0109806 0 -0.999736 0.022974 0 -0.999991 0.00431719 0 -0.999809 0.0195601 0 -0.999966 0.00823352 0 -0.999841 0.017814 0 -0.999962 0.00870792 0 -0.999938 0.0111185 0 -0.999959 0.0090362 0 -0.999986 0.00536254 0 -0.999961 0.00877814 0 -0.999806 0.0196857 0 -0.999937 0.0112574 0 -0.999384 0.0350854 0 -0.999768 0.0215374 0 -0.998698 0.0510178 0 -0.999651 0.0264368 0 -0.998296 0.0583592 0 -0.9998 0.0199961 0 -0.998596 0.052963 0 -0.999994 0.00361464 0 -0.999047 0.043646 0 -0.999855 -0.0170285 0 -0.999187 0.0403249 0 -0.999661 -0.0260391 0 -0.999188 0.0402906 0 -0.999831 -0.0183632 0 -0.999189 0.040268 0 -0.99993 -0.0117947 0 -0.999199 0.0400189 0 -0.999986 -0.00526461 0 -0.999326 0.0367054 0 -0.999748 0.0224671 0 -0.999349 0.0360757 0 -0.99842 0.0561902 0 -0.998834 0.0482677 0 -0.997634 0.068755 0 -0.997705 0.0677072 0 -0.997065 0.0765634 0 -0.996832 0.0795328 0 -0.997859 0.0653961 0 0.999992 0.00406833 0 0.999991 0.00430263 0 0.999999 0.0015405 0 0.999993 -0.00361647 0 0.999939 0.0110363 -8.25561e-05 0.999897 -0.0143516 0.000106631 0.999997 -0.00234575 0.000379167 0.999997 -0.00218866 -0.000359186 0.999979 -0.00637363 -0.00103743 0.99998 -0.00620346 0.00100363 0.999976 0.00606026 0.00341114 0.999776 -0.0163648 0.0133812 0.998584 0.053116 0.00288706 0.999912 -0.000808223 0.0132331 0.999954 -0.00950053 0.00155951 0.999952 -0.00967668 -0.00159704 0.999995 0.00320174 0 0.999984 0.00451651 0.00339908 0.999843 -0.0116703 0.0133422 0.998328 0.0577409 0.00283978 0.999907 0.00300281 0.0132686 0.624537 -0.014408 -0.780862 0.871981 -0.0163266 -0.489267 0.212173 -0.0138684 -0.977134 0.382798 -0.015946 0.923694 0.0693505 -0.00630113 0.997572 0.999977 0.00577527 0.00340897 0.999764 -0.0171066 0.0133885 0.998608 0.0526739 0.00288603 0.999911 -0.00157959 0.0132254 -0.999785 0.0206855 0.00149993 -0.999788 0.0205445 0.00102889 -1 0 0 -1 0 0 1 0 0 1 0 0 0.999988 -0.00486902 0.000237275 0.999989 -0.00403446 0.00253885 0.999989 0.00472398 0 0.999995 0.00307964 0.000455946 0.999984 0.00453943 -0.00345946 0.999849 -0.0108282 -0.0135723 0.998269 0.0587346 -0.00289765 0.999899 0.00442793 -0.0135169 0.999997 0.00230203 0.000376869 0.999998 0.00210597 -0.000353406 0.999981 0.0050973 -0.00346366 0.999859 -0.00988575 -0.013564 0.998283 0.0585042 -0.0029036 0.9999 0.00416145 -0.0135145 0.999977 0.00586507 -0.00347097 0.999766 -0.0167988 -0.013624 0.998593 0.0529519 -0.0029437 0.999909 -0.00100159 -0.0134685 0.999984 0.00448582 -0.00345945 0.999841 -0.0115427 -0.0135791 0.998294 0.0583079 -0.00289592 0.999902 0.00365132 -0.01351 0.999785 0.020729 -0.00103888 0.999783 0.0206553 -0.00255608 0.999035 -0.0439037 -0.00101389 0.999129 0.0416257 -0.00285479 0.998934 -0.0461513 0.00103341 0.999056 0.0433438 0.00286896 0.999978 -0.00655284 0.000512149 0.999967 -0.00814058 0.000654734 0.00927229 -0.00316342 0.999952 0.0363737 0.082702 0.99591 0.0448839 0.0376371 0.998283 0.155644 0.0287797 0.987394 0.999978 0.00667564 -0.000153949 0.999962 0.00860512 0.00115877 0.999978 -0.00660808 -0.000459555 0.999972 -0.00746624 -0.000568001 0.00930861 -0.00758242 -0.999928 0.0363568 0.0769451 -0.996372 0.0471973 0.0330361 -0.998339 0.157514 0.0250299 -0.987199 0.999977 0.00673392 0.000217624 0.999981 0.00609212 -0.000684329 0.999825 -0.00713607 -0.0172649 0.999715 -0.0091205 -0.0220789 0.00938989 -0.0172132 0.999808 0.0363424 0.076156 0.996433 0.0448547 0.0323045 0.998471 0.155756 0.0278638 0.987402 0.999978 0.00664609 -0.000202516 0.999963 0.00853558 0.0011039 0.999978 -0.00663446 -0.000504753 0.99997 -0.00771197 -0.000624283 0.00926487 -0.00266297 -0.999954 0.0363827 0.0832722 -0.995862 0.0472136 0.0380186 -0.998161 0.157622 0.0287695 -0.98708 0.999977 0.00678323 0.000185583 0.999981 0.00613658 -0.000716452 0.999979 -0.00650262 0.000483859 0.999978 -0.00661366 0.000544863 0.00930442 -0.00719531 0.999931 0.0363504 0.0769308 0.996374 0.044889 0.0332382 0.998439 0.159293 0.0257948 0.986894 0.999978 0.00661449 -0.000230857 0.999965 0.00834464 0.00105004 0.999978 -0.00666587 -0.000533651 0.999967 -0.00813405 -0.000671254 0.00925673 -0.0017147 -0.999956 0.0363925 0.0842752 -0.995778 0.044905 0.0389642 -0.998231 0.15603 0.0296745 -0.987306 0.999977 0.00678192 0.000181507 0.999961 0.00870063 -0.00114789 0.999979 -0.00648395 0.000447465 0.999978 -0.00659521 0.000510283 0.00931198 -0.007977 0.999925 0.036353 0.0764177 0.996413 0.0471895 0.0325948 0.998354 0.159161 0.0253846 0.986926 0.999978 0.00661379 -0.000222753 0.999982 0.00598441 0.000664185 0.999978 -0.00666808 -0.000525388 0.999977 -0.0067807 -0.000588422 0.00926371 -0.00248032 -0.999954 0.036396 0.0837745 -0.99582 0.0450824 0.0384184 -0.998244 0.160434 0.0299409 -0.986592 0.999977 0.006802 0.000151722 0.999971 0.00755312 -0.000989887 0.999999 0.00119047 -6.92028e-05 0.999999 -0.0012449 3.1266e-05 0.0183707 0.00575285 0.999815 0.0693355 -0.00722623 0.997567 0.0187727 0.0207623 0.999608 0.0700353 -0.0465727 0.996457 0.999999 0.00125286 0.000105581 0.999999 -0.00118438 6.15833e-06 0.0183617 0.00636026 -0.999811 0.0693183 -0.00772198 -0.997565 0.01876 0.0193836 -0.999636 0.0700334 -0.0463248 -0.996468 0.999999 0.00124042 -6.45612e-05 0.999999 -0.00119496 3.58336e-05 0.0183686 0.00610382 0.999813 0.0187673 0.020936 0.999605 0.0700209 -0.0456354 0.996501 0.999999 0.00122374 7.6646e-05 0.999999 -0.00121203 -2.33259e-05 0.0183829 0.00411067 -0.999823 0.0693531 -0.00452283 -0.997582 0.0187882 0.0232714 -0.999553 0.0700296 -0.0470834 -0.996433 0.999999 0.00124 -8.82778e-05 0.999999 -0.00119663 1.10624e-05 0.0183665 0.00628789 0.999812 0.0693411 -0.00709768 0.997568 0.0187597 0.019813 0.999628 0.0700276 -0.0462124 0.996474 0.999999 0.00119123 7.27352e-05 0.999999 -0.00124421 -2.75817e-05 0.0183836 0.00401043 -0.999823 0.0693435 -0.00534652 -0.997579 0.0187819 0.0222673 -0.999576 0.0700368 -0.0477567 -0.996401 0.999999 0.00125968 -0.000105951 0.999999 -0.00117758 -6.45724e-06 0.018359 0.00704048 0.999807 0.0693256 -0.00840786 0.997559 0.0187543 0.0188087 0.999647 0.0700303 -0.0459048 0.996488 0.999999 0.00118974 7.0778e-05 0.999999 -0.00124549 -2.95589e-05 0.0183739 0.00502231 -0.999819 0.0693323 -0.00619669 -0.997574 0.018777 0.0212892 -0.999597 0.0700386 -0.0472323 -0.996425 0.167342 -0.0251775 -0.985577 0.563134 -0.0279504 -0.825893 -5.56382e-07 -1 -7.59293e-08 -2.51203e-05 -1 -4.61036e-06 0.176949 -0.0568843 -0.982575 0.976402 0.00203946 -0.215952 0.147646 -0.378997 -0.913544 0.860002 -0.0181066 0.509969 0.512015 0.000107244 0.858977 0.999987 -0.000621253 0.00506296 0.999993 -0.00017427 0.00364108 0.999994 -0.000411596 -0.00330791 0.999985 -0.000289771 -0.00549353 0.0449055 0.340628 -0.939125 0.999982 -0.00079847 -0.00593565 0.999991 -0.000273554 -0.00429395 0.149549 -0.336713 0.929656 0.0451547 0.297858 0.953542 0.382615 -0.0159336 -0.92377 0.999906 -0.00177559 0.0136154 0.999958 0.000466741 -0.00918628 0.377472 0.0618701 0.923952 0.968372 -0.0311117 0.247562 0.9745 0.00250239 0.224374 0.999986 -0.000676194 0.00526025 0.999998 -0.000112333 0.00197099 0.999998 -0.000195076 -0.00177404 0.999986 -0.000263473 -0.00537848 0.974396 -0.0274241 0.223161 0.992048 -0.0136458 0.12512 0.999966 -0.00107717 0.00813522 0.999967 -0.000434666 -0.00812848 0.993407 -0.00147913 0.114632 0.377368 0.0618723 -0.923994 0.967948 -0.0314491 0.249174 0.992974 -0.0012918 0.118323 0.153597 -0.344957 0.925966 0.0477999 0.328231 0.943387 0.155922 -0.321528 -0.933975 0.0449772 0.356992 -0.933024 0.972265 -0.0285296 -0.232136 0.999997 0.000300093 0.00224691 0.999998 5.97188e-05 -0.00178689 0.99028 -0.000534396 -0.139086 0.993392 -0.0117546 -0.114165 0.987879 -0.000204913 -0.155225 0.860445 -0.0180529 0.509223 0.512416 0.000124061 0.858738 0.996231 -0.00742117 -0.0864248 0.925537 0.00749884 0.378582 0.983602 0.000747953 -0.180353 0.924506 0.00743655 -0.381094 0.934177 0.00305552 -0.356798 0.382317 -0.015961 0.923894 0.859597 -0.0181336 0.510651 0.511318 0.000105172 0.859391 0.377927 0.0618326 0.923768 0.378329 0.061815 -0.923605 0.377009 0.0618851 0.92414 0.856818 -0.0182496 -0.515297 0.495462 0.000127758 -0.86863 0.863995 0.00122561 -0.503499 0.522389 -0.000625359 -0.852707 0.867519 0.00124122 0.497402 0.537045 -0.000635163 0.843553 0.925534 0.00749912 0.378589 0.867458 0.00124149 0.497509 0.537146 -0.000635288 0.843489 0.047617 0.345296 -0.937285 0.955209 0.134981 0.263356 0.990187 0.0717732 0.119912 0.957681 -0.13279 0.255372 0.901051 -0.180194 0.394508 0.995494 -0.0401367 0.0859168 0.789928 0.199822 0.579728 0.903056 0.183963 0.388133 0.571756 0.0589486 0.818303 0.64583 0.137164 0.751059 0.878191 0.192095 -0.438041 0.958584 0.124404 -0.256203 0.785372 0.197975 -0.586513 0.686891 0.162566 -0.708345 0.577913 0.067531 -0.8133 0.964905 -0.104947 -0.240715 0.896464 -0.16769 -0.410162 0.812635 -0.180553 -0.554098 0.708037 -0.146944 -0.690718 0.814175 -0.196304 0.546429 0.721554 -0.166123 0.672134 0.572733 -0.0254097 0.819348 0.567084 -0.0138735 0.823543 0.999519 -0.0163994 0.0263146 0.999257 0.0203667 0.032731 0.999829 -0.00948398 0.0158459 0.999798 0.0098568 0.0175131 0.999989 -0.00107802 0.00456728 0.999971 0.00593013 0.00479987 0.999964 0.00382845 -0.00751121 0.999953 0.00250439 -0.00934936 0.999788 0.00914212 -0.0184532 0.999754 -0.00510392 -0.0215934 0.999233 0.019367 -0.0340415 0.999379 -0.0108749 -0.033527 0.991345 0.0663032 -0.11331 0.995337 -0.032972 -0.0906513 0.617346 -0.0712743 -0.783456 0.570102 0.0343068 -0.820857 0.565985 0.0211242 -0.824145 0.624646 -0.0752166 0.777277 0.572665 -0.0292519 -0.819268 0.563775 0.00870607 -0.825883 0.564153 -0.0010935 0.82567 0.564124 -0.00363805 -0.825682 0.563673 0.0113065 0.82592 0.567077 -0.0162896 -0.823504 0.565942 0.0236896 0.824104 0.5705 0.0364356 0.820489 0.140476 -0.483394 0.864058 0.0450723 0.30786 0.950363 0.381901 -0.0159665 -0.924065 0.933194 0.00284978 0.359361 0.153318 -0.352486 0.923172 0.0445353 0.385822 0.921498 0.151811 -0.326203 -0.93303 0.986438 -0.0185043 -0.163088 0.383664 -0.0159322 -0.923335 0.15148 -0.331308 -0.931283 0.0474882 0.375023 -0.925798 0.378729 0.0618221 -0.923441 0.864072 0.00119634 -0.503367 0.522187 -0.000642284 -0.852831 0.933126 0.00284679 0.359539 0.864136 0.00119682 -0.503258 0.52256 -0.000643471 -0.852602 0.925722 0.00749881 0.378129 0.85649 -0.0182544 -0.515841 0.495028 0.000137525 -0.868877 0.983102 0.000448797 0.183057 0.382081 -0.0159408 0.923991 0.934242 0.00303916 -0.356627 0.867605 0.00125788 0.497253 0.536926 -0.000624462 0.843629 0.924317 0.0074566 -0.381552 0.934237 0.00303894 -0.356641 0.924312 0.0074853 -0.381563 0.857278 -0.0182266 -0.514532 0.496134 0.000127945 -0.868246 0.377409 0.0618719 0.923977 0.383156 -0.0159366 -0.923546 0.378921 0.0618014 -0.923363 0.381565 -0.0159665 0.924204 0.933226 0.0028802 0.359277 0.924723 0.00752481 0.380567 0.863969 0.00121323 0.503543 0.856366 -0.0182725 0.516046 0.934085 0.00293461 0.357039 0.925584 0.00739367 -0.37847 0.867652 0.00123517 -0.49717 0.859715 -0.0181228 -0.510452 0.933155 0.00295922 -0.359462 -0.0219359 0.0464529 0.99868 -0.0220414 0.035853 0.999114 0.0332238 -0.00901495 0.999407 0.0352129 -0.157648 0.986867 -0.0189228 0.0464487 -0.998741 -0.0190125 0.0358335 -0.999177 0.0293673 -0.00904183 -0.999528 0.0307483 -0.155164 -0.98741 0.00877136 -0.999915 0.00967511 0.0315778 -0.988198 0.149889 0.0286498 -0.00904763 0.999549 0.0305177 -0.157714 0.987013 -0.0219578 0.0464741 -0.998678 -0.0220534 0.0358481 -0.999114 0.0336215 -0.00901029 -0.999394 0.0351028 -0.155118 -0.987272 -0.0191095 0.0446966 0.998818 -0.0191667 0.035843 0.999174 0.0294349 -0.00904228 0.999526 0.0312858 -0.157711 0.98699 -0.0226859 0.0464864 -0.998661 -0.022791 0.0358576 -0.999097 0.0343659 -0.00900157 -0.999369 0.0364048 -0.157679 -0.986819 -0.0187651 0.0446941 0.998824 -0.0188221 0.0358377 0.99918 0.0289695 -0.00904637 0.999539 0.0303264 -0.155176 0.987421 -0.0224181 0.0447208 -0.998748 -0.0224782 0.0358541 -0.999104 0.0339175 -0.00900581 -0.999384 0.0357193 -0.157724 -0.986837 0.511394 0.000106731 -0.859346 0.521846 -0.000641607 0.853039 0.49465 0.00013404 0.869092 0.537235 -0.000628401 -0.843433 </float_array>
          <technique_common>
            <accessor count="1376" offset="0" source="#meshId0-tangents-array" stride="3">
              <param name="X" type="float" />
              <param name="Y" type="float" />
              <param name="Z" type="float" />
            </accessor>
          </technique_common>
        </source>
        <source id="meshId0-bitangents" name="meshId0-bitangents">
          <float_array id="meshId0-bitangents-array" count="4128"> 0.0446676 0.993853 0.101296 -0 0.238841 0.0678796 0.0723531 0.997372 0.00382153 -0.0432016 -0.997462 0.0565911 -0.00740047 -0.999973 -0.000193283 -0.0370087 0.999287 -0.00744836 -0.0372513 0.999278 -0.00749009 -0.00445173 -0.999939 -0.0100858 0.000850793 0.999801 -0.0199195 0.0460268 -0.91173 0.408202 0.132268 -0.875018 -0.465669 -0.0377208 0.839443 -0.542137 0.149022 0.653215 -0.742363 -0.335529 0.0126627 0.941945 0.00275706 0.999872 0.0157699 -0.0934849 0.945888 0.310735 -0.27735 -0.263431 0.923949 -0.158223 0.718369 0.67743 -0.0427335 0.997854 0.049618 0.320356 0.0465891 0.946151 0.0386515 0.986884 0.156736 0.4437 0.148085 0.883856 0.0277147 0.999613 0.00237969 0.0660767 0.996091 -0.0586235 0.115473 0.988552 -0.0971158 0.199815 0.975079 -0.0964125 0.00701047 0.999975 0.00131398 0.00564286 0.999983 0.00140538 0.0441688 -0.996775 0.0669984 -0.0575417 0.998305 0.00874941 0 -0.00719084 0.0424281 -0.00255909 -0.158347 0.98738 -0.0033925 0.400052 0.916486 -0.00458792 0.444195 0.895918 -0.00110808 0.99999 0.00422308 -0.000923806 0.999459 -0.0328703 -0.0004201 0.988084 -0.153913 -0.00339139 0.061446 0.998105 0.0082983 -0.551641 0.834041 0.000235209 -0.440946 0.897534 -0.0029216 -0.0442154 0.999018 0.0126396 0.443827 0.896023 0.0233632 0.398844 0.916721 -0.122022 -0.141726 0.982356 -0.0504014 0.186523 -0.981157 -0.0133626 0.389973 -0.92073 -0.00464942 0.24788 -0.96878 0.00180964 0.0262047 -0.999655 -0.00635101 -0.390705 -0.920494 -0.152544 -0.116194 -0.981442 0.0115729 0.986158 0.165402 0.0101167 0.981158 0.192945 0.00476509 0.981472 0.191545 0.00197134 0.390183 -0.920735 0 0.188174 -0.98167 0 0.327898 -0.938574 0.132803 1.55729e-07 -0.991142 0.198658 3.65428e-06 -0.980069 0.19223 -2.24426e-06 -0.98135 0.212194 3.94612e-07 -0.977227 0.1948 -7.46978e-06 -0.980843 0.148585 -1.88542e-06 -0.9889 0.132804 0 -0.991142 0.000437476 1 -0 0.000332412 1 -0 -0.0119964 0.999673 -0.0225767 -0.0058975 0.999645 -0.0259844 0.00218092 0.999998 -0 0.00619085 0.999981 -0 -0.0284366 0.999583 0.00495075 -0.00226552 0.990456 0.137808 0.00162044 0.98839 -0.151928 0.0427362 0.999035 -0.0101842 0.0660383 0.997811 0.00344817 0.0207964 0.999783 -0.00154401 0.0170457 0.999852 -0.00209155 -0.0251157 0.99968 -0.00316522 0.0262284 0.987175 -0.15747 -0.00510847 0.986673 0.162635 -0.00725968 0.999974 0 -0.0739786 0.997201 0.0108676 -0.0198118 0.99139 0.129438 0.00107085 0.989935 -0.141516 0.0401278 0.99917 -0.00705833 0.00161445 0.999999 -0 0.0154338 0.99988 -0.000932645 -0.0477374 0.998803 -0.0106607 -0.00656881 0.999964 -0.00545427 0.00943927 0.999955 -0 0.00891059 0.99996 -0.00121676 0.0617293 0.998092 -0.00103347 0.0153594 0.999882 -0 -0.007108 0.999975 0 -0.00530449 0.999986 0 -0.00248338 0.999969 -0.00743004 0.070084 0.997474 -0.011577 0.039619 0.999215 -0 0.0503935 0.998139 0.0343233 0.112607 0.993623 0.00573877 0.0481078 0.998825 -0.00583816 0.00655556 0.999978 -0 -0.0453572 0.998948 0.0068061 -0.0173396 0.999387 0.0304041 0.0116709 0.999932 -0 0.00787554 0.999969 -0 0.0610453 0.998122 0.00508348 0.0199538 0.9998 -0.00144776 0.0173768 0.999847 -0.0022198 -0.042314 0.999094 -0.00455299 0.0203784 0.987852 -0.154053 -0.0124899 0.987071 0.159799 0.00085198 1 -0 -0.0354788 0.999351 0.00623467 0.0020599 0.991871 0.127234 0.00389281 0.989999 -0.141022 0.0478186 0.998799 -0.0106546 0.0268133 0.999634 -0.003608 -0.0411193 0.999141 -0.00508895 0.00303261 0.992215 -0.124502 0.0264857 0.989591 0.141447 0.0862977 0.996237 0.00809402 0.0257547 0.999666 -0.00215548 -0.000100144 9.11483e-06 1 5.50035e-05 2.28442e-05 1 -7.9618e-05 0.00253198 0.999997 -0.000110863 0.0548348 0.998495 -0.000113235 0.127121 0.991887 -0.000548846 0.0358261 0.999358 5.37991e-05 9.15441e-06 -1 9.72527e-05 2.16723e-05 -1 -2.92022e-05 0.00249921 -0.999997 -6.0702e-05 0.0547273 -0.998501 -6.62414e-05 0.126674 -0.991944 -0.000155414 0.0358239 -0.999358 -0.000105003 9.10844e-06 1 4.95142e-05 2.19715e-05 1 -7.04599e-05 0.00253226 0.999997 -0.000100108 0.0548975 0.998492 -0.000107742 0.127026 0.991899 -0.000538031 0.0358252 0.999358 2.70059e-05 9.14589e-06 -1 6.36148e-05 2.22376e-05 -1 -6.85293e-05 0.00249954 -0.999997 -0.000100398 0.0547272 -0.998501 -0.000102867 0.126676 -0.991944 -0.000174399 0.0358244 -0.999358 3.73571e-05 9.14743e-06 1 7.70896e-05 2.19379e-05 1 -5.28425e-05 0.00253226 0.999997 -8.44859e-05 0.0548993 0.998492 -8.88486e-05 0.127031 0.991899 -0.000166716 0.0358186 0.999358 -9.56829e-05 9.11737e-06 -1 5.90899e-05 2.11482e-05 -1 -8.30146e-05 0.00249864 -0.999997 -0.000115717 0.0547282 -0.998501 -0.00011895 0.126676 -0.991944 -0.000547655 0.0358233 -0.999358 -6.60438e-05 9.11776e-06 1 9.77479e-05 2.15552e-05 1 -2.8427e-05 0.00253156 0.999997 -6.12305e-05 0.0548994 0.998492 -6.86478e-05 0.127028 0.991899 -0.000523497 0.0358215 0.999358 -9.88991e-05 1.04889e-05 -1 5.67964e-05 2.2846e-05 -1 -8.07754e-05 0.00249991 -0.999997 -0.000112246 0.0547282 -0.998501 -0.000115489 0.126675 -0.991944 -0.000547593 0.0358249 -0.999358 -0.0604241 0.657047 0.751424 0.124214 0.0734709 0.989532 0.0355788 0.707974 0.705342 -0.0572614 0.886176 0.459797 0.00635825 0.908565 0.417696 -0.0488252 0.966261 0.252894 -0.0176628 0.978048 0.207631 -0.040436 0.987897 0.149746 -0.0295084 0.993286 0.111859 0.0197783 0.987391 -0.157059 0.0169155 0.995733 -0.0907212 0.0101917 0.998118 -0.0604657 0.00444748 0.991266 -0.131802 0.0236709 0.952732 -0.302887 -0.0143291 0.954647 -0.297395 0.0292064 0.855506 -0.516968 -0.0399023 0.844871 -0.533481 0.0308631 0.58298 -0.8119 -0.0697043 0.528592 -0.846009 0.169057 0.66754 0.725128 0.08762 0.887138 0.45311 0.015844 0.974485 0.223892 -0.0290599 0.99751 0.0642562 0.00990555 0.999501 -0.0299799 -0.0027428 0.996729 -0.0807713 -0.0499356 0.971242 -0.2328 -0.12697 0.875563 -0.466119 -0.206355 0.653316 -0.72842 0.252713 0.583039 0.772141 0.143152 0.847998 0.510301 0.0278556 0.96626 0.256058 -0.0309528 0.996679 0.0753134 0.00797452 0.999765 -0.0201743 0.00104478 0.99736 -0.0726159 -0.0601876 0.96752 -0.245524 -0.186706 0.843918 -0.502935 -0.282975 0.590223 -0.756017 0.359836 0.436319 0.824708 0.262659 0.762481 0.591298 0.0916006 0.942785 0.320571 0.00678164 0.995914 0.0900475 -0.0136961 0.999704 -0.0201022 -0.0326914 0.996958 -0.0707546 -0.118647 0.950084 -0.288552 -0.303813 0.772718 -0.557319 -0.378114 0.470573 -0.797239 0.438644 0.349034 0.82811 0.394117 0.675709 0.622968 0.186399 0.910069 0.370176 -0.0618279 0.997411 -0.0367379 -0.14647 0.9561 -0.25381 -0.370775 0.7614 -0.531786 -0.462224 0.397072 -0.792895 0.422309 0.687202 -0.591107 0.304564 0.761332 -0.572376 0.409452 0.453329 -0.791733 0.482872 0.378718 -0.789561 0.00980896 0.998934 -0.0451196 0.0382835 0.995278 -0.089196 -0.218141 0.641654 0.735319 -0.31065 0.515318 0.798714 0.214182 0.912159 -0.349417 0.126791 0.941954 -0.31088 0.0462733 0.690873 -0.721493 0.11105 0.339084 -0.934179 0.206525 0.652212 -0.729361 0.121674 0.873972 -0.470497 0.0212921 0.894396 -0.446768 0.0425705 0.969891 -0.239791 -0.00364062 0.972576 -0.232558 -0.00390593 0.995994 -0.0893366 -0.0192009 0.994611 -0.101887 -0.401699 0.427985 0.809609 -0.0200988 0.99927 -0.032476 -0.0213215 0.998292 -0.0543986 -0.0104448 0.976219 0.216534 0.0169988 0.964923 0.261984 0.0277511 0.990677 0.133374 0.0244346 0.996537 0.0794754 -0.075526 0.89754 0.434416 -0.00301913 0.874403 0.485191 -0.151487 0.705598 0.692231 -0.0323804 0.596391 0.802041 0.301576 0.575015 -0.760532 0.187207 0.835456 -0.516689 -0.242439 0.791957 0.560381 -0.320332 0.773461 0.546942 0.0611892 0.962575 -0.264018 -0.00191016 0.996109 -0.0881119 -0.0179815 0.999288 -0.0331627 -0.0194206 0.970419 0.240645 0.0341248 0.997362 0.0640667 -0.126823 0.865339 0.484875 -0.0804891 0.951443 0.297116 -0.118078 0.955682 0.269684 -0.000240315 0.997289 0.0735848 0.0045348 0.998313 -0.0578895 -0.000614283 0.999742 -0.0227117 -0.00939692 0.999773 -0.0191145 -0.0100607 0.999724 -0.0212439 -0.0026495 0.999941 -0.010509 -0.00845595 0.999953 -0.00476952 -0.019852 0.999792 -0.00460357 0.00936524 0.999807 -0.0173025 -0.00423839 0.99989 -0.0141931 -0.0067514 0.999973 0.00304815 -0.0113347 0.999822 0.0150678 -0.00125896 0.999989 0.00451667 0.00125647 0.99981 0.0194776 -0.0117461 0.999878 0.0103369 -0.0114622 0.999889 0.0095697 -0.00859557 0.999902 0.0110144 -0.00143906 0.999998 0.00129308 -0.00138342 0.999994 0.00304881 -0.0212194 0.999036 0.0384198 -0.0262219 0.999583 0.0121268 0.0111609 0.999606 0.0257443 0.0197141 0.999552 0.0225413 -0.0254931 0.999498 0.0188206 -0.0183684 0.999572 0.0227864 -0.00535751 0.999572 0.0287539 -0.00346657 0.999819 0.0186921 0.00725939 0.999827 0.0171026 -0.0298094 0.997563 0.0630842 -0.0319481 0.995856 0.0851427 0.0254969 0.997221 0.0700079 0.0298761 0.999294 0.0227828 -0.0295192 0.998487 0.0464058 -0.0307743 0.99904 0.0311844 -0.00791259 0.998979 0.0444719 0.00159915 0.999623 0.0273953 0.0204019 0.99945 0.0261379 -0.0471262 0.653937 0.75508 -0.0491183 0.882954 0.466883 -0.0442544 0.962041 0.269291 -0.0374315 0.984807 0.169573 -0.00876979 0.999822 0.0167171 -0.0183644 0.99758 0.0670563 0.00923 0.982649 -0.185246 0.00609258 0.993989 -0.109311 0.0113401 0.946322 -0.323028 0.0131372 0.852921 -0.521874 0.0124417 0.605297 -0.795903 -0.00210678 0.99787 -0.0652048 -0.0276906 0.992544 0.118699 -0.00508572 0.661588 0.749851 -0.00553097 0.886584 0.462534 -0.00531631 0.962699 0.270522 -0.00552888 0.984791 0.173658 -0.00703668 0.999688 0.0239582 -0.0062163 0.996707 0.0808517 -0.00998635 0.980208 -0.19772 -0.00947514 0.992403 -0.122666 -0.0107371 0.942592 -0.333774 -0.0111435 0.850053 -0.52658 -0.0107073 0.613435 -0.789673 -0.00826728 0.997696 -0.0673459 -0.0060026 0.991857 0.127219 0.0360116 0.662757 0.747968 0.037198 0.888504 0.457358 0.0335312 0.964033 0.263661 0.0275634 0.985637 0.166613 -0.00320565 0.999653 0.0261523 0.0075867 0.997171 0.0747904 -0.0250236 0.982232 -0.185995 -0.0213995 0.9931 -0.115298 -0.0273272 0.945487 -0.324511 -0.0283677 0.853096 -0.520983 -0.0261104 0.619122 -0.78486 -0.0118372 0.998232 -0.0582437 0.017838 0.993153 0.11545 0.0557851 0.647184 0.76029 0.0537226 0.886919 0.458791 0.0462142 0.965899 0.254761 0.0389062 0.987849 0.150467 0.000597041 0.99971 0.0240788 0.0159561 0.998556 0.0512968 -0.0265306 0.995651 -0.0893023 -0.0320615 0.987906 -0.151706 -0.0380393 0.955477 -0.292603 -0.0489021 0.865048 -0.4993 -0.0577437 0.634048 -0.771135 -0.0119931 0.999129 -0.0399701 0.0287307 0.995435 0.0910099 0.014675 0.999857 -0.00835177 0.0207506 0.999726 -0.0107797 0.024267 0.999591 -0.0151421 0.132804 4.14568e-07 -0.991142 0.167395 3.35359e-06 -0.98589 0.00505938 0.999987 -0 0.0191434 0.999622 0.0197168 0.0226368 0.99956 0.0191744 0.00313014 0.999995 -0 0.00363651 0.999993 -0 0.000593478 1 -0 0.00231748 0.999997 -0 0.00978828 0.99932 0.0355446 0.0456263 0.99892 0.00881641 -0.0428303 0.999044 -0.00872655 0.0447384 0.99896 -0.00881731 -0.0422024 0.999071 0.00873226 -0.00168001 0.999999 0 -0.00106244 0.999999 0 -0.00102399 0.999999 0 -0.0017342 0.999999 0 -0.014884 0.999688 -0.0200421 7.71461e-05 1 -0 0.000150951 1 -0 -0.0133743 0.999603 -0.0248135 -0.0134072 0.999865 -0.0095173 -0.00186968 0.999998 0 -0.00408459 0.999992 0 -0.00878896 0.99993 -0.00790579 -0.00180979 0.999998 0 -0.00111101 0.999999 0 -0.00105611 0.999999 0 -0.00168443 0.999999 0 0.171683 0.0215989 -0.984915 0.180896 0.0454756 -0.98245 0.189762 0.0670804 -0.979536 0.198811 0.0637242 -0.977964 -0.00370594 0.999993 0 -0.00347503 0.999994 0 -0.0104597 0.999945 0 -0.0156894 0.999877 0 0.159851 0.00818202 -0.987107 0.202757 0.0373842 -0.978515 0.180584 -0.044709 0.982543 0.168291 -0.0166225 0.985597 0.201483 -0.0674166 0.977169 0.209256 -0.115394 0.971029 0.137127 -0.000901357 -0.990553 0.223579 0.016614 -0.974544 0.15508 -0.00502207 0.987889 0.205816 -0.0391706 0.977807 0.132803 -5.7714e-08 -0.991142 0.22415 -3.50592e-07 -0.974555 0.133907 0.00158583 0.990993 0.211673 -0.0142805 0.977236 -0.000228737 1 0 -0.00119191 0.999999 -0.000156493 0.00935778 0.999956 0.0005286 0.00316383 0.999995 -0 0.132802 3.35566e-07 0.991143 0.187346 2.76492e-07 0.982294 0.155081 -0.00502283 -0.987889 0.134774 0.0014005 -0.990875 0.161242 -0.00400818 -0.986907 0.205816 -0.0391709 -0.977806 0.132802 0 0.991143 0.16159 2.17614e-08 0.986858 0.168291 -0.0166229 -0.985597 0.201483 -0.0674166 -0.977169 -0.0296597 0.99883 0.0381952 -0.0103487 0.998599 0.0518891 -0.00538529 0.999515 0.0306878 -0.0170285 0.999565 0.024084 0.1809 -0.0454773 -0.98245 0.209403 -0.115763 -0.970953 0.134757 -0.0014017 0.990878 0.159851 0.00818151 0.987107 0.202757 0.0373837 0.978515 0.219998 0.0160929 0.975368 -0.00485489 0.999988 0 -0.0183668 0.999831 0 0.171683 0.0215987 0.984916 0.19881 0.063724 0.977964 0.180586 0.0447198 0.982542 0.189499 0.0664365 0.979631 0.0382181 0.997459 -0.0601249 0.00919964 0.99257 -0.12133 0.00864387 0.999963 -0 0.0644485 0.995067 -0.0754238 -0.00584489 0.999983 0 -0.00704448 0.999975 0 -0.00887108 0.999961 0 -0.00528126 0.999986 0 0.00707338 0.998677 -0.0509431 -0.0142093 0.998335 -0.0558967 0.0058087 0.999983 -0 0.011145 0.999938 -0 -0.0248269 0.999029 -0.0364053 -0.000977225 1 0 -0.000832566 0.999999 -0.00150006 -0.000353484 0.999998 -0.00197589 0.0024362 0.999913 0.0129498 0.0086623 0.999898 0.0113949 -0.0282403 0.99959 -0.00471109 -0.00642928 0.999979 0 -0.0531272 0.997564 0.0451988 -0.058705 0.998137 0.0166306 -0.0342611 0.999413 0 -0.0303725 0.999539 0 -0.0140486 0.999901 -0.000601407 -0.00973534 0.999953 0 -0.0408808 0.996495 0.0729882 -0.0175697 0.999846 0 -0.00508534 0.999987 -0.000497643 -0.00553629 0.999985 0 -0.00330138 0.999995 0 -0.00175217 0.999998 0 -0.00219044 0.999998 0 -0.00410776 0.999992 0 -0.00401183 0.999992 0 -0.0030643 0.471064 0.882094 -0.00299546 0.073282 0.997307 0.199488 0.124464 0.971963 0.0534587 0.576159 0.815587 0.0281689 0.9996 0.00248746 0.0276275 0.999198 0.0289751 -0.00177305 0.999998 0 0.0011193 0.999999 -0 0.00531417 0.998262 0.0586929 -0.0157639 0.990233 0.138526 -0.0180815 0.999837 0 -0.00989165 0.999951 0 -0.0145729 0.773983 -0.633039 -0.00831048 0.90137 -0.432971 -0.139488 0.722279 -0.677389 -0.0872318 0.463961 -0.88155 0.0043805 0.985087 -0.172 0.00411907 0.985105 0.171905 0.00663307 0.985076 0.171994 0.00625272 0.985105 -0.171838 0.0109823 0.957953 -0.286715 -0.127979 0.876964 -0.463201 0.0530878 0.896833 -0.439173 0.0189927 0.86233 -0.505991 0.0762592 0.580473 -0.810701 0.202361 0.723045 -0.660496 0.0762149 0.99369 -0.0822925 0.0319796 0.982982 -0.180898 0.0430017 0.960879 -0.273609 0.181653 0.885401 -0.427863 0.049492 0.998403 -0.027234 0.0378628 0.998067 -0.049288 -0.0389225 0.998286 -0.0436966 -0.0117347 0.994139 -0.107466 0.0113012 0.999915 0.00646865 0.0434671 0.993984 0.100528 0.0474038 0.997837 0.0455426 -0.0314588 0.999505 0 -0.0396033 0.999208 0.00379074 -0.0287109 0.999581 0.00370365 -0.025759 0.999668 0 -0.0577164 0.995989 0.0683751 0.0168623 0.958422 0.284855 0.160248 0.880349 0.446438 -0.0363944 0.991894 0.121746 -0.00397632 0.999989 -0.00239723 -0.0146183 0.999873 -0.00635366 -0.0121943 0.99983 -0.0137904 -0.00263013 0.99999 -0.00370474 0.0261872 0.894926 0.445446 0.177476 0.71844 0.672567 -0.0391311 0.998984 0.0223585 -0.0247812 0.99957 0.0156589 -0.00390403 0.86085 0.508844 -0.0287931 0.962475 0.269837 -0.16265 0.886377 0.433451 0.00472934 0.554799 -0.831971 0.00465915 0.108675 -0.994066 0.00983526 0.102468 -0.994688 0.00985481 0.544837 -0.838484 -0.0438832 0.90429 0.424656 -0.174642 0.72941 0.661408 -0.0418773 0.777489 0.6275 -0.115527 0.470682 0.874707 -0.342507 0.43413 -0.833198 -0.212356 0.0750646 -0.974305 0.0427016 0.99905 0.00864831 -0.0404852 0.999144 -0.00856482 0.0443968 0.998977 -0.00864661 -0.0421938 0.999073 0.00855897 -0.312749 0.744547 -0.589777 0.221022 0.130349 -0.966519 0.447519 0.422977 -0.78792 -0.0375401 0.9704 -0.238567 0.423477 0.741762 -0.520055 0.00328358 0.999896 -0.0140462 0.00226787 0.999884 -0.0150738 0.0109329 0.999884 -0.0106185 0.00946047 0.999897 -0.0107808 0.0439246 0.992019 -0.118192 -0.0106974 0.999837 0.0145442 -0.0155735 0.999835 0.00935407 -0.00336629 0.999842 -0.0174336 0.410059 0.731593 0.544631 0.0206217 0.990115 0.138734 -0.000726918 0.99999 -0.00443789 0.426482 0.413467 0.804461 -0.00642582 0.986616 0.162936 -0.332654 0.763657 0.553326 -0.00724794 0.999974 0 -0.00633168 0.99998 0 -0.017289 0.999851 0 -0.0131586 0.999913 0 -0.370525 0.450408 0.812308 -0.238913 0.080751 0.967678 0.0133154 0.999893 -0.0061076 0.0162176 0.999852 -0.00572812 -0.0138324 0.997608 0.0677275 0.0433041 0.999024 0.00871077 -0.0407787 0.999131 -0.00862798 0.0450113 0.998949 -0.00870906 -0.042768 0.999048 0.00861933 0 -0.102473 0.994736 0 -0.0473677 0.998877 0 -0.0473677 0.998877 0 -0.0860524 0.996291 -0 0.0473677 0.998877 -0 0.0896318 0.995975 -0 0.108824 0.994061 -0 0.0473677 0.998878 0.0101662 0.998546 -0.0529392 0.00880718 0.997125 -0.0752566 -0.00102714 0.996452 0.0841611 0.00023784 0.998435 0.0559268 0.00899907 0.811592 -0.584155 0.00919418 0.509396 -0.860483 0.00646773 0.471585 -0.881797 0.00622903 0.781423 -0.62397 -0.00204087 0.48332 0.875441 -0.0020038 0.790901 0.611941 -0.00102573 0.817515 0.575906 -0.00103311 0.517619 0.85561 0.0091445 0.0860488 -0.996249 -0.00101375 0.0896318 0.995974 7.04255e-05 0.556333 0.830959 6.35126e-05 0.108824 0.994061 0.00975785 0.8391 -0.543889 0.000123006 0.848163 0.529735 0 -0.0473677 0.998877 0 -0.0736309 0.997286 -0 0.0473677 0.998877 -0 0.0770576 0.997027 0.00604563 0.995661 -0.0928588 -0.00190253 0.993819 0.110999 0.00644228 0.0736294 -0.997265 -0.00197264 0.0770575 0.997025 -0.0120548 0.999789 0.0166044 -0.00641489 0.999679 0.0245244 -0.0138867 0.999821 0.0128606 -0.0115738 0.999874 0.0109139 0.0027381 0.503526 -0.863976 0.00268132 0.806899 -0.590683 -0.00950005 0.999949 0.00339314 0.00597758 0.999982 -0 0.00643591 0.999256 0.0380273 0.00586129 0.99929 0.0372107 -0.000750533 0.99982 -0.0189614 0.00565761 0.999836 -0.0171964 0.00844386 0.999863 -0.0142592 0.00628919 0.999909 -0.0119153 -0.0030571 0.999995 0 -0.0168574 0.999858 0 0.0170945 0.999668 0.0192897 0.0234438 0.999562 0.0180494 -0.0045335 0.999981 0.00422905 -0.00599775 0.999982 0 -0.00430701 0.999991 0 -0.00336998 0.999981 0.00518372 0.18381 1.39771e-07 0.982962 0.132803 5.67433e-08 0.991143 0 -0.0473677 0.998878 0 -0.0838648 0.996477 -0 0.0473677 0.998877 -0 0.0928553 0.99568 -0 0.0881351 0.996109 -0 0.0473677 0.998878 0.00210098 0.997023 0.0770706 0.00293319 0.999996 -0 0.00279499 0.996378 0.0849919 0.000535346 0.514515 -0.857481 0.000525054 0.815466 -0.578805 0.00198314 0.0928551 0.995678 0.00201285 0.52533 0.850896 0.0027852 0.514513 0.857478 0.00275194 0.0881348 0.996105 0.00202551 0.823889 0.566748 0.00277206 0.815462 0.578803 0 -0.0473677 0.998877 0 -0.0881351 0.996109 0.00252771 0.996485 -0.0837299 0.000505325 0.996381 -0.0849922 0.000419124 1 -0 0.00271861 0.0838645 -0.996473 0.000531883 0.0881351 -0.996108 0.00222922 0.999112 0.0420715 0.000792624 0.999256 -0.038547 -0 0.0881351 0.996109 -0 0.0473677 0.998878 0.00189089 0.999998 -0 0.0017622 0.99638 0.0849921 -0.000214226 0.514515 -0.857481 -0.000211615 0.815466 -0.578806 0.00174611 0.514514 0.85748 0.00172331 0.088135 0.996107 0.00173814 0.815464 0.578805 0 -0.0473677 0.998877 0 -0.0881351 0.996109 -0.000211988 0.996382 -0.0849922 -0.000216116 1 0 -0.000212286 0.0881351 -0.996109 0.000805751 0.998943 0.0459708 0.000524085 0.999048 -0.0436258 -0 0.0951002 0.995468 -0 0.0473677 0.998877 -0.00237481 0.999997 0 -0.00246875 0.997302 0.0733675 -0.000239472 0.498391 -0.866952 -0.000238312 0.80279 -0.596262 -0.00248809 0.530408 0.847739 -0.00246541 0.0951 0.995465 -0.00246711 0.827899 0.560872 0 -0.0473677 0.998877 0 -0.0820414 0.996629 -0.000241242 0.995201 -0.0978554 -0.000261793 1 0 -0.000236366 0.0820414 -0.996629 0.00021201 0.998818 0.0486084 -0.00294607 0.998864 -0.0475698 -0 0.0820414 0.996629 -0 0.0473677 0.998877 -0.00698757 0.999976 0 -0.00682016 0.995177 0.0978531 0.00109694 0.53041 -0.847741 0.0010886 0.827901 -0.560873 -0.00682911 0.498379 0.866932 -0.00674167 0.0820395 0.996606 -0.00677693 0.802771 0.596249 0 -0.0473677 0.998877 0 -0.0951003 0.995468 0.00108906 0.997304 -0.0733677 0.00114704 0.999999 -0 0.00108703 0.0951002 -0.995467 0.000500642 0.998867 0.0475922 -0.00613272 0.998799 -0.0486115 -0 0.0881351 0.996109 -0 0.0473677 0.998878 -0.00855195 0.999963 0 -0.00834396 0.996347 0.0849893 0.0030145 0.514512 -0.857478 0.00299508 0.815462 -0.578803 -0.00832695 0.514497 0.857452 -0.00822581 0.0881321 0.996075 -0.00827819 0.815438 0.578786 0 -0.0473677 0.998877 0 -0.0881351 0.996109 0.00301414 0.996377 -0.0849918 0.00316969 0.999995 -0 0.00297966 0.0881347 -0.996104 0.00175643 0.999044 0.0436771 -0.0069341 0.998917 -0.046001 -0 0.0881351 0.996109 -0 0.0473677 0.998878 -0.0107445 0.999942 0 -0.0101709 0.99633 0.0849878 0.00464465 0.514509 -0.857472 0.0046446 0.815457 -0.578799 -0.0100083 0.514489 0.857439 -0.00985668 0.0881308 0.99606 -0.0100112 0.815425 0.578776 0 -0.0473677 0.998878 0 -0.0881351 0.996109 0.00475262 0.99637 -0.0849913 0.00524818 0.999986 -0 0.00459147 0.0881342 -0.996098 0.00275203 0.99925 0.0386142 -0.00791398 0.999081 -0.042119 -0 0.0887265 0.996056 -0 0.0473677 0.998877 -0.0168256 0.999858 0 -0.0165546 0.99563 0.0919032 0.0114887 0.512256 -0.858756 0.0109654 0.81425 -0.580411 -0.0174942 0.51441 0.857366 -0.0176478 0.0887127 0.995901 -0.0168626 0.813887 0.580779 0 -0.0473677 0.998877 0 -0.0867834 0.996227 0.0107235 0.996326 -0.0849668 0.0110402 0.999939 -0 0.0115765 0.0867776 -0.996161 -5.47148e-05 0.999636 0.0269835 -0.00575842 0.999349 -0.0356069 0 0.074477 0.997223 3.49246e-10 0.051855 0.998655 0 -0.0519494 0.99865 0 -0.12561 0.99208 0.195199 -6.72761e-07 -0.980764 0.132803 -2.34117e-07 -0.991142 0.132803 -3.21144e-07 -0.991143 0.172597 -6.30478e-07 -0.984992 -0.00114718 0.999999 -0.00111595 0.00282164 0.999897 -0.0140394 0.00886751 0.999892 -0.0117419 0.0142589 0.999866 -0.00799911 0.180987 -2.76575e-08 -0.983486 0.132803 -4.86561e-08 -0.991142 0.132802 -2.50918e-07 0.991143 0.185513 -3.0015e-07 0.982642 -0.00341041 0.999994 -0.000313119 -0.00366951 0.999993 0 0.00756866 0.99996 -0.00486214 0.00528644 0.999959 -0.00735812 -0.00178089 0.999995 -0.00268398 -0.00260837 0.999995 -0.00192527 0.00165416 0.999958 -0.0090498 -0.000595788 0.999995 -0.00322752 0.00398274 0.99998 -0.00482041 -0.00774115 0.999966 0.00292045 -0.00577463 0.999981 0.00196901 0.00338341 0.999927 0.0115815 0.00176523 0.999995 -0.00264196 0.184336 -2.70883e-07 -0.982863 0.132804 -2.02595e-07 -0.991142 0.132802 4.86543e-08 0.991143 0.184805 1.18205e-07 0.982775 0.000444725 1 -0 0.000130881 1 -0.000143557 -0.00342458 0.999994 -0.000312675 -0.00342665 0.999994 0 7.71259e-05 1 -0.00044983 5.0503e-05 1 -0.00042436 -0.00196819 0.999994 -0.00295736 -0.00281397 0.999994 -0.0020669 2.95312e-05 1 -0.000229691 -0.000660332 0.999993 -0.00358364 -0.00523787 0.999986 0 -0.00502798 0.999987 0 -0.00430845 0.99999 0.000691394 -0.00537528 0.999986 0 -0.00546923 0.999984 0.0015155 0.183628 4.42857e-07 -0.982996 0.132804 3.96714e-07 -0.991142 0.132803 2.02588e-07 0.991143 0.184097 1.5482e-07 0.982908 -0.00515461 0.999987 0 -0.00568118 0.999984 0.000524706 -0.00353355 0.999994 -0.000318759 -0.0032644 0.999995 0 -0.00498431 0.999984 0.00257123 -0.00348789 0.999985 0.00429658 -0.00217008 0.999992 -0.00325463 -0.0030305 0.999993 -0.00221814 -0.00107674 0.999983 0.00569166 -0.000736855 0.999992 -0.00400644 -0.00575778 0.999983 0 -0.00574746 0.999983 0 -0.00274187 0.999996 -0.000676896 -0.00580314 0.999983 0 -0.00633849 0.999977 -0.00247565 0.18292 -8.59175e-08 -0.983128 0.132804 -1.62951e-07 -0.991142 0.132803 -3.96699e-07 0.991142 0.183388 -4.49983e-07 0.983041 -0.0101647 0.999948 0 -0.0109981 0.999939 0.0011287 -0.00325166 0.999995 -0.000298024 -0.00260169 0.999997 0 -0.00959782 0.999939 0.00538825 -0.00667737 0.99994 0.00863726 -0.00211382 0.999993 -0.00321059 -0.00292522 0.999993 -0.00217845 -0.00207656 0.999936 0.0110867 -0.00072941 0.999992 -0.00398302 -0.00602065 0.999982 0 -0.00623796 0.999981 0 -0.000801446 0.999998 -0.00186242 -0.00622525 0.999981 0 -0.00714899 0.999958 -0.00582185 0.177284 1.68277e-07 -0.98416 0.132802 1.48141e-07 -0.991142 0.132803 1.82754e-07 0.991142 0.182679 2.38497e-07 0.983173 -0.0181702 0.999833 0.00211518 -0.00332528 0.999825 0.0183992 -0.00525577 0.999986 0 -0.00586211 0.999983 0 -0.00603137 0.999982 0 -0.00815995 0.999942 -0.00696264 -0.00306868 0.781095 0.624404 -0.00658182 0.99994 0.00871814 0.0153548 0.999846 -0.00847865 -0.0530935 0.99855 -0.00887728 0.000986065 0.999962 0.00863809 0.0089239 0.99989 -0.0118282 0.00269885 0.999905 -0.0134937 0.0037203 0.99983 -0.0180714 0.0134821 0.999779 -0.0161469 -0.253325 -0.721401 -0.644521 -0.255948 -0.817059 -0.516628 -0.0986553 -0.839275 -0.534681 -0.107316 -0.739606 -0.664429 -0.137658 -0.64974 -0.747588 -0.0577353 -0.735881 -0.674644 -0.209201 -0.895804 -0.392136 -0.0725913 -0.904976 -0.419223 -0.0556524 -0.610073 -0.790388 -0.0355058 -0.760638 -0.648205 -0.141242 -0.953144 -0.267519 -0.0266097 -0.963418 -0.26668 -0.0374375 -0.606335 -0.794328 -0.0267991 -0.757451 -0.652342 -0.0299299 -0.993728 -0.107742 0.00782225 -0.993566 -0.112986 -0.0273879 -0.612535 -0.789969 -0.0212004 -0.732121 -0.680844 -0.0213512 -0.998761 -0.0449589 -0.00312272 -0.998927 -0.0461963 -0.0151813 -0.599431 -0.800282 -0.0160861 -0.784754 -0.619598 -0.0163691 -0.99968 -0.0192922 -0.00994051 -0.999705 -0.0221503 -0.00653261 -0.606111 -0.795353 -0.011954 -0.757101 -0.653188 -0.00727574 -0.999973 -0.000568741 -0.00888036 -0.99995 -0.00458445 0.0158423 -0.608042 -0.793747 -0.000766902 -0.760294 -0.649579 0.00225194 -0.999855 0.0168729 -0.00698861 -0.999908 0.0116149 0.0942101 -0.618653 -0.779996 0.00913099 -0.821289 -0.570439 0.0118694 -0.999307 0.0352675 -0.00455376 -0.999608 0.0276392 0.157061 -0.698689 -0.697972 0.0158632 -0.834697 -0.55048 0.0122667 -0.997675 0.0670403 -0.00702442 -0.998816 0.0481296 0.171249 -0.779989 -0.601907 0.0233241 -0.840609 -0.541139 0.0101494 -0.982828 0.184244 -0.0296499 -0.992297 0.120277 0.140714 -0.860891 -0.488945 0.000626147 -0.900113 -0.435656 0.09018 -0.939047 0.331749 0.00356297 -0.957404 0.288732 0.0873866 -0.924963 -0.369875 -0.0155919 -0.94277 -0.333078 0.166435 -0.866382 0.470831 0.0268439 -0.906352 0.421669 -0.00764223 -0.975986 -0.217701 -0.0592941 -0.986637 -0.151761 0.199354 -0.787932 0.582599 0.0492306 -0.848036 0.527646 -0.00902843 -0.99521 -0.0973442 -0.037936 -0.996593 -0.0732361 0.194662 -0.6846 0.702445 0.0466919 -0.837051 0.545128 -0.0069749 -0.998015 -0.0625871 -0.0337025 -0.9981 -0.0515908 0.118577 -0.618368 0.776892 0.0394942 -0.814138 0.579326 -0.016078 -0.998916 -0.043679 -0.0357946 -0.998731 -0.0354197 0.0452437 -0.608134 0.792544 0.0245839 -0.760425 0.64896 -0.0256203 -0.999325 -0.026327 -0.0379188 -0.999092 -0.019425 0.0233152 -0.606296 0.794897 0.0137319 -0.757267 0.652961 -0.0350078 -0.999356 -0.00789538 -0.0393736 -0.999222 -0.00207095 0.0102523 -0.599528 0.800288 0.0060052 -0.784908 0.619584 -0.0410453 -0.999021 0.0164875 -0.0343549 -0.999194 0.0207764 -0.0308357 -0.612526 0.789849 -0.0235587 -0.732112 0.680777 -0.040484 -0.996814 0.0687252 -0.0137548 -0.997399 0.070757 -0.0684298 -0.605871 0.792614 -0.0531048 -0.756967 0.651291 -0.121725 -0.97533 0.18416 -0.0449663 -0.978283 0.202336 -0.0920638 -0.609619 0.78733 -0.0664235 -0.760034 0.64648 -0.251372 -0.897897 0.361377 -0.11884 -0.902504 0.41396 -0.179704 -0.655318 0.733666 -0.0900378 -0.733536 0.67366 -0.306313 -0.791697 0.528572 -0.140331 -0.82116 0.553175 -0.276534 -0.724508 0.631361 -0.126157 -0.757968 0.639976 -0.0373476 -0.999302 0 -0.0372534 -0.999306 0 -0.0418481 -0.999124 0 -0.0240349 -0.999711 0 -0.0335838 -0.999436 0 -0.0158925 -0.999874 0 -0.02773 -0.999615 0 -0.0109806 -0.99994 0 -0.022974 -0.999736 0 -0.00431719 -0.999991 0 -0.0195601 -0.999809 0 -0.00823352 -0.999966 0 -0.017814 -0.999841 0 -0.00870792 -0.999962 0 -0.0111185 -0.999938 0 -0.0090362 -0.999959 0 -0.00536254 -0.999986 0 -0.00877814 -0.999961 0 -0.0196857 -0.999806 0 -0.0112574 -0.999937 0 -0.0350854 -0.999384 0 -0.0215374 -0.999768 0 -0.0510178 -0.998698 0 -0.0264368 -0.999651 0 -0.0583592 -0.998296 0 -0.0199961 -0.9998 0 -0.052963 -0.998596 0 -0.00361464 -0.999994 0 -0.043646 -0.999047 0 0.0170285 -0.999855 0 -0.0403249 -0.999187 0 0.0260391 -0.999661 0 -0.0402906 -0.999188 0 0.0183632 -0.999831 0 -0.040268 -0.999189 0 0.0117947 -0.99993 0 -0.0400189 -0.999199 0 0.00526461 -0.999986 0 -0.0367054 -0.999326 0 -0.0224671 -0.999748 0 -0.0360757 -0.999349 0 -0.0561902 -0.99842 0 -0.0482677 -0.998834 0 -0.068755 -0.997634 0 -0.0677072 -0.997705 0 -0.0765634 -0.997065 0 -0.0795328 -0.996832 0 -0.0653961 -0.997859 0 -0.00406833 0.999992 0 -0.00430263 0.999991 0 -0.0015405 0.999999 0 0.00361647 0.999993 -0 -0.0110366 0.999911 -0.00745486 0.014352 0.999869 -0.00744802 0.00237619 0.987138 -0.159854 0.00221793 0.987169 0.159664 0.0064575 0.987118 0.159864 0.00628412 0.987127 -0.159817 -0.00609002 0.999943 0.00878217 0.0164797 0.999828 -0.00852573 -0.0530883 0.99855 -0.00893931 0.000693184 0.999962 0.00869557 0.00962767 0.986643 -0.162613 0.00980758 0.986638 0.162631 -0.00320174 0.999995 0 -0.00454661 0.99995 0.00889957 0.011787 0.999893 -0.00870001 -0.0577131 0.998292 -0.00906501 -0.00311921 0.999957 0.00876045 0.0097307 0.999896 -0.0106668 0.0148956 0.999866 -0.00681785 0.00302708 0.999904 -0.0135343 0.923831 0.00793306 -0.382718 0.00878022 0.999945 0.00570573 -0.00580534 0.999944 0.00887901 0.0172228 0.999815 -0.00861115 -0.0526459 0.998572 -0.00903344 0.00146327 0.99996 0.00880025 1.16415e-10 -0.0723212 0.997381 0 -0.0500184 0.998748 0 -0.0473677 0.998878 0 -0.108677 0.994077 -0 0.0473677 0.998877 -0 0.0732823 0.997311 0.0048748 0.998803 -0.0486733 0.00476682 0.846353 -0.532602 -0.00472398 0.999989 0 -0.00311321 0.989212 0.146455 -0.00456969 0.999951 -0.0087917 0.0109455 0.999903 0.00860006 -0.0587066 0.998235 0.00896309 -0.0045448 0.999952 -0.00862808 -0.00233267 0.986723 0.162398 -0.00213541 0.986686 -0.162621 -0.00512736 0.999949 -0.00872503 0.0100023 0.999913 0.00854872 -0.0584763 0.998249 0.00889799 -0.00427748 0.999954 -0.00856766 -0.00589574 0.999943 -0.00889181 0.0169173 0.99982 0.00862347 -0.0529233 0.998558 0.00905032 0.000883055 0.999961 -0.00880402 -0.00451643 0.99995 -0.00888945 0.0116613 0.999894 0.00868713 -0.0582795 0.998259 0.00905892 -0.00376954 0.999955 -0.00873497 -1.16415e-10 0.0500541 0.998747 -2.32831e-10 0.122813 0.99243 0.0439109 0.998997 0.00880614 -0.0416492 0.999094 -0.00872208 0.0461586 0.998895 -0.00880386 -0.0433673 0.999021 0.00871279 -0.000277768 0.0357189 0.999362 -0.000277235 0.0462874 0.998928 -0.00907484 0.999954 0.00324757 0.00545387 0.996538 -0.0829534 0.00691066 0.999255 -0.0379844 -0.0126842 0.999551 -0.0271347 -0.000215633 0.00924034 -0.999957 -0.000215803 0.158046 -0.987432 -0.000223255 0.0357156 -0.999362 -0.000221583 0.0463171 -0.998927 -0.00878042 0.999932 -0.00766419 0.00590247 0.996997 0.0772088 0.00922434 0.999396 0.0335072 -0.0118799 0.999654 0.0234502 -0.000279853 0.00924162 0.999957 -0.000270843 0.155422 0.987848 0.0175084 0.0356053 0.999213 0.0224766 0.0460889 0.998684 -0.00852116 0.999814 0.0172933 0.00576549 0.99706 -0.0764142 0.00721972 0.99944 -0.0326602 -0.0121443 0.999581 -0.0262918 -0.000263923 0.00924002 -0.999957 -0.000258992 0.158045 -0.987432 -0.000267507 0.035712 -0.999362 -0.000266419 0.0463177 -0.998927 -0.00865828 0.999959 -0.00274321 0.00550721 0.99649 0.0835259 0.00879104 0.999221 0.0384747 -0.0123201 0.999555 0.0271657 -0.00024827 0.00924182 0.999957 -0.000246043 0.155426 0.987848 -0.00025124 0.0357264 0.999362 -0.000249491 0.0445798 0.999006 -0.00867656 0.999936 0.00727609 0.00579774 0.997 -0.0771907 0.00723855 0.999409 -0.033596 -0.0152665 0.999603 -0.0236628 -0.000291964 0.00923897 -0.999957 -0.000281998 0.158046 -0.987432 -0.000295234 0.0357167 -0.999362 -0.000293808 0.0463158 -0.998927 -0.00873152 0.99996 -0.00179554 0.00553376 0.996406 0.0845305 0.0069863 0.999202 0.0393164 -0.0124914 0.999528 0.0280677 -0.000244158 0.00923838 0.999957 -0.0002421 0.158097 0.987424 -0.000215556 0.0357232 0.999362 -0.00021577 0.0445794 0.999006 -0.00876438 0.999929 0.00805865 0.00590961 0.997038 -0.0766813 0.00923029 0.999411 -0.0330656 -0.0153214 0.999612 -0.0232401 -0.000283861 0.00923989 -0.999957 -0.000274026 0.155426 -0.987847 -0.000286909 0.0357149 -0.999362 -0.000285549 0.0445816 -0.999006 -0.00882147 0.999958 -0.00256205 0.00564704 0.996447 0.0840336 0.00710063 0.999223 0.0387767 -0.0160722 0.999487 0.0277186 -0.000214573 0.00924031 0.999957 -0.000216653 0.158092 0.987424 4.80393e-05 0.0177683 0.999842 5.25769e-05 0.0672924 0.997733 -0.00912233 0.999943 -0.00558597 0.00901128 0.999938 0.00661708 0.00911635 0.999739 -0.0209362 -0.00617512 0.99887 0.0471195 8.33028e-05 0.0177683 -0.999842 8.58443e-05 0.0672923 -0.997733 -0.00912775 0.999939 0.00619344 0.00904017 0.999934 -0.00711214 0.00913627 0.999767 0.0195576 -0.00618666 0.998882 -0.0468718 4.2511e-05 0.0177682 0.999842 4.46668e-05 0.0672987 0.997733 -0.00895197 0.999942 -0.00594015 0.00892686 0.999737 -0.0211064 -0.00605609 0.998915 0.0461715 5.48902e-05 0.0177683 -0.999842 5.82875e-05 0.0672924 -0.997733 -0.00891468 0.999952 0.0039473 0.0086562 0.999955 -0.0039318 0.00888236 0.999686 0.0234414 -0.00595401 0.998848 -0.047616 6.62313e-05 0.0177683 0.999842 6.94942e-05 0.0672987 0.997733 -0.00901859 0.999941 -0.00612303 0.00889517 0.999939 0.00649625 0.00901456 0.99976 -0.0199848 -0.00608172 0.998888 0.0467518 5.15596e-05 0.0177666 -0.999842 5.62027e-05 0.0672892 -0.997734 -0.0089781 0.999952 0.00384587 0.00877495 0.99995 -0.00474927 0.00896997 0.999708 0.0224388 -0.00597501 0.998815 -0.0482924 8.35517e-05 0.0177683 0.999842 8.56848e-05 0.0672923 0.997733 -0.00912949 0.999935 -0.00687374 0.00907765 0.999928 0.00779698 0.00913566 0.999778 -0.0189826 -0.00620473 0.998901 0.046452 4.96312e-05 0.0177649 -0.999842 5.43123e-05 0.0672861 -0.997734 -0.0090952 0.999947 0.00485581 0.00892689 0.999945 -0.00559099 0.00909209 0.999728 0.0214627 -0.00611469 0.998839 -0.0477765 0.0042278 0.999683 -0.02482 0.0161038 0.999609 -0.0228491 0.132803 1.36749e-09 -0.991142 0.177237 8.51264e-08 -0.984168 0.0101071 0.998381 -0.0559792 -0.215808 0.0469804 -0.975305 0.0519818 0.925364 -0.375499 0.51029 0.0309113 -0.859447 0.858977 0.000197768 -0.512015 0.00510087 0.126672 -0.991932 0.00364516 0.0547271 -0.998495 0.0033334 0.127025 0.991894 0.00550116 0.0548967 0.998477 -0.00698354 0.940158 0.340668 0.005989 0.127118 0.99187 0.00430249 0.0548341 0.998486 0.0451964 0.941574 0.333759 -0.00501269 0.954571 -0.297942 0.923907 0.00796358 0.382534 0.0137307 0.126664 -0.991851 -0.00919806 0.0547262 -0.998459 -0.92602 0.0265072 0.376542 0.249358 0.155192 -0.955895 -0.224242 0.046916 0.973403 0.00530353 0.126674 -0.99193 0.00197419 0.054727 -0.998499 0.00178445 0.127028 0.991897 0.00538483 0.0548988 0.998477 0.224683 0.155872 -0.961884 0.125718 0.154942 -0.979892 0.00820614 0.126671 -0.991911 0.00814008 0.0548975 0.998459 -0.11445 0.0450435 0.992407 -0.926063 0.0264855 -0.376439 0.251003 0.155119 -0.955477 -0.118145 0.0450461 0.991974 0.04444 0.938549 0.342273 -0.00521575 0.944536 -0.328366 0.0410557 0.946831 -0.3191 -0.00773964 0.934066 0.357017 0.233718 0.155744 0.95975 -0.00226682 0.12703 0.991896 -0.00178748 0.0547281 -0.9985 -0.13892 0.0450912 -0.989276 0.114602 0.155102 0.981229 -0.155045 0.0469146 -0.986793 0.509543 0.0309442 -0.859889 0.858738 0.000225745 -0.512416 0.0865264 0.155364 0.98406 -0.3786 0.0355307 0.924878 -0.180189 0.0469494 -0.982511 -0.381108 0.0355629 -0.923846 0.356746 0.0110596 0.934136 0.924031 0.00789403 -0.382237 0.510972 0.0308974 -0.859042 0.859391 0.000197323 -0.511318 -0.925835 0.0265809 0.376993 -0.92567 0.0266059 -0.377395 -0.926209 0.0264552 0.376081 0.51562 0.0308219 0.856263 0.86863 0.000242423 0.495462 -0.503501 0.00217876 -0.863992 -0.852706 0.00106351 -0.52239 -0.497404 0.00220729 0.867516 -0.843552 0.0010387 0.537046 -0.378607 0.0355306 0.924875 -0.49751 0.00220714 0.867455 -0.843489 0.00103862 0.537146 -0.00624736 0.938434 0.345401 0.0913952 0.711856 -0.696353 0.0444681 0.651629 -0.757233 -0.0950597 0.691525 0.716071 -0.119729 0.770917 0.625581 -0.0428983 0.617404 0.785476 0.119996 0.876764 -0.46571 0.11295 0.770127 -0.627812 0.0258157 0.995629 -0.0897604 0.0740868 0.967828 -0.240458 0.120929 0.796887 0.591901 0.0941394 0.710603 0.697267 0.122276 0.879196 0.460502 0.0985239 0.944834 0.31238 0.0317924 0.993951 0.105122 -0.107696 0.677881 -0.727241 -0.135264 0.77789 -0.61367 -0.141479 0.861231 -0.488124 -0.109555 0.943412 -0.313005 -0.127388 0.857789 0.497967 -0.110456 0.930735 0.348615 -0.0251752 0.998503 0.0485634 -0.0166601 0.99946 0.028309 -0.0109257 0.607969 0.793886 0.013523 0.609906 -0.792358 -0.00685195 0.606292 0.795213 0.00794979 0.606386 -0.795131 -0.00300904 0.59955 0.800332 0.000160676 0.612633 -0.790368 0.0035914 0.612618 0.790371 -0.00898418 0.599531 -0.800301 0.00913229 0.606319 0.795169 -0.0140787 0.606274 -0.795131 0.0151769 0.609789 0.792418 -0.0200084 0.608053 -0.793644 0.0438394 0.646366 0.761767 -0.0510254 0.617555 -0.784871 -0.0522694 0.989971 -0.131249 0.0159178 0.998479 0.0527856 0.0081731 0.999479 0.0312312 -0.0554644 0.988563 0.140236 -0.0229883 0.998397 -0.0517164 0.000319908 0.999942 0.0107593 -0.00877722 0.999935 0.00732147 -0.00734275 0.999929 -0.00942254 -0.00114665 0.999916 -0.0129059 -0.0152912 0.999424 -0.0302992 0.00672286 0.999421 -0.033346 0.0146535 0.998405 -0.0545251 0.0682074 0.875364 0.47863 -0.00555097 0.951393 -0.307931 0.924203 0.00788672 0.381821 0.359311 0.0109995 -0.933153 0.0458359 0.935749 0.349676 -0.0091665 0.922532 -0.385812 0.0441583 0.945267 -0.323297 0.163958 0.157187 0.973864 0.923472 0.00796321 0.383583 0.0447843 0.943488 -0.328366 -0.00758527 0.926953 0.375101 -0.925507 0.0266037 -0.377795 -0.503369 0.00219624 -0.864069 -0.85283 0.00109286 -0.522187 0.359489 0.0110006 -0.933084 -0.503259 0.00219447 -0.864133 -0.852601 0.00109049 -0.522561 -0.378148 0.035524 0.925063 0.516164 0.0308227 0.855935 0.868877 0.000259841 0.495028 -0.182875 0.0469957 0.982012 0.924128 0.00794807 -0.382 0.356575 0.0110501 0.934201 -0.497254 0.00219694 0.867602 -0.843629 0.00102153 0.536926 -0.381567 0.03556 -0.923657 0.35659 0.0110539 0.934196 -0.381579 0.0355434 -0.923653 0.514854 0.0308433 0.856723 0.868246 0.000242325 0.496134 -0.926046 0.026503 0.37648 0.923683 0.00795446 0.383076 -0.925428 0.0266453 -0.377985 0.924341 0.007879 -0.381486 0.359228 0.0110115 -0.933185 -0.380585 0.0355268 0.924063 -0.503544 0.00222353 0.863966 0.516369 0.0308146 -0.855811 0.356989 0.0110153 -0.934044 -0.378484 0.0355613 -0.924925 -0.497172 0.00217267 -0.867649 0.510774 0.0309051 0.85916 0.359411 0.0110452 0.933114 -0.999726 0.00713611 -0.0222908 -0.999735 0.0057739 -0.0222624 0.999426 0.00697702 -0.0331614 0.999342 0.0141312 -0.0334006 -0.999793 0.00659872 0.0192496 -0.999797 0.00593583 0.0192372 0.999546 0.00699989 0.0293045 0.999508 0.0108263 0.0294238 0.00915663 0.00975539 0.99991 0.153005 0.152976 0.976313 0.999567 0.00690571 -0.0285879 0.999497 0.0133141 -0.0287762 -0.999729 0.00670543 0.0222929 -0.999735 0.00585485 0.0222772 0.999412 0.00708789 0.0335582 0.999365 0.0115506 0.033718 -0.999795 0.00577168 -0.0193865 -0.999795 0.00582566 -0.0193876 0.999545 0.00688093 -0.0293732 0.999475 0.0132408 -0.0295658 -0.999709 0.00709486 0.02304 -0.999718 0.00586069 0.0230156 0.999386 0.00709321 0.0343026 0.999299 0.0144124 0.0345623 -0.999802 0.00576713 -0.0190415 -0.999802 0.00581813 -0.0190425 0.999558 0.00687613 -0.0289079 0.999522 0.0106527 -0.0290239 -0.999726 0.00579231 0.0226994 -0.999725 0.00587386 0.0227029 0.999402 0.00710957 0.033854 0.999333 0.0131612 0.034068 0.859346 0.000197218 0.511394 -0.853038 0.00109271 0.521847 0.869092 0.00025398 -0.49465 -0.843432 0.00102712 -0.537235 </float_array>
          <technique_common>
            <accessor count="1376" offset="0" source="#meshId0-bitangents-array" stride="3">
              <param name="X" type="float" />
              <param name="Y" type="float" />
              <param name="Z" type="float" />
            </accessor>
          </technique_common>
        </source>
        <source id="meshId0-tex0" name="meshId0-tex0">
          <float_array id="meshId0-tex0-array" count="2752"> 0.98848 0.566197 0.988491 0.566186 0.990224 0.590884 0.992309 0.650122 0.994368 0.709891 0.993084 0.769518 0.991808 0.828094 0.994368 0.709891 0.991808 0.828094 0.99184 0.84863 0.994368 0.709891 0.99184 0.84863 0.990655 0.82803 0.987838 0.769472 0.986284 0.71002 0.986815 0.650244 0.994368 0.709891 0.987629 0.605651 0.50285 0.568013 0.504307 0.60763 0.505611 0.652384 0.506966 0.712494 0.506293 0.772313 0.504358 0.831105 0.503489 0.851773 0.50318 0.831179 0.50113 0.772397 0.499059 0.712439 0.500258 0.652307 0.50148 0.592843 0.502834 0.568017 0.564753 0.498644 0.607978 0.495882 0.675787 0.49394 0.746284 0.49394 0.81632 0.495713 0.88328 0.49895 0.926091 0.50069 0.883081 0.502779 0.816006 0.50516 0.746019 0.506097 0.675607 0.504429 0.607899 0.501838 0.564743 0.498656 0.610911 0.919813 0.67852 0.918128 0.748506 0.91682 0.818431 0.916787 0.886006 0.917874 0.929508 0.920216 0.886237 0.922413 0.818671 0.924604 0.748663 0.925655 0.678602 0.926332 0.610889 0.925638 0.567179 0.923038 0.554909 0.997921 0.555051 0.980117 0.567476 0.980117 0.570294 0.980118 0.58259 0.980118 0.587143 0.980118 0.587143 0.997921 0.52005 0.0199146 0.520207 0.0245953 0.488999 0.0475855 0.469803 0.0407481 0.483538 0.0198593 0.526702 0.443536 0.530912 0.442463 0.531484 0.442911 0.531462 0.445402 0.530885 0.445719 0.647869 0.410735 0.654106 0.410885 0.654103 0.414654 0.64782 0.414567 0.647249 0.413978 0.647295 0.411303 0.526965 0.410285 0.531161 0.410243 0.531733 0.410813 0.531741 0.413491 0.531165 0.414059 0.526945 0.413934 0.653957 0.398134 0.647917 0.398447 0.647389 0.397917 0.647895 0.327093 0.654514 0.327154 0.531221 0.39809 0.526999 0.397737 0.527004 0.327134 0.53174 0.327109 0.531752 0.39758 0.653126 0.473253 0.646642 0.472546 0.646765 0.459014 0.647336 0.458482 0.653832 0.458693 0.526472 0.457948 0.530656 0.457973 0.53122 0.458535 0.530971 0.471901 0.526273 0.472041 0.647768 0.426696 0.6541 0.426843 0.654096 0.430673 0.647753 0.430586 0.647175 0.430002 0.6472 0.427269 0.526874 0.428323 0.531092 0.426381 0.531663 0.426725 0.531641 0.42946 0.531068 0.429854 0.654023 0.446786 0.647622 0.446532 0.647053 0.445936 0.647092 0.443448 0.64767 0.44289 0.654063 0.443109 0.755073 0.370112 0.912398 0.370121 0.912596 0.370318 0.912598 0.380885 0.754879 0.380877 0.754876 0.37031 0.912415 0.33666 0.755092 0.336645 0.754894 0.336448 0.754892 0.325881 0.912609 0.325896 0.912612 0.336463 0.748733 0.278589 0.906055 0.278597 0.906253 0.278794 0.906255 0.289361 0.748539 0.289354 0.748536 0.278787 0.906071 0.244695 0.748745 0.244686 0.748547 0.244488 0.748545 0.233922 0.906265 0.233931 0.906268 0.244498 0.748402 0.120606 0.905725 0.120618 0.905922 0.120815 0.905925 0.131382 0.748208 0.13137 0.748205 0.120803 0.905743 0.0868771 0.748417 0.086868 0.74822 0.086671 0.748217 0.076104 0.905938 0.0761126 0.905941 0.0866798 0.747855 0.194604 0.905178 0.194619 0.905375 0.194816 0.905378 0.205383 0.747661 0.205368 0.747658 0.194801 0.905197 0.161122 0.747871 0.161113 0.747674 0.160916 0.747671 0.150349 0.905391 0.150357 0.905394 0.160924 0.883674 0.512777 0.926102 0.500698 0.926781 0.511825 0.884788 0.526519 0.927738 0.526331 0.885381 0.544185 0.928064 0.544338 0.885279 0.56407 0.927659 0.564276 0.887952 0.855612 0.887472 0.834268 0.929949 0.833264 0.930827 0.854694 0.888474 0.875805 0.931798 0.875177 0.887968 0.893831 0.931607 0.893732 0.886677 0.907744 0.930302 0.908586 0.935233 0.512792 0.942502 0.527576 0.946966 0.545348 0.94833 0.564937 0.950689 0.831863 0.951472 0.852846 0.950639 0.872861 0.946346 0.891344 0.938814 0.906972 0.942644 0.512976 0.954778 0.527913 0.962128 0.545802 0.96517 0.565585 0.967786 0.830193 0.968304 0.850925 0.965732 0.870981 0.958657 0.889831 0.946438 0.906266 0.948119 0.511988 0.963728 0.526715 0.973173 0.545205 0.977843 0.566154 0.980492 0.828641 0.981 0.849313 0.976875 0.87032 0.967894 0.890066 0.952151 0.906995 0.951127 0.50965 0.969723 0.52352 0.981706 0.542808 0.99183 0.848622 0.985896 0.871844 0.974498 0.892737 0.955454 0.909286 0.52214 0.895768 0.528474 0.892855 0.544595 0.909571 0.541355 0.911815 0.514546 0.831552 0.514496 0.852248 0.547988 0.511668 0.54252 0.510636 0.510181 0.875173 0.519009 0.873233 0.566229 0.911096 0.567178 0.923023 0.557735 0.909606 0.549964 0.893666 0.564768 0.895836 0.545285 0.875186 0.564194 0.877205 0.544006 0.855377 0.564666 0.856921 0.539486 0.50819 0.544329 0.83449 0.565057 0.835639 0.543537 0.545438 0.562153 0.54416 0.562849 0.564713 0.54237 0.565577 0.547928 0.526896 0.562469 0.525385 0.555402 0.511374 0.563761 0.51022 0.550234 0.908924 0.537618 0.892369 0.526948 0.526735 0.520682 0.52373 0.53014 0.873566 0.527196 0.85366 0.527258 0.832979 0.528721 0.546324 0.525816 0.566583 0.535881 0.527574 0.517808 0.54628 0.509031 0.54436 0.513372 0.567625 0.88474 0.773553 0.925424 0.772618 0.547923 0.774255 0.568478 0.774809 0.945975 0.771737 0.963954 0.770719 0.977781 0.769819 0.5163 0.772601 0.530024 0.773424 0.883111 0.711705 0.923171 0.711125 0.549187 0.712649 0.569719 0.712702 0.943697 0.710775 0.962019 0.710433 0.976265 0.710175 0.516912 0.71251 0.530995 0.712572 0.883552 0.649758 0.923969 0.649715 0.547457 0.651094 0.567986 0.650762 0.944537 0.649845 0.962635 0.650076 0.976668 0.650323 0.515691 0.652209 0.529534 0.651633 0.926879 0.603862 0.885213 0.60363 0.56416 0.60456 0.543155 0.605091 0.948047 0.604161 0.964995 0.604843 0.977703 0.605563 0.514126 0.607222 0.526532 0.6061 0.816278 0.51486 0.816925 0.528414 0.817492 0.545877 0.8178 0.565533 0.818201 0.712267 0.81811 0.65065 0.819778 0.854835 0.819858 0.833846 0.819761 0.874728 0.819347 0.892657 0.818707 0.906653 0.818983 0.773735 0.818305 0.604561 0.745969 0.515693 0.74594 0.529257 0.745957 0.546769 0.746014 0.566434 0.746867 0.712776 0.746497 0.651347 0.747935 0.854694 0.747768 0.833812 0.748115 0.874525 0.748287 0.892493 0.74842 0.906616 0.747272 0.773989 0.746184 0.605287 0.675236 0.5143 0.674533 0.528218 0.674023 0.546093 0.673885 0.56603 0.675438 0.712983 0.674728 0.651352 0.676077 0.855533 0.675627 0.834543 0.67647 0.87547 0.677224 0.89353 0.678103 0.907772 0.675499 0.77446 0.673759 0.605192 0.607156 0.511957 0.605907 0.52616 0.605342 0.544375 0.605699 0.564623 0.610249 0.712908 0.608935 0.650739 0.60782 0.835938 0.607788 0.857196 0.607653 0.877339 0.608482 0.895424 0.610032 0.909531 0.609551 0.77512 0.606206 0.604358 0.657211 0.430904 0.657168 0.443284 0.657131 0.446955 0.55086 0.997921 0.551368 0.980117 0.521557 0.46931 0.490483 0.446176 0.497468 0.442133 0.521698 0.457708 0.521913 0.4433 0.522046 0.432311 0.484869 0.473846 0.471248 0.452908 0.755072 0.364385 0.755093 0.342372 0.912416 0.342388 0.912397 0.364394 0.529699 0.023971 0.524977 0.0244777 0.524961 0.0199105 0.529685 0.019905 0.496862 0.0515535 0.520227 0.0290961 0.520261 0.0361056 0.503231 0.0567281 0.507621 0.0647472 0.52042 0.056651 0.520599 0.0755076 0.511013 0.0800925 0.529757 0.0349665 0.525037 0.0358934 0.524998 0.0289611 0.529719 0.0283736 0.508573 0.996962 0.502742 0.996078 0.503631 0.97829 0.509424 0.979165 0.545308 0.0344139 0.545268 0.0279974 0.629135 0.025714 0.629201 0.0311832 0.514532 0.997601 0.515351 0.979799 0.00195313 0.980135 0.00778482 0.979252 0.00863534 0.997048 0.00284213 0.997923 0.52042 0.997921 0.521216 0.980115 0.0137437 0.978612 0.0145627 0.996414 0.599741 0.997921 0.599741 0.980121 0.0196319 0.978293 0.0204274 0.996098 0.0248233 0.117624 0.0113124 0.117635 0.0111492 0.0651163 0.0247948 0.0652046 0.0637642 0.978293 0.0637642 0.996094 0.986256 0.997601 0.980368 0.997921 0.979573 0.980115 0.985437 0.979799 0.116539 0.978293 0.116539 0.996092 0.992215 0.996962 0.991365 0.979165 0.658931 0.0614846 0.662161 0.0613242 0.662449 0.0782584 0.659221 0.0783033 0.998047 0.996078 0.997158 0.97829 0.479579 0.978293 0.485468 0.978612 0.484649 0.996414 0.478784 0.996098 0.545583 0.0631015 0.630041 0.0624586 0.491427 0.979252 0.490576 0.997048 0.497258 0.980135 0.496369 0.997923 0.6467 0.482269 0.640036 0.483164 0.6346 0.472131 0.65125 0.478744 0.547072 0.221521 0.546696 0.168748 0.631355 0.168115 0.63171 0.221063 0.0255938 0.481356 0.0189555 0.480339 0.0322646 0.470497 0.0372818 0.472642 0.0145403 0.476634 0.0283585 0.466553 0.00531873 0.117645 0.00208461 0.117651 0.00195313 0.065002 0.00517759 0.0650438 0.012864 0.471096 0.0262478 0.461514 0.649729 0.0149435 0.651538 0.0204381 0.644928 0.030216 0.640725 0.0230789 0.0125507 0.432279 0.025946 0.432121 0.645245 0.0113659 0.636621 0.0182437 0.0124859 0.379758 0.0256545 0.379688 0.545249 0.0236443 0.525263 0.063151 0.529998 0.0631422 0.530174 0.0802852 0.525436 0.0804077 0.545226 0.00519979 0.545235 0.00228155 0.646454 0.00195313 0.644751 0.00484598 0.011493 0.0240351 0.0131426 0.018539 0.0270385 0.0285243 0.0249511 0.033566 0.0175806 0.014847 0.0242336 0.0137622 0.0359522 0.0224057 0.030937 0.0245726 0.643295 0.485831 0.649458 0.484574 0.651599 0.486677 0.646117 0.488811 0.547026 0.445509 0.547042 0.443017 0.631244 0.443259 0.631226 0.445753 0.653885 0.480855 0.656081 0.482605 0.0160818 0.482554 0.022231 0.483953 0.019278 0.486869 0.01377 0.484492 0.656014 0.475447 0.658686 0.4772 0.0117946 0.478594 0.00946869 0.480156 0.656927 0.458959 0.659812 0.45931 0.00988249 0.473128 0.00710458 0.474679 0.00805541 0.0650809 0.00569716 0.0204202 0.00849727 0.0219928 0.645974 0.0619988 0.652961 0.0617498 0.653249 0.0784398 0.646294 0.0786992 0.654467 0.018315 0.652419 0.0129066 0.654699 0.0112793 0.657208 0.0166819 0.00920303 0.379773 0.00936059 0.432328 0.00641924 0.432374 0.00627692 0.379786 0.648046 0.00907052 0.650297 0.0070684 0.656052 0.0616176 0.656345 0.0783591 0.641905 0.00784516 0.01041 0.0165474 0.0081324 0.0149029 0.54639 0.488898 0.546392 0.491821 0.530783 0.491658 0.530806 0.488738 0.0147196 0.0126553 0.012482 0.0106463 0.0208629 0.011194 0.0179085 0.00831783 0.653768 0.489174 0.647782 0.491683 0.748731 0.272862 0.748746 0.250412 0.906072 0.250423 0.906054 0.27287 0.65872 0.484656 0.0174722 0.489706 0.0113358 0.486772 0.661756 0.478664 0.00663541 0.481919 0.663454 0.39827 0.663401 0.411034 0.660152 0.410987 0.66017 0.398223 0.00396419 0.475875 0.659663 0.114719 0.656784 0.11477 0.0031725 0.43243 0.657478 0.00943387 0.660305 0.0153906 0.00299351 0.379799 0.652663 0.00472069 0.00253891 0.0191643 0.00539849 0.0129789 0.546181 0.115942 0.545775 0.0801564 0.630348 0.0791614 0.630856 0.115218 0.0102015 0.00824773 0.0161094 0.00552464 0.657243 0.398181 0.657262 0.410941 0.638639 0.010525 0.748401 0.114878 0.748419 0.092595 0.905745 0.0926046 0.905724 0.114891 0.121635 0.954852 0.121635 0.937188 0.12637 0.937188 0.12637 0.954852 0.512688 0.95774 0.512688 0.975405 0.50724 0.975405 0.50693 0.95774 0.530853 0.483034 0.526145 0.482987 0.524942 0.0109528 0.519763 0.0109571 0.526118 0.485673 0.526089 0.488691 0.520507 0.488641 0.52063 0.485626 0.529667 0.0052464 0.529665 0.00826263 0.524939 0.00826859 0.524938 0.005252 0.526061 0.491611 0.52494 0.00233245 0.519567 0.00525725 0.51949 0.00233793 0.53083 0.48572 0.519668 0.00827336 0.132051 0.937188 0.132019 0.954852 0.517424 0.95774 0.517424 0.975405 0.520773 0.482943 0.529667 0.0109468 0.520434 0.49156 0.529672 0.0023272 0.0598382 0.441669 0.0661167 0.445416 0.0546652 0.436695 0.0504382 0.429775 0.484732 0.48848 0.484761 0.485467 0.045258 0.415394 0.546477 0.472105 0.546622 0.458795 0.630865 0.458796 0.0649697 0.0494002 0.0587036 0.0531937 0.0535393 0.058194 0.0493243 0.0651252 0.522151 0.418625 0.646769 0.114948 0.507628 0.428866 0.503115 0.436685 0.517951 0.31975 0.522213 0.320237 0.522229 0.370005 0.515844 0.367912 0.433188 0.996097 0.433188 0.978293 0.167841 0.937188 0.167841 0.954852 0.471218 0.95774 0.471218 0.975405 0.418443 0.975405 0.418443 0.95774 0.483509 0.0109131 0.430753 0.0196899 0.430713 0.0107522 0.431985 0.488421 0.432009 0.485408 0.483479 0.00229883 0.483489 0.00521743 0.430687 0.00505888 0.430672 0.00214064 0.483499 0.00823176 0.430701 0.00807214 0.220616 0.937188 0.220616 0.954852 0.484786 0.482786 0.43203 0.482728 0.4321 0.473792 0.484704 0.491399 0.431961 0.491339 0.422458 0.455732 0.421048 0.0377252 0.365668 0.975405 0.365668 0.95774 0.377969 0.0195485 0.377917 0.0106106 0.379218 0.488422 0.37924 0.485409 0.377881 0.00491726 0.377863 0.00199902 0.3779 0.00793064 0.273391 0.937188 0.273391 0.954852 0.37926 0.48273 0.379324 0.473794 0.379196 0.491341 0.373569 0.456984 0.372182 0.036353 0.312893 0.975405 0.312893 0.95774 0.325187 0.019498 0.32509 0.0105634 0.326443 0.488444 0.326465 0.485431 0.325026 0.00487113 0.324992 0.00195313 0.32506 0.00788391 0.326166 0.937188 0.326166 0.954852 0.326485 0.482751 0.326551 0.473815 0.326421 0.491362 0.324652 0.457964 0.32334 0.0353545 0.219525 0.975405 0.219525 0.95774 0.231802 0.020053 0.231667 0.0111188 0.233058 0.488451 0.233084 0.485438 0.23158 0.00542665 0.231535 0.00250888 0.231626 0.00843942 0.419534 0.937188 0.419534 0.954852 0.233107 0.482759 0.233183 0.473824 0.233032 0.491369 0.235139 0.457976 0.233863 0.0358889 0.16675 0.975405 0.16675 0.95774 0.179023 0.0204746 0.17888 0.0115401 0.180254 0.488329 0.180285 0.485316 0.178789 0.00584805 0.178741 0.00293016 0.178837 0.00886071 0.472309 0.937188 0.472309 0.954852 0.180313 0.482637 0.180407 0.473702 0.180223 0.491247 0.186271 0.456912 0.184971 0.0372335 0.113975 0.975405 0.113975 0.95774 0.12624 0.0209571 0.126085 0.012017 0.127444 0.488127 0.127482 0.485113 0.125984 0.00632286 0.125931 0.00340462 0.126038 0.00933647 0.525084 0.937188 0.525084 0.954852 0.127514 0.482433 0.127623 0.473494 0.127408 0.491045 0.137437 0.455479 0.13613 0.0389124 0.0612003 0.975405 0.0612003 0.95774 0.0735005 0.0215887 0.073295 0.0126315 0.0745945 0.487829 0.0746622 0.48481 0.0731334 0.00692248 0.0730403 0.00399971 0.073222 0.00994372 0.577858 0.937188 0.577858 0.954852 0.0747174 0.482121 0.0748721 0.473153 0.074526 0.490747 0.0887247 0.452328 0.0874413 0.042333 0.00423158 0.975405 0.00195313 0.95774 0.637106 0.937188 0.634827 0.954852 0.933977 0.980116 0.933977 0.997921 0.916968 0.997921 0.917292 0.980116 0.00819778 0.11764 0.663382 0.415635 0.660134 0.415679 0.657249 0.415064 0.670103 0.98012 0.670103 0.997921 0.169314 0.978293 0.169314 0.996093 0.0122331 0.327315 0.0254592 0.32727 0.657762 0.327183 0.660678 0.327209 0.00607051 0.327334 0.00898597 0.327325 0.663951 0.327238 0.00279722 0.327345 0.0441924 0.0815712 0.0416417 0.367906 0.0393395 0.32023 0.512537 0.415774 0.0408996 0.12913 0.722877 0.98012 0.722877 0.997921 0.222089 0.978293 0.222089 0.996094 0.647835 0.27402 0.654526 0.274021 0.0119985 0.274908 0.0252911 0.274863 0.657742 0.274021 0.660649 0.274022 0.00587926 0.274928 0.00878516 0.274918 0.663913 0.274023 0.00261594 0.27494 0.526942 0.274377 0.531681 0.274353 0.0381501 0.27244 0.522151 0.272236 0.518914 0.271934 0.775652 0.980119 0.775652 0.997921 0.274864 0.978293 0.274864 0.996095 0.647604 0.220975 0.654363 0.220938 0.0117592 0.222507 0.0251193 0.222462 0.657545 0.22092 0.660442 0.220904 0.00568312 0.222529 0.00857957 0.222518 0.663696 0.220886 0.00242968 0.222542 0.526724 0.221637 0.531462 0.22161 0.0379924 0.224605 0.521944 0.222687 0.518711 0.223729 0.828427 0.980118 0.828427 0.997921 0.327639 0.978293 0.327639 0.996095 0.647252 0.167951 0.654079 0.167878 0.0115257 0.170094 0.0249549 0.170055 0.657228 0.167843 0.660116 0.167812 0.00549226 0.170115 0.00837949 0.170105 0.663359 0.167777 0.00224863 0.170128 0.526345 0.168875 0.531084 0.168846 0.0388778 0.176814 0.52161 0.175098 0.517354 0.176053 0.881202 0.980117 0.881202 0.997921 0.380413 0.978293 0.380413 0.996096 0.653668 0.114826 0.662897 0.114661 0.525831 0.116065 0.530571 0.116037 0.521131 0.1244 0.514766 0.127911 0.54522 0.0082196 0.911738 0.273229 0.911962 0.25014 0.940719 0.250295 0.941437 0.272521 0.660091 0.430922 0.663328 0.430927 0.663272 0.443545 0.660042 0.443426 0.465009 0.515501 0.471421 0.520132 0.45807 0.533817 0.45267 0.530114 0.442052 0.506315 0.432745 0.523137 0.476662 0.525772 0.462421 0.538535 0.392963 0.500914 0.3871 0.518511 0.481103 0.533285 0.465949 0.545009 0.344669 0.498253 0.341029 0.515947 0.486375 0.54823 0.470095 0.558063 0.29642 0.496003 0.294951 0.513798 0.490251 0.596659 0.473316 0.60305 0.207847 0.49421 0.208574 0.512061 0.491835 0.64459 0.474701 0.648267 0.159569 0.494246 0.162419 0.512071 0.492114 0.692325 0.474943 0.693489 0.111108 0.494843 0.116272 0.512529 0.491355 0.740018 0.474217 0.738708 0.0620111 0.497995 0.0703687 0.515147 0.489595 0.787702 0.472541 0.78392 0.0423716 0.504933 0.0530947 0.520954 0.486755 0.835507 0.469814 0.829104 0.0350545 0.509269 0.0467612 0.524427 0.481213 0.88422 0.465216 0.873922 0.0290159 0.514669 0.0416942 0.528959 0.474469 0.901302 0.460337 0.888534 0.0234861 0.522506 0.0373568 0.535688 0.469472 0.908646 0.456347 0.89479 0.0169894 0.536149 0.032516 0.547347 0.463856 0.913999 0.451598 0.899249 0.0101604 0.584991 0.0269606 0.59213 0.457207 0.918269 0.445816 0.902637 0.00649878 0.632967 0.0234689 0.637428 0.433985 0.926171 0.425104 0.909271 0.00396726 0.680827 0.0210668 0.682799 0.384253 0.93074 0.378493 0.913215 0.00244523 0.728719 0.0196242 0.72821 0.335022 0.932797 0.33159 0.915065 0.00195313 0.776677 0.0191447 0.773654 0.285925 0.9343 0.284668 0.916454 0.00271297 0.824844 0.01978 0.819129 0.195413 0.9343 0.196893 0.916511 0.00554697 0.873557 0.022136 0.864494 0.146023 0.930753 0.150272 0.913191 0.00917766 0.889454 0.0247535 0.87857 0.0969538 0.926409 0.103537 0.909023 0.0134243 0.897838 0.0282089 0.885761 0.047178 0.919035 0.0573209 0.902676 0.0197086 0.904303 0.0335499 0.891022 0.0277747 0.909843 0.0404497 0.8954 0.452823 0.535959 0.447491 0.533172 0.425682 0.529678 0.45695 0.540675 0.38197 0.525278 0.460202 0.547832 0.33788 0.522841 0.461388 0.56352 0.293824 0.520786 0.464427 0.607023 0.209463 0.519092 0.465737 0.650613 0.165294 0.519103 0.465959 0.694241 0.121145 0.519524 0.465258 0.737865 0.0771623 0.522018 0.463645 0.781489 0.0581269 0.524306 0.461043 0.825071 0.0519067 0.526952 0.45669 0.868296 0.0470203 0.531467 0.454657 0.885541 0.0429808 0.538855 0.450906 0.892454 0.0408987 0.553325 0.446294 0.896899 0.0356428 0.596529 0.440561 0.899488 0.0323128 0.640221 0.41805 0.902612 0.0300036 0.683995 0.373398 0.90637 0.0286136 0.727806 0.32852 0.908121 0.0281432 0.77165 0.283619 0.909443 0.0287321 0.815495 0.198079 0.90952 0.0309518 0.859282 0.153749 0.906401 0.03219 0.875984 0.109038 0.902447 0.0337844 0.883846 0.0647718 0.8964 0.0389359 0.88911 0.0457801 0.892486 0.547337 0.327028 0.547293 0.274278 0.631934 0.274025 0.631977 0.32697 0.547394 0.397152 0.631554 0.397382 0.547201 0.429476 0.547208 0.426746 0.631369 0.427108 0.631348 0.429835 0.911403 0.115254 0.911639 0.0923263 0.94039 0.0924976 0.941108 0.114563 0.63143 0.413691 0.631458 0.411021 0.545227 0.017383 0.918086 0.364756 0.918303 0.342112 0.947015 0.342208 0.947816 0.363967 0.660101 0.427312 0.657222 0.427085 0.663338 0.428077 0.906279 0.250176 0.906351 0.25044 0.910855 0.189251 0.911094 0.166576 0.939853 0.166753 0.940553 0.188582 0.00423158 0.954852 0.00195313 0.937188 0.106042 0.937188 0.106042 0.954852 0.533017 0.95774 0.533017 0.975405 0.546402 0.483194 0.546395 0.485879 0.627165 0.0161773 0.545217 0.0109074 0.742727 0.0922258 0.742517 0.115163 0.714341 0.115069 0.713504 0.0930469 0.547287 0.410679 0.547291 0.413353 0.743049 0.250048 0.742852 0.273152 0.714671 0.273076 0.713832 0.250886 0.749414 0.34201 0.749176 0.364661 0.720945 0.364481 0.720238 0.342688 0.742182 0.166474 0.741968 0.189156 0.713785 0.189057 0.712967 0.167275 0.637106 0.95774 0.634827 0.975405 0.747854 0.188876 0.747872 0.16684 0.905198 0.166849 0.905176 0.188892 0.942042 0.37031 0.942045 0.380877 0.948095 0.363973 0.947292 0.342181 0.957859 0.341688 0.958646 0.363643 0.942063 0.336456 0.942061 0.325889 0.725967 0.336454 0.725964 0.325887 0.719959 0.342681 0.720668 0.364507 0.710099 0.364942 0.709407 0.342967 0.725948 0.370318 0.725951 0.380885 0.935705 0.278787 0.935707 0.289354 0.941716 0.272529 0.940996 0.25027 0.951569 0.249845 0.952265 0.272252 0.93572 0.24449 0.935717 0.233923 0.71962 0.244496 0.719617 0.233929 0.713553 0.25088 0.714394 0.273103 0.703824 0.273601 0.703006 0.251211 0.719608 0.278794 0.719611 0.289361 0.935374 0.120807 0.935377 0.131374 0.941387 0.11457 0.940667 0.0924721 0.951236 0.0920359 0.95194 0.114282 0.935392 0.0866711 0.935389 0.076104 0.719292 0.0866796 0.719289 0.0761125 0.713225 0.0930412 0.714065 0.115097 0.703498 0.115606 0.702675 0.0933832 0.719277 0.12081 0.71928 0.131377 0.934827 0.19481 0.934829 0.205377 0.940832 0.18859 0.94013 0.166728 0.950699 0.166299 0.951384 0.188307 0.934846 0.160916 0.934843 0.150349 0.718746 0.160924 0.718743 0.150357 0.712688 0.167269 0.713508 0.189084 0.702941 0.189587 0.702138 0.167606 0.71873 0.194807 0.718733 0.205374 0.755072 0.364664 0.912397 0.364673 0.912674 0.364377 0.912695 0.342405 0.918021 0.342108 0.917804 0.364751 0.912416 0.342109 0.755093 0.342093 0.754816 0.342389 0.754793 0.364367 0.749459 0.364667 0.749696 0.342013 0.748731 0.273141 0.906054 0.273149 0.906332 0.272853 0.91168 0.250134 0.911457 0.273226 0.906072 0.250144 0.748746 0.250134 0.748468 0.250428 0.748453 0.272845 0.743134 0.273155 0.743331 0.250053 0.748401 0.115157 0.905724 0.11517 0.906001 0.114874 0.906024 0.0926224 0.911357 0.0923202 0.911122 0.11525 0.905745 0.0923258 0.748419 0.0923162 0.748141 0.0926111 0.748122 0.114861 0.742799 0.115167 0.743009 0.0922312 0.747854 0.189155 0.905176 0.189171 0.905454 0.188875 0.905477 0.166867 0.910812 0.16657 0.910573 0.189248 0.905198 0.16657 0.747872 0.166561 0.747595 0.166856 0.747575 0.188859 0.742251 0.18916 0.742464 0.16648 0.663234 0.447319 0.660008 0.447128 0.537471 0.997921 0.53925 0.980116 0.663012 0.459793 0.531973 0.3983 0.531935 0.398336 0.911488 0.0920475 0.911442 0.0920452 0.63122 0.446499 0.547022 0.446255 0.547048 0.44227 0.631248 0.442513 0.531885 0.410031 0.546634 0.458049 0.63071 0.45805 0.646955 0.442669 0.647022 0.430779 0.747645 0.189124 0.631538 0.398128 0.547404 0.397898 0.905922 0.115137 0.646836 0.446657 0.646907 0.442716 0.63134 0.430582 0.547199 0.430222 0.547212 0.426 0.631374 0.426362 0.647162 0.398632 0.64704 0.414701 0.631421 0.414437 0.631465 0.410275 0.647105 0.410568 0.754894 0.342126 0.646969 0.430726 0.647003 0.426536 0.647046 0.426488 0.647096 0.414756 0.531892 0.414273 0.531811 0.42594 0.531925 0.410084 0.547287 0.409933 0.547293 0.414099 0.531944 0.414219 0.531686 0.442184 0.531642 0.446136 0.911811 0.249861 0.911764 0.249859 0.531433 0.457815 0.941472 0.272797 0.53183 0.430192 0.71293 0.166999 0.713753 0.189333 0.905952 0.0923582 0.910943 0.166297 0.910897 0.166295 0.912598 0.364641 0.747671 0.166593 0.905375 0.189138 0.742664 0.11544 0.74271 0.11545 0.743199 0.249767 0.743251 0.249768 0.911249 0.115535 0.911197 0.115527 0.941143 0.114839 0.911583 0.273511 0.911532 0.273502 0.531642 0.442132 0.487507 0.0490112 0.468754 0.0424497 0.489006 0.444753 0.495962 0.440852 0.470204 0.451203 0.501928 0.0581882 0.495528 0.0529752 0.509331 0.0810493 0.506053 0.0658804 0.0611356 0.44024 0.0674684 0.443927 0.0559833 0.435272 0.0518064 0.42826 0.0468694 0.414109 0.0663323 0.0508783 0.060015 0.05461 0.0548682 0.0596046 0.0507135 0.0666425 0.501455 0.435689 0.505939 0.428052 0.514073 0.367224 0.516133 0.319413 0.421613 0.453923 0.420198 0.0395317 0.373033 0.455137 0.371641 0.0381992 0.324467 0.456096 0.323161 0.0372221 0.235334 0.456108 0.23407 0.0377549 0.186822 0.455065 0.185531 0.0390766 0.138297 0.453674 0.136999 0.0407133 0.0897884 0.450623 0.0885136 0.0440307 0.0458216 0.0828403 0.0433837 0.366808 0.0411417 0.319484 0.510828 0.41499 0.0426509 0.1302 0.0399868 0.272163 0.517074 0.271764 0.0398314 0.224848 0.516877 0.224142 0.0406861 0.177529 0.515541 0.176506 0.513015 0.128826 0.64662 0.458263 0.64689 0.4467 0.754864 0.364631 0.940421 0.0922211 0.647148 0.41052 0.6472 0.39867 0.531782 0.430245 0.531855 0.425996 0.748524 0.27311 0.531594 0.44619 0.531386 0.457772 0.748544 0.250165 0.742332 0.166194 0.742384 0.166195 0.939884 0.166477 0.742876 0.0919449 0.742929 0.0919465 0.940587 0.188858 0.742115 0.189433 0.742161 0.189443 0.646558 0.458287 0.912625 0.34214 0.714309 0.115346 0.910699 0.189533 0.910648 0.189525 0.713467 0.0927713 0.714639 0.273352 0.713795 0.250611 0.742999 0.273428 0.743045 0.273438 0.906253 0.273116 0.748192 0.115126 0.748218 0.0923479 0.905406 0.166603 0.940751 0.250019 0.947852 0.364243 0.917936 0.365036 0.918155 0.341835 0.947047 0.341931 0.720203 0.342412 0.749569 0.341728 0.749327 0.36494 0.720913 0.364758 0.958653 0.363921 0.948102 0.364252 0.947282 0.341902 0.95785 0.34141 0.709401 0.342688 0.719953 0.342402 0.720676 0.364786 0.710107 0.365221 0.935983 0.278787 0.935986 0.289354 0.940989 0.249991 0.951562 0.249567 0.702999 0.250932 0.713546 0.250602 0.714403 0.273382 0.703834 0.27388 0.951946 0.114561 0.941394 0.114849 0.940659 0.0921932 0.951228 0.0917573 0.702668 0.0931044 0.713218 0.0927626 0.714075 0.115376 0.703508 0.115884 0.95139 0.188586 0.940838 0.188868 0.940122 0.166449 0.950691 0.16602 0.70213 0.167328 0.71268 0.166991 0.713518 0.189363 0.702951 0.189865 0.749374 0.364942 0.917884 0.365035 0.91811 0.341825 0.749621 0.341736 </float_array>
          <technique_common>
            <accessor count="1376" offset="0" source="#meshId0-tex0-array" stride="2">
              <param name="S" type="float" />
              <param name="T" type="float" />
            </accessor>
          </technique_common>
        </source>
        <vertices id="meshId0-vertices">
          <input semantic="POSITION" source="#meshId0-positions" />
        </vertices>
        <polylist count="2057" material="defaultMaterial">
          <input offset="0" semantic="VERTEX" source="#meshId0-vertices" />
          <input offset="0" semantic="NORMAL" source="#meshId0-normals" />
          <input offset="0" semantic="TANGENT" source="#meshId0-tangents" />
          <input offset="0" semantic="BINORMAL" source="#meshId0-bitangents" />
          <input offset="0" semantic="TEXCOORD" source="#meshId0-tex0" set="0" />
          <vcount>3 3 3 3 3 3 3 3 3 3 3 3 3 3 3 3 3 3 3 3 3 3 3 3 3 3 3 3 3 3 3 3 3 3 3 3 3 3 3 3 3 3 3 3 3 3 3 3 3 3 3 3 3 3 3 3 3 3 3 3 3 3 3 3 3 3 3 3 3 3 3 3 3 3 3 3 3 3 3 3 3 3 3 3 3 3 3 3 3 3 3 3 3 3 3 3 3 3 3 3 3 3 3 3 3 3 3 3 3 3 3 3 3 3 3 3 3 3 3 3 3 3 3 3 3 3 3 3 3 3 3 3 3 3 3 3 3 3 3 3 3 3 3 3 3 3 3 3 3 3 3 3 3 3 3 3 3 3 3 3 3 3 3 3 3 3 3 3 3 3 3 3 3 3 3 3 3 3 3 3 3 3 3 3 3 3 3 3 3 3 3 3 3 3 3 3 3 3 3 3 3 3 3 3 3 3 3 3 3 3 3 3 3 3 3 3 3 3 3 3 3 3 3 3 3 3 3 3 3 3 3 3 3 3 3 3 3 3 3 3 3 3 3 3 3 3 3 3 3 3 3 3 3 3 3 3 3 3 3 3 3 3 3 3 3 3 3 3 3 3 3 3 3 3 3 3 3 3 3 3 3 3 3 3 3 3 3 3 3 3 3 3 3 3 3 3 3 3 3 3 3 3 3 3 3 3 3 3 3 3 3 3 3 3 3 3 3 3 3 3 3 3 3 3 3 3 3 3 3 3 3 3 3 3 3 3 3 3 3 3 3 3 3 3 3 3 3 3 3 3 3 3 3 3 3 3 3 3 3 3 3 3 3 3 3 3 3 3 3 3 3 3 3 3 3 3 3 3 3 3 3 3 3 3 3 3 3 3 3 3 3 3 3 3 3 3 3 3 3 3 3 3 3 3 3 3 3 3 3 3 3 3 3 3 3 3 3 3 3 3 3 3 3 3 3 3 3 3 3 3 3 3 3 3 3 3 3 3 3 3 3 3 3 3 3 3 3 3 3 3 3 3 3 3 3 3 3 3 3 3 3 3 3 3 3 3 3 3 3 3 3 3 3 3 3 3 3 3 3 3 3 3 3 3 3 3 3 3 3 3 3 3 3 3 3 3 3 3 3 3 3 3 3 3 3 3 3 3 3 3 3 3 3 3 3 3 3 3 3 3 3 3 3 3 3 3 3 3 3 3 3 3 3 3 3 3 3 3 3 3 3 3 3 3 3 3 3 3 3 3 3 3 3 3 3 3 3 3 3 3 3 3 3 3 3 3 3 3 3 3 3 3 3 3 3 3 3 3 3 3 3 3 3 3 3 3 3 3 3 3 3 3 3 3 3 3 3 3 3 3 3 3 3 3 3 3 3 3 3 3 3 3 3 3 3 3 3 3 3 3 3 3 3 3 3 3 3 3 3 3 3 3 3 3 3 3 3 3 3 3 3 3 3 3 3 3 3 3 3 3 3 3 3 3 3 3 3 3 3 3 3 3 3 3 3 3 3 3 3 3 3 3 3 3 3 3 3 3 3 3 3 3 3 3 3 3 3 3 3 3 3 3 3 3 3 3 3 3 3 3 3 3 3 3 3 3 3 3 3 3 3 3 3 3 3 3 3 3 3 3 3 3 3 3 3 3 3 3 3 3 3 3 3 3 3 3 3 3 3 3 3 3 3 3 3 3 3 3 3 3 3 3 3 3 3 3 3 3 3 3 3 3 3 3 3 3 3 3 3 3 3 3 3 3 3 3 3 3 3 3 3 3 3 3 3 3 3 3 3 3 3 3 3 3 3 3 3 3 3 3 3 3 3 3 3 3 3 3 3 3 3 3 3 3 3 3 3 3 3 3 3 3 3 3 3 3 3 3 3 3 3 3 3 3 3 3 3 3 3 3 3 3 3 3 3 3 3 3 3 3 3 3 3 3 3 3 3 3 3 3 3 3 3 3 3 3 3 3 3 3 3 3 3 3 3 3 3 3 3 3 3 3 3 3 3 3 3 3 3 3 3 3 3 3 3 3 3 3 3 3 3 3 3 3 3 3 3 3 3 3 3 3 3 3 3 3 3 3 3 3 3 3 3 3 3 3 3 3 3 3 3 3 3 3 3 3 3 3 3 3 3 3 3 3 3 3 3 3 3 3 3 3 3 3 3 3 3 3 3 3 3 3 3 3 3 3 3 3 3 3 3 3 3 3 3 3 3 3 3 3 3 3 3 3 3 3 3 3 3 3 3 3 3 3 3 3 3 3 3 3 3 3 3 3 3 3 3 3 3 3 3 3 3 3 3 3 3 3 3 3 3 3 3 3 3 3 3 3 3 3 3 3 3 3 3 3 3 3 3 3 3 3 3 3 3 3 3 3 3 3 3 3 3 3 3 3 3 3 3 3 3 3 3 3 3 3 3 3 3 3 3 3 3 3 3 3 3 3 3 3 3 3 3 3 3 3 3 3 3 3 3 3 3 3 3 3 3 3 3 3 3 3 3 3 3 3 3 3 3 3 3 3 3 3 3 3 3 3 3 3 3 3 3 3 3 3 3 3 3 3 3 3 3 3 3 3 3 3 3 3 3 3 3 3 3 3 3 3 3 3 3 3 3 3 3 3 3 3 3 3 3 3 3 3 3 3 3 3 3 3 3 3 3 3 3 3 3 3 3 3 3 3 3 3 3 3 3 3 3 3 3 3 3 3 3 3 3 3 3 3 3 3 3 3 3 3 3 3 3 3 3 3 3 3 3 3 3 3 3 3 3 3 3 3 3 3 3 3 3 3 3 3 3 3 3 3 3 3 3 3 3 3 3 3 3 3 3 3 3 3 3 3 3 3 3 3 3 3 3 3 3 3 3 3 3 3 3 3 3 3 3 3 3 3 3 3 3 3 3 3 3 3 3 3 3 3 3 3 3 3 3 3 3 3 3 3 3 3 3 3 3 3 3 3 3 3 3 3 3 3 3 3 3 3 3 3 3 3 3 3 3 3 3 3 3 3 3 3 3 3 3 3 3 3 3 3 3 3 3 3 3 3 3 3 3 3 3 3 3 3 3 3 3 3 3 3 3 3 3 3 3 3 3 3 3 3 3 3 3 3 3 3 3 3 3 3 3 3 3 3 3 3 3 3 3 3 3 3 3 3 3 3 3 3 3 3 3 3 3 3 3 3 3 3 3 3 3 3 3 3 3 3 3 3 3 3 3 3 3 3 3 3 3 3 3 3 3 3 3 3 3 3 3 3 3 3 3 3 3 3 3 3 3 3 3 3 3 3 3 3 3 3 3 3 3 3 3 3 3 3 3 3 3 3 3 3 3 3 3 3 3 3 3 3 3 3 3 3 3 3 3 3 3 3 3 3 3 3 3 3 3 3 3 3 3 3 3 3 3 3 3 3 3 3 3 3 3 3 3 3 3 3 3 3 3 3 3 3 3 3 3 3 3 3 3 3 3 3 3 3 3 3 3 3 3 3 3 3 3 3 3 3 3 3 3 3 3 3 3 3 3 3 3 3 3 3 3 3 3 3 3 3 3 3 3 3 3 3 3 3 3 3 3 3 3 3 3 3 3 3 3 3 3 3 3 3 3 3 3 3 3 3 3 3 3 3 3 3 3 3 3 3 3 3 3 3 3 3 3 3 3 3 3 3 3 3 3 3 3 3 3 3 3 3 3 3 3 3 3 3 3 3 3 3 3 3 3 3 3 3 3 3 3 3 3 3 3 3 3 3 3 3 3 3 3 3 3 3 3 3 3 3 3 3 3 3 3 3 3 3 3 3 3 3 3 3 3 3 3 3 3 3 3 3 3 3 3 3 3 3 3 3 3 3 3 3 3 3 3 3 3 3 3 3 3 3 3 3 3 3 3 3 3 3 3 3 3 3 3 3 3 3 3 3 3 3 3 3 3 3 3 3 3 3 3 3 3 3 3 3 3 3 3 3 3 3 3 3 3 3 3 3 3 3 3 3 3 3 3 3 3 3 3 3 3 3 3 3 3 3 3 3 3 3 3 3 3 3 3 3 3 3 3 3 3 3 3 3 3 3 3 3 3 3 3 3 3 3 3 3 3 3 3 3 3 3 3 3 3 3 3 3 3 3 3 3 3 3 3 3 3 3 3 3 3 3 3 3 3 3 3 3 3 3 3 3 3 3 3 3 3 3 3 3 3 3 3 3 3 3 3 3 3 3 3 3 3 3 3 3 3 3 3 3 3 3 3 3 3 3 3 3 3 3 3 3 3 3 3 3 3 3 3 3 3 3 3 3 3 3 3 3 3 3 3 3 3 3 3 3 3 3 3 3 3 3 3 3 3 3 3 3 3 3 3 3 3 3 3 3 3 3 3 3 3 3 3 3 3 3 3 3 3 3 3 3 3 3 3 3 3 3 3 3 3 3 3 3 3 3 3 3 3 3 3 3 3 3 3 3 3 3 3 3 3 3 3 3 3 3 3 3 3 3 3 3 3 3 3 3 3 3 3 3 3 3 3 3 3 3 3 3 3 3 3 3 3 3 3 3 3 3 3 3 3 3 3 3 3 3 3 3 3 3 3 3 3 3 3 3 3 3 3 3 3 3 3 3 3 3 3 3 3 3 3 3 3 3 3 3 3 3 3 3 3 3 3 3 3 3 3 3 3 3 3 3 3 </vcount>
          <p>0 1 2 0 2 3 4 5 6 7 8 9 10 11 12 10 12 13 4 13 14 4 14 15 16 15 17 16 17 0 3 16 0 18 19 20 18 20 21 18 21 22 18 22 23 18 23 24 18 24 25 18 25 26 18 26 27 18 27 28 18 28 29 18 29 30 31 32 33 31 33 34 31 34 35 31 35 36 31 36 37 31 37 38 31 38 39 31 39 40 31 40 41 31 41 42 31 42 43 44 45 46 44 46 47 44 47 48 44 48 49 44 49 50 44 50 51 44 51 52 44 52 53 44 53 54 44 54 55 56 57 58 56 58 59 56 59 60 56 60 61 61 62 56 63 64 65 63 65 66 66 67 63 68 69 70 68 70 71 71 72 68 73 74 75 73 75 76 73 76 77 77 78 73 79 80 81 79 81 82 79 82 83 83 84 79 85 86 87 85 87 88 88 89 85 90 91 92 90 92 93 93 94 90 95 96 97 95 97 98 98 99 95 100 101 102 100 102 103 103 104 100 105 106 107 105 107 108 105 108 109 109 110 105 111 112 113 111 113 114 114 115 111 116 117 118 116 118 119 116 119 120 120 121 116 122 123 124 122 124 125 122 125 126 126 127 122 128 129 130 128 130 131 128 131 132 132 133 128 134 135 136 134 136 137 134 137 138 138 139 134 140 141 142 140 142 143 140 143 144 144 145 140 146 147 148 146 148 149 146 149 150 150 151 146 152 153 154 152 154 155 152 155 156 156 157 152 158 159 160 158 160 161 158 161 162 162 163 158 164 165 166 164 166 167 164 167 168 168 169 164 170 38 171 171 172 170 173 170 172 172 174 173 175 173 174 174 176 175 177 175 176 176 178 177 179 180 181 181 182 179 183 179 182 182 184 183 185 183 184 184 186 185 187 185 186 186 188 187 48 187 188 188 49 48 189 172 171 172 189 190 190 174 172 174 190 191 191 176 174 176 191 192 192 178 176 181 193 194 194 182 181 182 194 195 195 184 182 184 195 196 196 186 184 186 196 197 197 188 186 197 49 188 198 189 171 189 198 199 199 190 189 190 199 200 200 191 190 191 200 201 201 192 191 193 202 203 203 194 193 194 203 204 204 195 194 195 204 205 205 196 195 196 205 206 206 197 196 206 49 197 207 198 171 198 207 208 208 199 198 199 208 209 209 200 199 200 209 210 210 201 200 202 211 212 212 203 202 203 212 213 213 204 203 204 213 214 214 205 204 205 214 215 215 206 205 215 49 206 216 207 171 207 216 217 217 208 207 208 217 218 218 209 208 209 218 0 0 210 209 211 12 219 219 212 211 212 219 220 220 213 212 213 220 221 221 214 213 214 221 222 222 215 214 222 49 215 223 224 225 225 226 223 23 227 228 228 24 23 229 230 43 231 232 224 224 223 231 233 234 235 236 237 233 233 235 236 238 239 237 237 236 238 240 241 239 239 238 240 230 242 43 243 244 241 241 240 243 245 246 247 247 248 245 249 250 246 246 245 249 251 252 250 250 249 251 252 251 43 235 234 253 254 236 235 235 253 254 242 230 255 255 256 242 257 238 236 236 254 257 258 240 238 238 257 258 259 243 240 240 258 259 260 245 248 248 261 260 262 249 245 245 260 262 229 251 249 249 262 229 251 229 43 256 255 263 263 264 256 225 234 226 253 234 225 224 254 253 253 225 224 232 257 254 254 224 232 228 258 257 257 232 228 227 259 258 258 228 227 263 260 261 261 265 263 255 262 260 260 263 255 264 263 265 265 18 264 24 228 232 232 231 24 230 229 262 262 255 230 181 180 266 266 267 181 244 243 268 268 269 244 193 181 267 267 270 193 202 193 270 270 271 202 211 202 271 271 272 211 12 211 272 272 13 12 227 23 22 22 273 227 243 259 274 274 268 243 259 227 273 273 274 259 267 266 275 275 276 267 269 268 277 277 278 269 270 267 276 276 279 270 271 270 279 279 280 271 272 271 280 280 281 272 13 272 281 281 14 13 273 22 21 21 282 273 268 274 283 283 277 268 274 273 282 282 283 274 276 275 284 284 285 276 278 277 286 286 287 278 279 276 285 285 288 279 280 279 288 288 289 280 281 280 289 289 290 281 14 281 290 290 15 14 282 21 20 20 291 282 277 283 292 292 286 277 283 282 291 291 292 283 293 294 177 177 178 293 295 296 248 248 247 295 297 293 178 178 192 297 298 297 192 192 201 298 299 298 201 201 210 299 17 299 210 210 0 17 300 19 18 18 265 300 296 301 261 261 248 296 301 300 265 265 261 301 284 294 293 293 285 284 296 295 287 287 286 296 293 297 288 288 285 293 297 298 289 289 288 297 298 299 290 290 289 298 299 17 15 15 290 299 19 300 291 291 20 19 301 296 286 286 292 301 300 301 292 292 291 300 38 170 302 302 39 38 170 173 303 303 302 170 173 175 304 304 303 173 175 177 305 305 304 175 284 275 306 306 307 284 180 179 308 308 309 180 179 183 310 310 308 179 183 185 311 311 310 183 185 187 312 312 311 185 187 48 47 47 312 187 266 180 309 309 313 266 275 266 313 313 306 275 177 294 314 314 305 177 294 284 307 307 314 294 39 302 315 315 40 39 302 303 316 316 315 302 303 304 317 317 316 303 304 305 318 318 317 304 307 306 319 319 320 307 309 308 321 321 322 309 308 310 323 323 321 308 310 311 324 324 323 310 311 312 325 325 324 311 312 47 46 46 325 312 313 309 322 322 326 313 306 313 326 326 319 306 305 314 327 327 318 305 314 307 320 320 327 314 40 315 328 328 41 40 315 316 329 329 328 315 316 317 330 330 329 316 317 318 331 331 330 317 320 319 332 332 333 320 322 321 334 334 335 322 321 323 336 336 334 321 323 324 337 337 336 323 324 325 338 338 337 324 325 46 45 45 338 325 326 322 335 335 339 326 319 326 339 339 332 319 318 327 340 340 331 318 327 320 333 333 340 327 42 341 252 252 43 42 341 342 250 250 252 341 342 343 246 246 250 342 343 344 247 247 246 343 333 332 345 345 346 333 347 348 241 241 244 347 348 349 239 239 241 348 349 350 237 237 239 349 350 351 233 233 237 350 351 44 234 234 233 351 339 335 347 347 352 339 332 339 352 352 345 332 331 340 353 353 344 331 353 346 287 287 295 353 341 42 41 41 328 341 342 341 328 328 329 342 343 342 329 329 330 343 344 343 330 330 331 344 346 345 278 278 287 346 348 347 335 335 334 348 349 348 334 334 336 349 350 349 336 336 337 350 351 350 337 337 338 351 44 351 338 338 45 44 352 347 244 244 269 352 345 352 269 269 278 345 344 353 295 295 247 344 346 353 340 340 333 346 107 354 355 355 121 107 121 355 356 356 116 121 57 56 357 357 358 57 359 360 361 361 362 359 68 363 364 364 111 68 360 359 365 365 366 360 367 368 369 369 370 367 371 372 373 373 374 371 375 376 377 377 378 375 379 380 381 381 382 379 383 384 385 385 386 383 387 388 389 389 390 387 391 392 393 393 394 391 395 387 390 390 396 395 397 398 399 399 400 397 401 395 396 396 402 401 398 403 404 404 399 398 405 62 61 61 406 405 403 407 408 408 404 403 409 410 411 411 412 409 407 413 414 414 408 407 415 416 417 417 418 415 413 419 420 420 414 413 421 415 418 418 422 421 423 424 425 425 426 423 427 421 422 422 428 427 429 430 431 431 432 429 433 391 394 394 434 433 430 435 436 436 431 430 435 437 438 438 436 435 439 440 441 441 96 439 96 442 439 443 444 445 445 446 443 99 98 117 117 116 99 447 448 449 449 450 447 85 74 73 73 86 85 448 451 452 452 449 448 453 454 455 455 456 453 451 457 458 458 452 451 459 460 461 461 462 459 457 463 464 464 458 457 465 459 462 462 466 465 463 467 468 468 464 463 392 469 466 466 393 392 470 471 472 472 473 470 474 475 476 476 477 474 478 479 480 480 481 478 482 483 484 484 485 482 479 482 485 485 480 479 486 487 488 488 489 486 490 491 492 492 493 490 487 494 495 495 488 487 496 497 498 498 499 496 494 500 501 501 495 494 502 496 499 499 503 502 500 504 505 505 501 500 506 502 503 503 507 506 508 456 509 509 510 508 511 512 513 513 514 511 515 516 517 517 518 515 519 520 521 521 522 519 516 523 524 524 517 516 512 525 526 526 513 512 523 527 477 477 524 523 528 510 509 509 529 528 530 531 532 532 533 530 534 528 529 529 535 534 536 534 535 535 537 536 538 539 489 489 488 538 540 541 542 542 543 540 544 538 488 488 495 544 545 546 499 499 498 545 547 544 495 495 501 547 546 548 503 503 499 546 549 550 551 551 552 549 548 553 507 507 503 548 554 555 526 526 426 554 553 556 521 521 507 553 557 558 518 518 517 557 556 559 522 522 521 556 560 557 517 517 524 560 456 455 561 561 509 456 476 560 524 524 477 476 561 562 529 529 509 561 563 564 565 565 566 563 562 567 535 535 529 562 567 568 537 537 535 567 487 486 440 440 439 487 494 487 439 439 442 494 564 433 434 434 565 564 500 494 442 442 95 500 497 496 448 448 447 497 569 570 74 74 85 569 496 502 451 451 448 496 424 423 518 518 558 424 502 506 457 457 451 502 516 515 460 460 459 516 506 520 463 463 457 506 523 516 459 459 465 523 520 519 467 467 463 520 527 523 465 465 571 527 411 508 510 510 478 411 572 573 574 574 575 572 510 528 479 479 478 510 534 536 483 483 482 534 528 534 482 482 479 528 576 577 578 578 579 576 580 581 582 582 583 580 103 584 585 585 104 103 586 373 63 63 587 586 588 589 590 590 591 588 592 593 594 594 595 592 533 532 596 596 589 533 597 595 598 598 599 597 584 600 588 588 585 584 594 586 587 587 601 594 579 578 602 602 603 579 581 580 604 604 605 581 104 585 606 606 359 104 373 586 607 607 374 373 589 588 600 600 533 589 595 594 601 601 598 595 589 596 608 608 590 589 595 597 609 609 592 595 585 588 591 591 606 585 586 594 593 593 607 586 372 64 63 63 373 372 91 90 80 80 79 91 450 449 610 610 611 450 449 452 612 612 610 449 452 458 613 613 612 452 591 590 614 614 615 591 458 464 616 616 613 458 617 618 619 619 441 617 485 484 620 620 621 485 480 485 621 621 622 480 481 480 622 622 623 481 79 84 624 566 565 514 514 625 566 64 372 385 385 376 64 377 384 470 470 380 377 626 364 363 363 627 626 377 380 379 379 378 377 375 65 64 64 376 375 628 629 630 630 631 628 632 633 429 429 432 632 603 602 634 634 635 603 108 107 121 121 120 108 636 637 638 638 639 636 640 67 641 641 642 640 615 614 643 643 644 615 645 646 647 647 648 645 649 640 642 642 650 649 635 634 651 651 652 635 365 653 654 654 655 365 646 649 650 650 647 646 614 656 657 657 643 614 653 615 644 644 654 653 366 365 655 655 658 366 67 66 659 659 641 67 639 638 660 660 661 639 642 641 662 662 663 642 644 643 664 664 665 644 648 647 666 666 667 648 650 642 663 663 668 650 652 651 669 669 670 652 655 654 671 671 672 655 647 650 668 668 666 647 643 657 673 673 664 643 654 644 665 665 671 654 658 655 672 672 674 658 641 659 675 675 662 641 661 660 676 676 677 661 663 662 678 678 679 663 665 664 680 680 681 665 667 666 682 682 683 667 668 663 679 679 684 668 670 669 685 685 686 670 672 671 687 687 688 672 666 668 684 684 682 666 664 673 689 689 680 664 671 665 681 681 687 671 674 672 688 688 690 674 662 675 691 691 678 662 677 676 692 692 693 677 679 678 694 694 695 679 681 680 696 696 697 681 683 682 698 698 699 683 684 679 695 695 700 684 686 685 701 701 702 686 688 687 703 703 704 688 682 684 700 700 698 682 680 689 705 705 696 680 687 681 697 697 703 687 690 688 704 704 706 690 678 691 707 707 694 678 693 692 708 708 709 693 695 694 710 710 711 695 697 696 712 712 713 697 699 698 714 714 715 699 700 695 711 711 716 700 702 701 717 717 718 702 704 703 719 719 720 704 698 700 716 716 714 698 696 705 721 721 712 696 703 697 713 713 719 703 706 704 720 720 722 706 694 707 723 723 710 694 709 708 724 724 725 709 711 710 726 726 727 711 713 712 728 728 729 713 715 714 730 730 731 715 716 711 727 727 732 716 718 717 733 733 734 718 720 719 735 735 736 720 714 716 732 732 730 714 712 721 737 737 728 712 719 713 729 729 735 719 722 720 736 736 738 722 710 723 739 739 726 710 725 724 740 740 741 725 727 726 742 742 743 727 729 728 744 744 745 729 731 730 746 746 747 731 732 727 743 743 748 732 734 733 749 749 750 734 736 735 751 751 752 736 730 732 748 748 746 730 728 737 753 753 744 728 735 729 745 745 751 735 754 752 450 450 611 754 742 755 620 620 484 742 741 740 756 756 757 741 743 742 484 484 483 743 745 744 498 498 497 745 747 746 537 537 568 747 748 743 483 483 536 748 750 749 758 758 759 750 752 751 447 447 450 752 746 748 536 536 537 746 744 753 545 545 498 744 751 745 497 497 447 751 752 754 738 738 736 752 755 742 726 726 739 755 760 761 762 762 763 760 423 525 515 515 518 423 551 570 569 569 552 551 521 520 506 506 507 521 456 508 764 764 453 456 551 550 765 765 766 551 74 570 767 767 75 74 412 411 478 478 481 412 410 764 508 508 411 410 525 512 460 460 515 525 405 406 768 768 769 405 420 419 770 770 771 420 468 467 772 772 773 468 552 569 774 774 775 552 519 522 776 776 777 519 549 552 775 775 778 549 522 559 779 779 776 522 569 85 89 89 774 569 467 519 777 777 772 467 780 412 481 481 623 780 468 781 616 616 464 468 781 468 773 773 782 781 380 470 473 473 381 380 471 470 384 384 383 471 630 91 79 79 624 630 631 630 624 624 783 631 92 91 630 630 629 92 784 409 412 412 780 784 769 768 785 785 786 769 771 770 787 787 788 771 89 88 789 789 790 89 773 772 791 791 792 773 775 774 793 793 794 775 777 776 795 795 796 777 778 775 794 794 797 778 776 779 798 798 795 776 774 89 790 790 793 774 772 777 796 796 791 772 93 92 799 799 800 93 782 773 792 792 801 782 92 629 802 802 799 92 629 628 803 803 802 629 786 785 804 804 805 786 788 787 806 806 807 788 790 789 808 808 809 790 792 791 810 810 811 792 794 793 812 812 813 794 796 795 814 814 815 796 797 794 813 813 816 797 795 798 817 817 814 795 793 790 809 809 812 793 791 796 815 815 810 791 800 799 818 818 819 800 801 792 811 811 820 801 799 802 821 821 818 799 802 803 822 822 821 802 805 804 823 823 824 805 807 806 825 825 826 807 809 808 827 827 828 809 811 810 829 829 830 811 813 812 831 831 832 813 815 814 833 833 834 815 816 813 832 832 835 816 814 817 836 836 833 814 812 809 828 828 831 812 810 815 834 834 829 810 819 818 837 837 838 819 820 811 830 830 839 820 818 821 840 840 837 818 821 822 841 841 840 821 824 823 842 842 843 824 826 825 844 844 845 826 828 827 625 625 846 828 830 829 410 410 409 830 832 831 555 555 554 832 834 833 453 453 764 834 835 832 554 554 847 835 833 836 454 454 453 833 831 828 846 846 555 831 829 834 764 764 410 829 838 837 848 848 849 838 839 830 409 409 784 839 837 840 850 850 848 837 840 841 851 851 850 840 761 760 417 417 416 761 845 844 633 633 632 845 512 511 461 461 460 512 359 606 653 653 365 359 590 608 656 656 614 590 606 591 615 615 653 606 434 394 461 461 511 434 376 385 384 384 377 376 466 462 393 386 385 372 372 371 386 394 393 462 462 461 394 474 852 593 593 592 474 853 854 855 855 856 853 111 115 69 69 68 111 583 582 637 637 636 583 857 858 859 859 860 857 587 63 67 67 640 587 599 598 646 646 645 599 601 587 640 640 649 601 598 601 649 649 646 598 861 862 863 863 864 861 865 861 864 864 866 865 862 867 868 868 863 862 869 865 866 866 870 869 867 871 872 872 868 867 873 869 870 870 874 873 871 875 876 876 872 871 877 873 874 874 878 877 875 879 880 880 876 875 881 877 878 878 882 881 879 883 884 884 880 879 885 881 882 882 886 885 883 887 888 888 884 883 889 885 886 886 890 889 887 891 892 892 888 887 893 889 890 890 894 893 891 895 896 896 892 891 897 893 894 894 898 897 895 899 900 900 896 895 901 897 898 898 902 901 899 903 904 904 900 899 905 901 902 902 906 905 903 907 908 908 904 903 909 905 906 906 910 909 907 911 912 912 908 907 913 909 910 910 914 913 911 915 916 916 912 911 917 913 914 914 918 917 915 919 920 920 916 915 921 917 918 918 922 921 919 923 924 924 920 919 925 921 922 922 926 925 923 927 928 928 924 923 929 925 926 926 930 929 927 931 932 932 928 927 933 929 930 930 934 933 931 935 936 936 932 931 937 933 934 934 938 937 935 939 940 940 936 935 941 937 938 938 942 941 939 943 944 944 940 939 945 941 942 942 946 945 943 947 948 948 944 943 949 945 946 946 950 949 947 951 952 952 948 947 953 949 950 950 954 953 951 955 956 956 952 951 955 953 954 954 956 955 864 863 957 957 958 864 866 864 958 958 959 866 863 868 960 960 957 863 870 866 959 959 961 870 868 872 962 962 960 868 874 870 961 961 963 874 872 876 964 964 962 872 878 874 963 963 965 878 876 880 966 966 964 876 882 878 965 965 967 882 880 884 968 968 966 880 886 882 967 967 969 886 884 888 970 970 968 884 890 886 969 969 971 890 888 892 972 972 970 888 894 890 971 971 973 894 892 896 974 974 972 892 898 894 973 973 975 898 896 900 976 976 974 896 902 898 975 975 977 902 900 904 978 978 976 900 906 902 977 977 979 906 904 908 980 980 978 904 910 906 979 979 981 910 908 912 982 982 980 908 914 910 981 981 983 914 912 916 984 984 982 912 918 914 983 983 985 918 916 920 986 986 984 916 922 918 985 985 987 922 920 924 988 988 986 920 926 922 987 987 989 926 924 928 990 990 988 924 930 926 989 989 991 930 928 932 992 992 990 928 934 930 991 991 993 934 932 936 994 994 992 932 938 934 993 993 995 938 936 940 996 996 994 936 942 938 995 995 997 942 940 944 998 998 996 940 946 942 997 997 999 946 944 948 1000 1000 998 944 950 946 999 999 1001 950 948 952 1002 1002 1000 948 954 950 1001 1001 1003 954 952 956 1004 1004 1002 952 956 954 1003 1003 1004 956 1005 1006 1007 1007 1008 1005 1009 1005 1008 1008 1010 1009 68 72 101 101 100 68 493 492 119 119 118 493 1011 1012 1013 1013 1014 1011 565 434 511 511 514 565 446 445 827 827 808 446 1007 446 808 808 789 1007 445 566 625 625 827 445 1008 1007 789 789 88 1008 1010 1008 88 88 87 1010 1015 1016 1017 1017 1018 1015 1019 1020 78 78 77 1019 1021 469 371 371 374 1021 1006 443 446 446 1007 1006 104 359 362 362 100 104 1022 1023 1024 1024 1025 1022 441 619 97 97 96 441 1026 1027 767 767 766 1026 444 563 566 566 445 444 1026 1028 858 858 857 1026 106 1027 354 354 107 106 1029 1030 542 1014 1013 110 110 109 1014 624 84 111 111 364 624 76 75 106 106 105 76 766 765 1028 1028 1026 766 75 767 1027 1027 106 75 84 83 112 112 111 84 1031 1032 1033 1033 1034 1031 766 767 570 570 551 766 783 624 364 364 626 783 857 354 1027 1027 1026 857 362 363 68 68 100 362 763 762 843 843 842 763 362 361 627 627 363 362 426 425 847 847 554 426 473 472 849 849 848 473 514 513 846 846 625 514 513 526 555 555 846 513 426 526 525 525 423 426 381 473 848 848 850 381 382 381 850 850 851 382 1035 1036 1037 1037 1038 1035 1039 1040 605 605 604 1039 441 440 1041 1041 617 441 1041 1042 600 600 584 1041 466 1043 571 571 465 466 1044 1021 374 374 607 1044 1042 530 533 533 600 1042 477 527 852 852 474 477 391 433 471 471 383 391 564 563 849 849 472 564 489 539 531 531 530 489 1045 1046 1047 1047 1048 1045 475 474 592 592 609 475 440 486 1042 1042 1041 440 852 1044 607 607 593 852 469 392 386 386 371 469 1049 1050 82 82 81 1049 392 391 383 383 386 392 1051 1052 1053 1053 1054 1051 491 490 71 71 70 491 433 564 472 472 471 433 444 443 819 819 838 444 443 1006 800 800 819 443 563 444 838 838 849 563 1006 1005 93 93 800 1006 1005 1009 94 94 93 1005 1055 1056 1057 1057 1058 1055 618 617 103 103 102 618 1012 1011 114 114 113 1012 1059 1060 1061 1061 1062 1059 1050 1049 1020 1020 1019 1050 469 1021 1043 1043 466 469 1038 1037 577 577 576 1038 1040 1039 1063 1063 1064 1040 1065 1066 1067 1067 1068 1065 617 1041 584 584 103 617 1021 1044 571 571 1043 1021 1044 852 527 527 571 1044 530 1042 486 486 489 530 124 1069 1070 1070 125 124 1071 1072 1073 1073 1074 1071 1075 133 132 132 1076 1075 130 1077 1078 1078 131 130 1079 1080 1081 1081 1082 1079 1083 127 126 126 1084 1083 136 1085 1086 1086 137 136 1087 1088 1089 1089 1090 1087 1091 145 144 144 1092 1091 142 1093 1094 1094 143 142 1095 1096 1097 1097 1098 1095 1099 139 138 138 1100 1099 148 1101 1102 1102 149 148 1103 1104 1105 1105 1106 1103 1107 157 156 156 1108 1107 154 1109 1110 1110 155 154 1111 1112 1113 1113 1114 1111 1115 151 150 150 1116 1115 160 1117 1118 1118 161 160 1119 1120 1121 1121 1122 1119 1123 169 168 168 1124 1123 166 1125 1126 1126 167 166 1127 1128 1129 1129 1130 1127 1131 163 162 162 1132 1131 1133 1134 123 123 122 1133 1135 1136 1137 1137 1138 1135 1139 1140 129 129 128 1139 1141 1142 1143 1143 1144 1141 1145 1146 135 135 134 1145 1147 1030 1148 1148 1149 1147 1150 1151 141 141 140 1150 1152 1153 1154 1154 1155 1152 1156 1157 147 147 146 1156 1158 1159 1160 1160 1161 1158 1162 1163 153 153 152 1162 1164 1165 1166 1166 1167 1164 1168 1169 159 159 158 1168 1170 1171 1172 1172 1173 1170 1174 1175 165 165 164 1174 1176 1177 1178 1178 1179 1176 860 355 354 354 857 860 860 859 1180 1180 1181 860 116 356 504 504 99 116 358 357 1182 1182 1183 358 1181 356 355 355 860 1181 1181 1180 1184 1184 505 1181 95 442 96 505 504 356 356 1181 505 505 1184 547 547 501 505 99 504 500 500 95 99 1183 1182 401 401 402 1183 1185 1186 90 90 94 1185 1187 1016 1160 1160 1188 1187 490 493 1189 1189 1190 490 1191 1192 492 492 491 1191 1186 1193 80 80 90 1186 619 618 1194 1194 1195 619 1196 1197 108 108 120 1196 1198 1177 1065 1199 1200 1009 1009 1010 1199 1158 1201 575 493 118 1202 1202 1189 493 1192 1203 119 119 492 1192 1204 1205 1011 1011 1014 1204 1013 1012 1206 1206 1207 1013 1208 1199 1010 1010 87 1208 1019 77 1209 1209 1210 1019 1211 1212 78 78 1020 1211 1141 1213 368 1214 1204 1014 1014 109 1214 110 1013 1207 1207 1215 110 76 105 1216 1216 1217 76 112 83 1218 1218 1219 112 1220 1221 1049 1049 81 1220 82 1050 1222 1222 1223 82 1224 1191 491 491 70 1224 71 490 1190 1190 1225 71 1226 854 1148 1148 1227 1226 618 102 1228 1228 1194 618 856 1087 1229 1205 1230 114 114 1011 1205 1050 1019 1210 1210 1222 1050 1221 1211 1020 1020 1049 1221 1231 1062 1127 1128 1061 1232 1233 1159 574 1234 1032 1172 1172 1235 1234 1135 1236 370 1217 1209 77 77 76 1217 1176 1237 1066 1170 1238 1068 1239 1046 1166 1166 1240 1239 1214 109 108 108 1197 1214 1241 1242 1155 1155 1051 1241 1243 1244 1161 1161 1015 1243 1245 1018 1103 1246 1247 1149 1149 853 1246 1248 1224 70 70 69 1248 1249 1250 66 66 65 1249 1251 1252 361 361 360 1251 1253 1251 360 360 366 1253 1254 1255 375 375 378 1254 1256 1257 379 379 382 1256 1258 1259 611 611 610 1258 1260 1258 610 610 612 1260 1261 1260 612 612 613 1261 1262 1261 613 613 616 1262 1263 1264 621 621 620 1263 1264 1265 622 622 621 1264 1265 1266 623 623 622 1265 1267 1268 626 626 627 1267 1257 1254 378 378 379 1257 1255 1249 65 65 375 1255 1269 1270 628 628 631 1269 1271 1253 366 366 658 1271 1250 1272 659 659 66 1250 1273 1271 658 658 674 1273 1272 1274 675 675 659 1272 1275 1273 674 674 690 1275 1274 1276 691 691 675 1274 1277 1275 690 690 706 1277 1276 1278 707 707 691 1276 1279 1277 706 706 722 1279 1278 1280 723 723 707 1278 1281 1279 722 722 738 1281 1280 1282 739 739 723 1280 1259 1283 754 754 611 1259 1284 1263 620 620 755 1284 1283 1281 738 738 754 1283 1282 1284 755 755 739 1282 1266 1285 780 780 623 1266 1286 1262 616 616 781 1286 1287 1286 781 781 782 1287 1288 1269 631 631 783 1288 1285 1289 784 784 780 1285 1290 1287 782 782 801 1290 1270 1291 803 803 628 1270 1292 1290 801 801 820 1292 1291 1293 822 822 803 1291 1294 1292 820 820 839 1294 1293 1295 841 841 822 1293 1289 1294 839 839 784 1289 1295 1296 851 851 841 1295 1252 1267 627 627 361 1252 1268 1288 783 783 626 1268 1296 1256 382 382 851 1296 117 98 1297 1297 1298 117 1299 1142 367 1104 1017 1300 1301 1302 86 86 73 1301 1220 81 80 80 1193 1220 1230 1303 115 115 114 1230 1208 87 86 86 1302 1208 1304 113 112 112 1219 1304 1305 1153 540 1303 1248 69 69 115 1303 101 72 1306 1306 1307 101 1152 1308 541 1309 1310 1179 1179 1059 1309 1033 1311 1120 1312 1313 1167 1167 1045 1312 1314 1034 1119 1315 1060 1178 1178 1316 1315 97 619 1195 1195 1317 97 1318 1136 369 1112 1047 1319 1320 1321 1173 1173 1031 1320 1048 1111 1322 1053 1323 1096 1203 1196 120 120 119 1203 1054 1095 1324 1325 1052 1154 1154 1326 1325 1147 1327 543 1328 1165 572 1200 1185 94 94 1009 1200 1164 1329 573 1012 113 1304 1304 1206 1012 1330 1171 1067 1134 1133 367 367 370 1134 370 369 1136 1136 1135 370 1140 1139 369 369 368 1140 1142 1141 368 368 367 1142 540 543 1146 1146 1145 540 1030 1147 543 543 542 1030 542 541 1151 1151 1150 542 1153 1152 541 541 540 1153 572 575 1157 1157 1156 572 575 574 1159 1159 1158 575 1163 1162 574 574 573 1163 1165 1164 573 573 572 1165 853 856 1229 1229 1246 853 1088 1087 856 856 855 1088 855 854 1226 1226 1331 855 1149 1148 854 854 853 1149 1245 1243 1015 1015 1018 1245 1018 1017 1104 1104 1103 1018 1187 1300 1017 1017 1016 1187 1016 1015 1161 1161 1160 1016 1332 1333 1022 1022 1025 1332 1025 1024 1072 1072 1071 1025 1334 1335 1024 1024 1023 1334 1023 1022 1138 1138 1137 1023 1314 1320 1031 1031 1034 1314 1034 1033 1120 1120 1119 1034 1234 1311 1033 1033 1032 1234 1032 1031 1173 1173 1172 1032 1045 1048 1322 1322 1312 1045 1112 1111 1048 1048 1047 1112 1047 1046 1239 1239 1319 1047 1167 1166 1046 1046 1045 1167 1051 1054 1324 1324 1241 1051 1096 1095 1054 1054 1053 1096 1053 1052 1325 1325 1323 1053 1155 1154 1052 1052 1051 1155 1055 1058 1336 1336 1337 1055 1080 1079 1058 1058 1057 1080 1057 1056 1338 1338 1339 1057 1144 1143 1056 1056 1055 1144 1059 1062 1231 1231 1309 1059 1128 1127 1062 1062 1061 1128 1061 1060 1315 1315 1232 1061 1179 1178 1060 1060 1059 1179 1065 1068 1169 1169 1168 1065 1068 1067 1171 1171 1170 1068 1175 1174 1067 1067 1066 1175 1177 1176 1066 1066 1065 1177 1071 1074 1340 1340 1341 1071 1073 1072 1342 1342 1343 1073 1344 1345 1079 1079 1082 1344 1346 1347 1081 1081 1080 1346 1086 1085 1348 1348 1349 1086 1350 1351 1089 1089 1088 1350 1352 1353 1095 1095 1098 1352 1354 1355 1097 1097 1096 1354 1103 1106 1356 1356 1357 1103 1105 1104 1358 1358 1359 1105 1360 1361 1111 1111 1114 1360 1362 1363 1113 1113 1112 1362 1119 1122 1364 1364 1365 1119 1121 1120 1366 1366 1367 1121 1368 1369 1127 1127 1130 1368 1370 1371 1129 1129 1128 1370 1143 1142 1299 1299 1372 1143 1135 1138 1373 1373 1236 1135 1137 1136 1318 1318 1374 1137 1375 1213 1141 1141 1144 1375 1305 1326 1154 1154 1153 1305 1247 1327 1147 1147 1149 1247 1029 1227 1148 1148 1030 1029 1242 1308 1152 1152 1155 1242 1328 1240 1166 1166 1165 1328 1244 1201 1158 1158 1161 1244 1160 1159 1233 1233 1188 1160 1313 1329 1164 1164 1167 1313 1198 1316 1178 1178 1177 1198 1321 1238 1170 1170 1173 1321 1172 1171 1330 1330 1235 1172 1310 1237 1176 1176 1179 1310 1307 1228 102 102 101 1307 1216 105 110 110 1215 1216 1218 83 82 82 1223 1218 1301 73 78 78 1212 1301 1202 118 117 117 1298 1202 1057 1339 1080 1337 1375 1144 1144 1055 1337 1333 1373 1138 1138 1022 1333 1058 1079 1336 1088 855 1331 1334 1023 1137 1137 1374 1334 1317 1297 98 98 97 1317 1072 1024 1335 1338 1056 1143 1143 1372 1338 1225 1306 72 72 71 1225 1025 1071 1332 </p>
        </polylist>
      </mesh>
    </geometry>
    <geometry id="meshId1" name="meshId1_name" >
      <mesh>
        <source id="meshId1-positions" name="meshId1-positions">
          <float_array id="meshId1-positions-array" count="3858"> 0.645177 -0.375503 -0.558672 0.653106 -0.373379 -0.558672 0.661035 -0.375503 -0.558672 0.666839 -0.381308 -0.558672 0.668964 -0.389237 -0.558672 0.666839 -0.397166 -0.558672 0.661035 -0.40297 -0.558672 0.653106 -0.405095 -0.558672 0.645177 -0.40297 -0.558672 0.639372 -0.397166 -0.558672 0.637248 -0.389237 -0.558672 0.639372 -0.381308 -0.558672 0.661035 0.285086 -0.558672 0.653106 0.282961 -0.558672 0.645177 0.285086 -0.558672 0.639372 0.29089 -0.558672 0.637248 0.298819 -0.558672 0.639372 0.306748 -0.558672 0.645177 0.312553 -0.558672 0.653106 0.314677 -0.558672 0.661035 0.312553 -0.558672 0.666839 0.306748 -0.558672 0.668964 0.298819 -0.558672 0.666839 0.29089 -0.558672 -0.580828 -0.758698 -0.571539 -0.573707 -0.758698 -0.564563 -0.569431 -0.758698 -0.356698 -0.632863 -0.758698 -0.356698 -0.628587 -0.758698 -0.564563 -0.621466 -0.758698 -0.571539 -0.580828 -0.737324 0.615149 -0.573707 -0.736766 0.608195 -0.569431 -0.720061 0.400308 -0.632863 -0.720061 0.400308 -0.628587 -0.736766 0.608195 -0.621466 -0.737324 0.615149 -0.621466 -0.758698 0.615149 -0.628587 -0.758698 0.608173 -0.632863 -0.758698 0.400308 -0.569431 -0.758698 0.400308 -0.573707 -0.758698 0.608173 -0.580828 -0.758698 0.615149 -0.621466 -0.737324 -0.571539 -0.628587 -0.736766 -0.564585 -0.632863 -0.720061 -0.356698 -0.569431 -0.720061 -0.356698 -0.573707 -0.736766 -0.564585 -0.580828 -0.737324 -0.571539 0.656095 -0.758698 -0.571539 0.663216 -0.758698 -0.564563 0.667492 -0.758698 -0.356698 0.60406 -0.758698 -0.356698 0.608336 -0.758698 -0.564563 0.615457 -0.758698 -0.571539 0.656095 -0.737324 0.615149 0.663216 -0.736766 0.608195 0.667492 -0.720061 0.400308 0.60406 -0.720061 0.400308 0.608336 -0.736766 0.608195 0.615457 -0.737324 0.615149 0.615457 -0.758698 0.615149 0.608336 -0.758698 0.608173 0.60406 -0.758698 0.400308 0.667492 -0.758698 0.400308 0.663216 -0.758698 0.608173 0.656095 -0.758698 0.615149 0.615457 -0.737324 -0.571539 0.608336 -0.736766 -0.564585 0.60406 -0.720061 -0.356698 0.667492 -0.720061 -0.356698 0.663216 -0.736766 -0.564585 0.656095 -0.737324 -0.571539 0.828116 0.648197 0.552615 0.817101 0.648197 0.552615 0.817101 0.648197 0.578822 0.826898 0.648197 0.581661 0.828116 0.648197 0.580745 0.788567 0.614468 0.552615 0.799581 0.614468 0.552615 0.799581 0.614468 0.578822 0.789785 0.614468 0.581661 0.788567 0.614468 0.580745 0.828116 0.614468 0.580745 0.826898 0.614468 0.581661 0.817101 0.614468 0.578822 0.817101 0.614468 0.552615 0.828116 0.614468 0.552615 0.788567 0.648197 0.580745 0.789785 0.648197 0.581661 0.799581 0.648197 0.578822 0.799581 0.648197 0.552615 0.788567 0.648197 0.552615 0.816908 0.600375 0.552615 0.805893 0.600375 0.552615 0.805893 0.600375 0.578822 0.815689 0.600375 0.581661 0.816908 0.600375 0.580745 0.777358 0.566646 0.552615 0.788373 0.566646 0.552615 0.788373 0.566646 0.578822 0.778577 0.566646 0.581661 0.777358 0.566646 0.580745 0.816908 0.566646 0.580745 0.815689 0.566646 0.581661 0.805893 0.566646 0.578822 0.805893 0.566646 0.552615 0.816908 0.566646 0.552615 0.777358 0.600375 0.580745 0.778577 0.600375 0.581661 0.788373 0.600375 0.578822 0.788373 0.600375 0.552615 0.777358 0.600375 0.552615 0.872228 0.552969 0.552615 0.861213 0.552969 0.552615 0.861213 0.552969 0.578822 0.871009 0.552969 0.581661 0.872228 0.552969 0.580745 0.832678 0.51924 0.552615 0.843693 0.51924 0.552615 0.843693 0.51924 0.578822 0.833897 0.51924 0.581661 0.832678 0.51924 0.580745 0.872228 0.51924 0.580745 0.871009 0.51924 0.581661 0.861213 0.51924 0.578822 0.861213 0.51924 0.552615 0.872228 0.51924 0.552615 0.832678 0.552969 0.580745 0.833897 0.552969 0.581661 0.843693 0.552969 0.578822 0.843693 0.552969 0.552615 0.832678 0.552969 0.552615 0.751216 0.50531 0.552615 0.740201 0.50531 0.552615 0.740201 0.50531 0.578822 0.749997 0.50531 0.581661 0.751216 0.50531 0.580745 0.711667 0.471581 0.552615 0.722681 0.471581 0.552615 0.722681 0.471581 0.578822 0.712885 0.471581 0.581661 0.711667 0.471581 0.580745 0.751216 0.471581 0.580745 0.749997 0.471581 0.581661 0.740201 0.471581 0.578822 0.740201 0.471581 0.552615 0.751216 0.471581 0.552615 0.711667 0.50531 0.580745 0.712885 0.50531 0.581661 0.722681 0.50531 0.578822 0.722681 0.50531 0.552615 0.711667 0.50531 0.552615 0.608336 -0.737324 -0.564563 0.608336 -0.736766 -0.564585 0.615457 -0.737324 -0.571539 0.656095 -0.737324 -0.571539 0.663216 -0.736766 -0.564585 0.663216 -0.737324 -0.564563 0.663216 -0.737324 0.608173 0.663216 -0.736766 0.608195 0.656095 -0.737324 0.615149 0.615457 -0.737324 0.615149 0.608336 -0.736766 0.608195 0.608336 -0.737324 0.608173 0.663216 -0.758698 -0.564563 0.656095 -0.758698 -0.571539 0.656095 -0.758698 0.615149 0.663216 -0.758698 0.608173 0.608336 -0.758698 0.608173 0.615457 -0.758698 0.615149 0.615457 -0.758698 -0.571539 0.608336 -0.758698 -0.564563 0.663216 -0.737324 -0.564563 0.667492 -0.737324 -0.356698 0.667492 -0.758698 -0.356698 0.663216 -0.758698 -0.564563 0.608336 -0.736766 -0.564585 0.608336 -0.737324 -0.564563 0.60406 -0.737324 -0.356698 0.60406 -0.720061 -0.356698 0.663216 -0.736766 -0.564585 0.667492 -0.720061 -0.356698 0.663216 -0.758698 0.608173 0.667492 -0.758698 0.400308 0.667492 -0.737324 0.400308 0.663216 -0.737324 0.608173 0.608336 -0.737324 0.608173 0.60406 -0.737324 0.400308 0.60406 -0.758698 0.400308 0.608336 -0.758698 0.608173 0.663216 -0.736766 0.608195 0.667492 -0.720061 0.400308 0.608336 -0.736766 0.608195 0.60406 -0.720061 0.400308 0.615457 -0.758698 -0.571539 0.615457 -0.737324 -0.571539 0.656095 -0.737324 -0.571539 0.656095 -0.758698 -0.571539 0.656095 -0.758698 0.615149 0.656095 -0.737324 0.615149 0.615457 -0.737324 0.615149 0.615457 -0.758698 0.615149 0.60406 -0.758698 -0.356698 0.608336 -0.758698 -0.564563 -0.628587 -0.737324 -0.564563 -0.628587 -0.736766 -0.564585 -0.621466 -0.737324 -0.571539 -0.580828 -0.737324 -0.571539 -0.573707 -0.736766 -0.564585 -0.573707 -0.737324 -0.564563 -0.573707 -0.737324 0.608173 -0.573707 -0.736766 0.608195 -0.580828 -0.737324 0.615149 -0.621466 -0.737324 0.615149 -0.628587 -0.736766 0.608195 -0.628587 -0.737324 0.608173 -0.573707 -0.758698 -0.564563 -0.580828 -0.758698 -0.571539 -0.580828 -0.758698 0.615149 -0.573707 -0.758698 0.608173 -0.628587 -0.758698 0.608173 -0.621466 -0.758698 0.615149 -0.621466 -0.758698 -0.571539 -0.628587 -0.758698 -0.564563 -0.573707 -0.737324 -0.564563 -0.569431 -0.737324 -0.356698 -0.569431 -0.758698 -0.356698 -0.573707 -0.758698 -0.564563 -0.628587 -0.736766 -0.564585 -0.628587 -0.737324 -0.564563 -0.632863 -0.737324 -0.356698 -0.632863 -0.720061 -0.356698 -0.573707 -0.736766 -0.564585 -0.569431 -0.720061 -0.356698 -0.573707 -0.758698 0.608173 -0.569431 -0.758698 0.400308 -0.569431 -0.737324 0.400308 -0.573707 -0.737324 0.608173 -0.628587 -0.737324 0.608173 -0.632863 -0.737324 0.400308 -0.632863 -0.758698 0.400308 -0.628587 -0.758698 0.608173 -0.573707 -0.736766 0.608195 -0.569431 -0.720061 0.400308 -0.628587 -0.736766 0.608195 -0.632863 -0.720061 0.400308 -0.621466 -0.758698 -0.571539 -0.621466 -0.737324 -0.571539 -0.580828 -0.737324 -0.571539 -0.580828 -0.758698 -0.571539 -0.580828 -0.758698 0.615149 -0.580828 -0.737324 0.615149 -0.621466 -0.737324 0.615149 -0.621466 -0.758698 0.615149 -0.632863 -0.758698 -0.356698 -0.628587 -0.758698 -0.564563 0.645187 0.355055 -0.547844 0.639372 0.306748 -0.545687 0.645177 0.312553 -0.545687 0.648534 0.358916 -0.547844 0.648534 0.358916 -0.556515 0.645187 0.355055 -0.556515 0.645187 0.355055 -0.556515 0.639372 0.306748 -0.558672 0.639372 0.306748 -0.545687 0.645187 0.355055 -0.547844 0.653106 0.314677 -0.545687 0.653106 0.36033 -0.547844 0.653106 0.36033 -0.556515 0.661035 0.312553 -0.545687 0.657677 0.358916 -0.547844 0.593258 -0.590778 -0.510719 0.593889 -0.587607 -0.507548 0.899276 -0.587607 -0.507548 0.899907 -0.590778 -0.510719 0.923156 -0.604177 -0.573775 0.901451 -0.593363 -0.573775 0.911166 -0.589483 -0.573775 0.577724 -0.580636 -0.570603 0.573912 -0.571432 -0.570603 0.573912 -0.571432 -0.510719 0.577724 -0.580636 -0.510719 0.584054 0.45519 -0.570603 0.58123 0.457213 -0.573775 0.589202 0.461381 -0.573775 0.593258 0.459002 -0.570603 0.573912 0.439655 -0.570603 0.577724 0.44886 -0.570603 0.577724 0.44886 -0.510719 0.573912 0.439655 -0.510719 0.657677 0.358916 -0.556515 0.666839 0.306748 -0.545687 0.661024 0.355055 -0.547844 0.919254 -0.571432 -0.570603 0.921223 -0.571806 -0.573775 0.916753 -0.584638 -0.573775 0.915441 -0.580636 -0.570603 0.584054 0.45519 -0.570603 0.593258 0.459002 -0.570603 0.593258 0.459002 -0.510719 0.584054 0.45519 -0.510719 0.909111 -0.586966 -0.570603 0.911166 -0.589483 -0.573775 0.901451 -0.593363 -0.573775 0.899907 -0.590778 -0.570603 0.661024 0.355055 -0.547844 0.666839 0.306748 -0.545687 0.666839 0.306748 -0.558672 0.661024 0.355055 -0.556515 0.899916 0.459002 -0.570603 0.90912 0.45519 -0.570603 0.90912 0.45519 -0.510719 0.899916 0.459002 -0.510719 0.91545 0.44886 -0.570603 0.919263 0.439655 -0.570603 0.919263 0.439655 -0.510719 0.91545 0.44886 -0.510719 0.661024 0.355055 -0.556515 0.637248 0.298819 -0.545687 0.637248 0.298819 -0.558672 0.639372 0.29089 -0.558672 0.639372 0.29089 -0.545687 0.645177 0.285086 -0.558672 0.645177 0.285086 -0.545687 0.653106 0.282961 -0.558672 0.653106 0.282961 -0.545687 0.648534 0.358916 -0.547844 0.648534 0.358916 -0.556515 0.661035 0.285086 -0.558672 0.661035 0.285086 -0.545687 0.653106 0.36033 -0.547844 0.653106 0.36033 -0.556515 0.666839 0.29089 -0.558672 0.666839 0.29089 -0.545687 0.966353 0.723358 -0.336671 0.992216 0.697726 -0.336671 0.979213 0.590216 -0.336671 -0.931724 0.723358 -0.336671 -0.944584 0.590216 -0.336671 0.978151 0.718507 -0.336671 0.987357 0.709369 -0.336671 -0.952728 0.709369 -0.336671 -0.943522 0.718507 -0.336671 -0.957587 0.697726 -0.336671 -0.957587 0.60322 -0.336671 0.657677 0.358916 -0.547844 0.657677 0.358916 -0.556515 0.653106 0.36033 -0.556515 0.653106 0.36033 -0.547844 0.668964 0.298819 -0.558672 0.668964 0.298819 -0.545687 0.584054 -0.586966 -0.570603 0.58123 -0.58899 -0.573775 0.57429 -0.581354 -0.573775 0.577724 -0.580636 -0.570603 0.668964 0.298819 -0.500987 0.666839 0.29089 -0.500987 0.915441 -0.580636 -0.510719 0.919254 -0.571432 -0.510719 0.661035 0.285086 -0.500987 0.909111 -0.586966 -0.570603 0.899907 -0.590778 -0.570603 0.899907 -0.590778 -0.510719 0.909111 -0.586966 -0.510719 0.653106 0.282961 -0.500987 0.645177 0.285086 -0.500987 0.577724 -0.580636 -0.570603 0.57429 -0.581354 -0.573775 0.571583 -0.571803 -0.573775 0.573912 -0.571432 -0.570603 0.593258 -0.590778 -0.570603 0.589507 -0.593157 -0.573775 0.58123 -0.58899 -0.573775 0.584054 -0.586966 -0.570603 0.639372 0.29089 -0.500987 0.577724 0.44886 -0.510719 0.580413 0.447063 -0.507548 0.577083 0.439024 -0.507548 0.573912 0.439655 -0.510719 0.593258 0.459002 -0.510719 0.593889 0.455831 -0.507548 0.585851 0.452501 -0.507548 0.584054 0.45519 -0.510719 0.593258 -0.590778 -0.570603 0.584054 -0.586966 -0.570603 0.584054 -0.586966 -0.510719 0.593258 -0.590778 -0.510719 0.915441 -0.580636 -0.510719 0.912752 -0.578839 -0.507548 0.916082 -0.570801 -0.507548 0.919254 -0.571432 -0.510719 0.637248 0.298819 -0.500987 0.899907 -0.590778 -0.510719 0.899276 -0.587607 -0.507548 0.907314 -0.584277 -0.507548 0.909111 -0.586966 -0.510719 0.639372 0.306748 -0.500987 0.577724 0.44886 -0.570603 0.57579 0.451828 -0.573775 0.58123 0.457213 -0.573775 0.584054 0.45519 -0.570603 0.589507 -0.593157 -0.573775 0.564436 -0.601023 -0.573775 0.58123 -0.58899 -0.573775 0.577083 0.439024 -0.507548 0.580413 0.447063 -0.507548 0.585851 0.452501 -0.507548 0.593889 0.455831 -0.507548 0.939533 -0.691207 -0.560771 -0.904904 -0.691207 -0.560771 -0.902407 -0.678204 -0.573775 0.493054 -0.678204 -0.573775 0.937036 -0.678204 -0.573775 -0.969956 0.590216 -0.324301 -0.957587 0.576755 -0.336671 -0.957587 0.526784 -0.336671 -0.969956 0.526784 -0.324301 -0.957587 0.60322 -0.336671 0.992216 0.576755 -0.336671 0.992216 0.697726 -0.336671 1.00459 0.700204 -0.324301 0.992216 0.526784 -0.336671 1.00459 0.526784 -0.324301 0.952029 0.562792 -0.561213 0.493054 0.546427 -0.573775 -0.9174 0.546427 -0.573775 -0.9174 0.562792 -0.561213 0.952029 0.546427 -0.573775 0.916082 -0.570801 -0.507548 0.899276 -0.587607 -0.507548 0.593889 -0.587607 -0.507548 0.577083 -0.570801 -0.507548 0.564436 0.469247 -0.573775 0.571577 0.443426 -0.573775 0.92416 0.47207 -0.573775 0.902024 0.461558 -0.573775 0.0591567 -0.217309 -0.68739 -0.483509 -0.217309 -0.68739 -0.4835 0.273241 -0.68739 0.0591567 0.273241 -0.68739 0.0747909 0.277373 -0.679453 0.146239 0.34669 -0.581712 0.146239 -0.455517 -0.581712 0.0747909 -0.224718 -0.679453 0.0615677 -0.236194 -0.683556 0.139015 -0.486372 -0.577609 -0.563351 -0.486372 -0.577609 -0.48592 -0.236194 -0.683556 0.645177 0.312553 -0.500987 0.645177 0.312553 -0.545687 0.653106 0.314677 -0.500987 0.653106 0.314677 -0.545687 0.653106 0.314677 -0.545687 0.653106 0.314677 -0.500987 0.661035 0.312553 -0.500987 0.661035 0.312553 -0.545687 0.666839 0.306748 -0.500987 0.979213 0.590216 -0.336671 0.952029 0.562792 -0.561213 -0.9174 0.562792 -0.561213 -0.944584 0.590216 -0.336671 0.90912 0.45519 -0.510719 0.907324 0.452501 -0.507548 0.899285 0.455831 -0.507548 0.899916 0.459002 -0.510719 1.01731 0.446748 0.510142 1.01731 -0.683224 0.510142 1.01731 -0.683224 -0.225223 1.01731 0.446748 -0.225223 -0.982686 0.51018 0.510142 -0.982686 0.715375 0.510142 -0.982686 0.715375 -0.225223 -0.982686 0.51018 -0.225223 0.981064 0.751686 0.510142 0.981064 0.751686 -0.225223 -0.946436 0.751686 -0.225223 -0.946436 0.751686 0.510142 0.981064 -0.719535 -0.225223 0.981064 -0.719535 0.510142 -0.946436 -0.719535 0.510142 -0.946436 -0.719535 -0.225223 0.997602 0.744824 0.510142 1.01046 0.73194 0.510142 1.01046 0.73194 -0.225223 0.997602 0.744824 -0.225223 1.01046 -0.69979 0.510142 0.997602 -0.712674 0.510142 0.997602 -0.712674 -0.225223 1.01046 -0.69979 -0.225223 -0.975835 0.73194 0.510142 -0.962973 0.744824 0.510142 -0.962973 0.744824 -0.225223 -0.975835 0.73194 -0.225223 -0.962973 -0.712674 0.510142 -0.975835 -0.69979 0.510142 -0.975835 -0.69979 -0.225223 -0.962973 -0.712674 -0.225223 1.01731 0.715375 0.510142 1.01731 0.715375 -0.225223 -0.982686 0.715375 0.510142 -0.982686 0.715375 -0.225223 -0.982686 -0.683224 0.510142 -0.982686 -0.683224 -0.225223 0.981064 -0.719535 0.510142 0.981064 -0.719535 -0.225223 -0.953325 -0.70406 0.510142 -0.962973 -0.712674 0.510142 -0.946436 -0.719535 0.510142 -0.936951 -0.710841 0.510142 -0.966061 -0.691328 0.510142 -0.975835 -0.69979 0.510142 -0.962973 -0.712674 0.510142 -0.953325 -0.70406 0.510142 -0.972844 -0.674959 0.510142 -0.982686 -0.683224 0.510142 -0.975835 -0.69979 0.510142 -0.966061 -0.691328 0.510142 -0.972844 0.51018 0.510142 -0.972844 0.707109 0.510142 -0.982686 0.715375 0.510142 -0.982686 0.51018 0.510142 -0.966061 0.723479 0.510142 -0.975835 0.73194 0.510142 -0.982686 0.715375 0.510142 -0.972844 0.707109 0.510142 -0.953325 0.73621 0.510142 -0.962973 0.744824 0.510142 -0.975835 0.73194 0.510142 -0.966061 0.723479 0.510142 -0.936951 0.742991 0.510142 -0.946436 0.751686 0.510142 -0.962973 0.744824 0.510142 -0.953325 0.73621 0.510142 0.97158 0.742991 0.510142 0.981064 0.751686 0.510142 -0.946436 0.751686 0.510142 -0.936951 0.742991 0.510142 0.987954 0.73621 0.510142 0.997602 0.744824 0.510142 0.981064 0.751686 0.510142 0.97158 0.742991 0.510142 1.00069 0.723479 0.510142 1.01046 0.73194 0.510142 0.997602 0.744824 0.510142 0.987954 0.73621 0.510142 1.00747 0.707109 0.510142 1.01731 0.715375 0.510142 1.01046 0.73194 0.510142 1.00069 0.723479 0.510142 0.661024 -0.445472 -0.547844 0.666839 -0.397166 -0.545687 0.661035 -0.40297 -0.545687 0.657677 -0.449334 -0.547844 0.657677 -0.449334 -0.556515 0.661024 -0.445472 -0.556515 0.661024 -0.445472 -0.556515 0.666839 -0.397166 -0.558672 0.666839 -0.397166 -0.545687 0.661024 -0.445472 -0.547844 0.653106 -0.405095 -0.545687 0.653106 -0.450747 -0.547844 0.653106 -0.450747 -0.556515 0.645177 -0.40297 -0.545687 0.648534 -0.449334 -0.547844 0.648534 -0.449334 -0.556515 0.639372 -0.397166 -0.545687 0.645187 -0.445472 -0.547844 0.645187 -0.445472 -0.547844 0.639372 -0.397166 -0.545687 0.639372 -0.397166 -0.558672 0.645187 -0.445472 -0.556515 0.645187 -0.445472 -0.556515 0.668964 -0.389237 -0.545687 0.668964 -0.389237 -0.558672 0.666839 -0.381308 -0.558672 0.666839 -0.381308 -0.545687 0.661035 -0.375503 -0.558672 0.661035 -0.375503 -0.545687 0.653106 -0.373379 -0.558672 0.653106 -0.373379 -0.545687 0.657677 -0.449334 -0.547844 0.657677 -0.449334 -0.556515 0.645177 -0.375503 -0.558672 0.645177 -0.375503 -0.545687 0.653106 -0.450747 -0.547844 0.653106 -0.450747 -0.556515 0.639372 -0.381308 -0.558672 0.639372 -0.381308 -0.545687 0.648534 -0.449334 -0.547844 0.648534 -0.449334 -0.556515 0.653106 -0.450747 -0.556515 0.653106 -0.450747 -0.547844 0.637248 -0.389237 -0.558672 0.637248 -0.389237 -0.545687 0.637248 -0.389237 -0.500987 0.639372 -0.381308 -0.500987 0.645177 -0.375503 -0.500987 0.653106 -0.373379 -0.500987 0.661035 -0.375503 -0.500987 0.666839 -0.381308 -0.500987 0.668964 -0.389237 -0.500987 0.666839 -0.397166 -0.500987 0.661035 -0.40297 -0.500987 0.661035 -0.40297 -0.545687 0.653106 -0.405095 -0.500987 0.653106 -0.405095 -0.545687 1.00069 -0.691328 0.510142 1.01046 -0.69979 0.510142 1.01731 -0.683224 0.510142 1.00747 -0.674959 0.510142 0.987954 -0.70406 0.510142 0.997602 -0.712674 0.510142 1.01046 -0.69979 0.510142 1.00069 -0.691328 0.510142 0.97158 -0.710841 0.510142 0.981064 -0.719535 0.510142 0.997602 -0.712674 0.510142 0.987954 -0.70406 0.510142 -0.936951 -0.710841 0.510142 -0.946436 -0.719535 0.510142 0.981064 -0.719535 0.510142 0.97158 -0.710841 0.510142 0.921223 -0.571806 -0.573775 0.916753 -0.584638 -0.573775 0.573912 -0.571432 -0.510719 0.577083 -0.570801 -0.507548 0.580413 -0.578839 -0.507548 0.577724 -0.580636 -0.510719 0.573912 -0.571432 -0.570603 0.571583 -0.571803 -0.573775 0.571577 0.443426 -0.573775 0.573912 0.439655 -0.570603 0.899907 -0.590778 -0.570603 0.901451 -0.593363 -0.573775 0.589507 -0.593157 -0.573775 0.593258 -0.590778 -0.570603 0.584054 0.45519 -0.510719 0.585851 0.452501 -0.507548 0.580413 0.447063 -0.507548 0.577724 0.44886 -0.510719 0.90912 0.45519 -0.570603 0.911294 0.457629 -0.573775 0.916878 0.452664 -0.573775 0.91545 0.44886 -0.570603 0.899916 0.459002 -0.510719 0.899285 0.455831 -0.507548 0.593889 0.455831 -0.507548 0.593258 0.459002 -0.510719 0.899285 0.455831 -0.507548 0.907324 0.452501 -0.507548 0.912761 0.447063 -0.507548 0.916091 0.439025 -0.507548 0.899916 0.459002 -0.570603 0.902024 0.461558 -0.573775 0.911294 0.457629 -0.573775 0.90912 0.45519 -0.570603 0.912752 -0.578839 -0.507548 0.907314 -0.584277 -0.507548 0.919263 0.439655 -0.510719 0.916091 0.439025 -0.507548 0.912761 0.447063 -0.507548 0.91545 0.44886 -0.510719 0.653106 -0.405095 -0.545687 0.653106 -0.405095 -0.500987 0.645177 -0.40297 -0.500987 0.645177 -0.40297 -0.545687 0.91545 0.44886 -0.570603 0.916878 0.452664 -0.573775 0.921307 0.443418 -0.573775 0.919263 0.439655 -0.570603 0.58123 0.457213 -0.573775 0.57579 0.451828 -0.573775 0.573912 0.439655 -0.570603 0.571577 0.443426 -0.573775 0.57579 0.451828 -0.573775 0.577724 0.44886 -0.570603 0.916878 0.452664 -0.573775 0.921307 0.443418 -0.573775 0.589202 0.461381 -0.573775 0.639372 -0.397166 -0.500987 0.91545 0.44886 -0.510719 0.912761 0.447063 -0.507548 0.907324 0.452501 -0.507548 0.90912 0.45519 -0.510719 0.57429 -0.581354 -0.573775 0.584054 -0.586966 -0.510719 0.585851 -0.584277 -0.507548 0.593889 -0.587607 -0.507548 0.593258 -0.590778 -0.510719 0.911294 0.457629 -0.573775 0.571583 -0.571803 -0.573775 0.577724 0.44886 -0.570603 0.584054 0.45519 -0.570603 0.584054 0.45519 -0.510719 0.577724 0.44886 -0.510719 0.90912 0.45519 -0.570603 0.91545 0.44886 -0.570603 0.91545 0.44886 -0.510719 0.90912 0.45519 -0.510719 0.985124 -0.696864 -0.225223 0.997602 -0.712674 -0.225223 0.981064 -0.719535 -0.225223 0.968797 -0.703576 -0.225223 0.997822 -0.684259 -0.225223 1.01046 -0.69979 -0.225223 0.997602 -0.712674 -0.225223 0.985124 -0.696864 -0.225223 1.00459 -0.668053 -0.225223 1.01731 -0.683224 -0.225223 1.01046 -0.69979 -0.225223 0.997822 -0.684259 -0.225223 0.577724 -0.580636 -0.510719 0.580413 -0.578839 -0.507548 0.585851 -0.584277 -0.507548 0.584054 -0.586966 -0.510719 0.997822 0.71641 -0.225223 1.01046 0.73194 -0.225223 1.01731 0.715375 -0.225223 1.00459 0.700204 -0.225223 0.985124 0.729014 -0.225223 0.997602 0.744824 -0.225223 1.01046 0.73194 -0.225223 0.997822 0.71641 -0.225223 0.968797 0.735727 -0.225223 0.981064 0.751686 -0.225223 0.997602 0.744824 -0.225223 0.985124 0.729014 -0.225223 -0.934168 0.735727 -0.225223 -0.946436 0.751686 -0.225223 0.981064 0.751686 -0.225223 0.968797 0.735727 -0.225223 -0.950495 0.729014 -0.225223 -0.962973 0.744824 -0.225223 -0.946436 0.751686 -0.225223 -0.934168 0.735727 -0.225223 -0.963193 0.71641 -0.225223 -0.975835 0.73194 -0.225223 -0.962973 0.744824 -0.225223 -0.950495 0.729014 -0.225223 -0.969956 0.700204 -0.225223 -0.982686 0.715375 -0.225223 -0.975835 0.73194 -0.225223 -0.963193 0.71641 -0.225223 -0.969956 0.51018 -0.225223 -0.982686 0.51018 -0.225223 -0.982686 0.715375 -0.225223 -0.969956 0.700204 -0.225223 -0.963193 -0.684259 -0.225223 -0.975835 -0.69979 -0.225223 -0.982686 -0.683224 -0.225223 -0.969956 -0.668053 -0.225223 -0.950495 -0.696864 -0.225223 -0.962973 -0.712674 -0.225223 -0.975835 -0.69979 -0.225223 -0.963193 -0.684259 -0.225223 -0.934168 -0.703576 -0.225223 -0.946436 -0.719535 -0.225223 -0.962973 -0.712674 -0.225223 -0.950495 -0.696864 -0.225223 0.968797 -0.703576 -0.225223 0.981064 -0.719535 -0.225223 -0.946436 -0.719535 -0.225223 -0.934168 -0.703576 -0.225223 0.985124 -0.696864 -0.324301 0.985124 -0.696864 -0.225223 0.968797 -0.703576 -0.225223 0.968797 -0.703576 -0.324301 0.997822 -0.684259 -0.324301 0.997822 -0.684259 -0.225223 1.00459 -0.668053 -0.324301 1.00459 -0.668053 -0.225223 0.915441 -0.580636 -0.570603 0.916753 -0.584638 -0.573775 0.911166 -0.589483 -0.573775 0.909111 -0.586966 -0.570603 0.997822 0.71641 -0.324301 0.997822 0.71641 -0.225223 1.00459 0.700204 -0.225223 1.00459 0.700204 -0.324301 0.985124 0.729014 -0.324301 0.985124 0.729014 -0.225223 0.997822 0.71641 -0.225223 0.997822 0.71641 -0.324301 0.968797 0.735727 -0.324301 0.968797 0.735727 -0.225223 0.985124 0.729014 -0.225223 0.985124 0.729014 -0.324301 -0.934168 0.735727 -0.324301 -0.934168 0.735727 -0.225223 0.968797 0.735727 -0.225223 0.968797 0.735727 -0.324301 -0.950495 0.729014 -0.324301 -0.950495 0.729014 -0.225223 -0.934168 0.735727 -0.225223 -0.934168 0.735727 -0.324301 -0.963193 0.71641 -0.324301 -0.963193 0.71641 -0.225223 -0.950495 0.729014 -0.225223 -0.950495 0.729014 -0.324301 -0.969956 0.700204 -0.324301 -0.969956 0.700204 -0.225223 -0.963193 0.71641 -0.225223 -0.963193 0.71641 -0.324301 -0.969956 0.590216 -0.324301 -0.969956 0.51018 -0.225223 -0.969956 0.700204 -0.225223 -0.969956 0.700204 -0.324301 -0.963193 -0.684259 -0.324301 -0.963193 -0.684259 -0.225223 -0.969956 -0.668053 -0.225223 -0.969956 -0.668053 -0.324301 -0.950495 -0.696864 -0.324301 -0.950495 -0.696864 -0.225223 -0.934168 -0.703576 -0.324301 -0.934168 -0.703576 -0.225223 -0.982686 0.446748 -0.225223 -0.982686 0.446748 0.510142 -0.982686 0.446748 0.510142 -0.982686 -0.683224 0.510142 -0.972844 -0.674959 0.510142 -0.972844 0.446748 0.510142 1.00747 0.707109 0.510142 1.00747 0.446748 0.510142 1.01731 0.446748 0.510142 1.01731 0.715375 0.510142 0.919254 -0.571432 -0.510719 0.916082 -0.570801 -0.507548 0.916091 0.439025 -0.507548 0.919263 0.439655 -0.510719 0.915441 -0.580636 -0.570603 0.909111 -0.586966 -0.570603 0.909111 -0.586966 -0.510719 0.915441 -0.580636 -0.510719 0.593258 0.459002 -0.570603 0.589202 0.461381 -0.573775 0.902024 0.461558 -0.573775 0.899916 0.459002 -0.570603 1.01731 0.446748 -0.225223 1.01731 -0.683224 -0.225223 1.00459 -0.668053 -0.225223 1.00459 0.446748 -0.225223 -0.969956 0.446748 -0.225223 -0.982686 0.446748 -0.225223 1.00459 0.446748 -0.225223 1.00459 -0.668053 -0.225223 1.00459 -0.668053 -0.324301 1.00459 0.526784 -0.324301 -0.969956 0.526784 -0.324301 -0.969956 0.446748 -0.225223 0.909111 -0.586966 -0.510719 0.907314 -0.584277 -0.507548 0.912752 -0.578839 -0.507548 0.915441 -0.580636 -0.510719 1.00747 -0.674959 0.510142 1.01731 -0.683224 0.510142 0.919263 0.439655 -0.570603 0.921307 0.443418 -0.573775 0.921223 -0.571806 -0.573775 0.919254 -0.571432 -0.570603 0.584054 -0.586966 -0.570603 0.577724 -0.580636 -0.570603 0.577724 -0.580636 -0.510719 0.584054 -0.586966 -0.510719 0.573912 0.439655 -0.510719 0.577083 0.439024 -0.507548 0.577083 -0.570801 -0.507548 0.573912 -0.571432 -0.510719 1.00459 0.700204 -0.225223 1.01731 0.715375 -0.225223 -0.969956 -0.668053 -0.225223 -0.982686 -0.683224 -0.225223 1.00459 0.700204 -0.324301 1.00459 0.700204 -0.225223 -0.969956 -0.668053 -0.324301 -0.969956 -0.668053 -0.225223 -0.934168 0.735727 -0.324301 -0.931724 0.723358 -0.336671 -0.943522 0.718507 -0.336671 -0.950495 0.729014 -0.324301 0.964665 0.546426 -0.560771 0.952029 0.546427 -0.573775 0.952029 0.562792 -0.561213 -0.950495 0.729014 -0.324301 -0.943522 0.718507 -0.336671 -0.952728 0.709369 -0.336671 -0.963193 0.71641 -0.324301 -0.963193 0.71641 -0.324301 -0.952728 0.709369 -0.336671 -0.957587 0.697726 -0.336671 -0.969956 0.700204 -0.324301 0.992216 0.576755 -0.336671 0.985124 0.729014 -0.324301 0.978151 0.718507 -0.336671 0.966353 0.723358 -0.336671 0.968797 0.735727 -0.324301 1.00459 0.700204 -0.324301 0.992216 0.697726 -0.336671 0.987357 0.709369 -0.336671 0.997822 0.71641 -0.324301 0.997822 0.71641 -0.324301 0.987357 0.709369 -0.336671 0.978151 0.718507 -0.336671 0.985124 0.729014 -0.324301 0.968797 0.735727 -0.324301 0.966353 0.723358 -0.336671 -0.931724 0.723358 -0.336671 -0.934168 0.735727 -0.324301 0.968797 -0.703576 -0.324301 0.966353 -0.691207 -0.336671 0.978151 -0.686356 -0.336671 0.985124 -0.696864 -0.324301 0.985124 -0.696864 -0.324301 0.978151 -0.686356 -0.336671 0.987357 -0.677218 -0.336671 0.997822 -0.684259 -0.324301 0.997822 -0.684259 -0.324301 0.987357 -0.677218 -0.336671 0.992216 -0.665576 -0.336671 1.00459 -0.668053 -0.324301 1.00459 -0.668053 -0.324301 0.992216 -0.665576 -0.336671 -0.969956 -0.668053 -0.324301 -0.957587 -0.665576 -0.336671 -0.952728 -0.677218 -0.336671 -0.963193 -0.684259 -0.324301 -0.963193 -0.684259 -0.324301 -0.952728 -0.677218 -0.336671 -0.943522 -0.686356 -0.336671 -0.950495 -0.696864 -0.324301 -0.950495 -0.696864 -0.324301 -0.943522 -0.686356 -0.336671 -0.931724 -0.691207 -0.336671 -0.934168 -0.703576 -0.324301 -0.934168 -0.703576 -0.324301 -0.931724 -0.691207 -0.336671 0.966353 -0.691207 -0.336671 0.968797 -0.703576 -0.324301 -0.957587 -0.665576 -0.336671 -0.969956 -0.668053 -0.324301 -0.930036 -0.665576 -0.560771 -0.957587 -0.665576 -0.336671 -0.957587 0.526784 -0.336671 -0.930036 0.546426 -0.560771 -0.925314 -0.677218 -0.560771 -0.952728 -0.677218 -0.336671 -0.957587 -0.665576 -0.336671 -0.930036 -0.665576 -0.560771 -0.916368 -0.686356 -0.560771 -0.943522 -0.686356 -0.336671 -0.952728 -0.677218 -0.336671 -0.925314 -0.677218 -0.560771 -0.904904 -0.691207 -0.560771 -0.931724 -0.691207 -0.336671 -0.943522 -0.686356 -0.336671 -0.916368 -0.686356 -0.560771 0.939533 -0.691207 -0.560771 0.966353 -0.691207 -0.336671 -0.931724 -0.691207 -0.336671 -0.904904 -0.691207 -0.560771 0.950997 -0.686356 -0.560771 0.978151 -0.686356 -0.336671 0.966353 -0.691207 -0.336671 0.939533 -0.691207 -0.560771 0.959943 -0.677218 -0.560771 0.987357 -0.677218 -0.336671 0.978151 -0.686356 -0.336671 0.950997 -0.686356 -0.560771 0.964665 -0.665576 -0.560771 0.992216 -0.665576 -0.336671 0.987357 -0.677218 -0.336671 0.959943 -0.677218 -0.560771 0.992216 0.526784 -0.336671 0.992216 -0.665576 -0.336671 0.964665 -0.665576 -0.560771 -0.957587 0.576755 -0.336671 0.992216 0.576755 -0.336671 -0.969956 0.700204 -0.324301 -0.957587 0.697726 -0.336671 0.952029 -0.662971 -0.573775 -0.9174 -0.662971 -0.573775 -0.9174 0.546427 -0.573775 -0.914624 -0.669817 -0.573775 -0.9174 -0.662971 -0.573775 -0.909245 -0.67531 -0.573775 -0.914624 -0.669817 -0.573775 -0.902407 -0.678204 -0.573775 -0.904904 -0.691207 -0.560771 -0.916368 -0.686356 -0.560771 -0.909245 -0.67531 -0.573775 0.943874 -0.67531 -0.573775 0.950997 -0.686356 -0.560771 0.939533 -0.691207 -0.560771 0.937036 -0.678204 -0.573775 0.949253 -0.669817 -0.573775 0.943874 -0.67531 -0.573775 0.952029 -0.662971 -0.573775 0.949253 -0.669817 -0.573775 0.952029 -0.662971 -0.573775 -0.957587 0.576755 -0.336671 -0.944584 0.590216 -0.336671 -0.9174 0.562792 -0.561213 0.979213 0.590216 -0.336671 0.992216 0.576755 -0.336671 -0.957587 0.576755 -0.336671 -0.594731 0.373481 -0.573775 0.161874 0.368919 -0.573775 -0.586209 -0.500256 -0.573775 -0.9174 -0.662971 -0.573775 -0.914624 -0.669817 -0.573775 -0.909245 -0.67531 -0.573775 -0.902407 -0.678204 -0.573775 0.170385 -0.505257 -0.573775 0.493054 -0.678204 -0.573775 -0.487747 0.288761 -0.67937 -0.559077 0.357961 -0.581794 0.134732 0.357961 -0.581794 0.0634041 0.288761 -0.67937 -0.499143 -0.224718 -0.679453 -0.570575 -0.455515 -0.581712 -0.570585 0.34669 -0.581712 -0.499134 0.277373 -0.679453 0.146239 -0.455517 -0.581712 0.139015 -0.486372 -0.577609 0.0615677 -0.236194 -0.683556 0.170385 -0.505257 -0.573775 0.161874 0.368919 -0.573775 0.0634041 0.288761 -0.67937 0.134732 0.357961 -0.581794 0.146239 0.34669 -0.581712 -0.48592 -0.236194 -0.683556 -0.563351 -0.486372 -0.577609 -0.570575 -0.455515 -0.581712 0.170385 -0.505257 -0.573775 -0.586209 -0.500256 -0.573775 -0.594731 0.373481 -0.573775 0.161874 0.368919 -0.573775 -0.594731 0.373481 -0.573775 -0.586209 -0.500256 -0.573775 -0.570585 0.34669 -0.581712 -0.559077 0.357961 -0.581794 -0.487747 0.288761 -0.67937 -0.594731 0.373481 -0.573775 -0.586209 -0.500256 -0.573775 0.170385 -0.505257 -0.573775 0.161874 0.368919 -0.573775 0.937036 -0.678204 -0.573775 0.943874 -0.67531 -0.573775 0.949253 -0.669817 -0.573775 0.899907 -0.590778 -0.510719 0.593258 -0.590778 -0.510719 0.919263 0.439655 -0.510719 0.919254 -0.571432 -0.510719 0.593258 0.459002 -0.510719 0.899916 0.459002 -0.510719 0.573912 -0.571432 -0.510719 0.573912 0.439655 -0.510719 0.585851 -0.584277 -0.507548 0.580413 -0.578839 -0.507548 0.611117 0.44719 0.587609 0.611117 0.450362 0.584438 0.607946 0.44719 0.584438 0.967665 0.366477 0.584438 0.964493 0.366477 0.587609 0.964493 0.363305 0.584438 0.611117 0.366477 0.587609 0.607946 0.366477 0.584438 0.611117 0.363305 0.584438 0.607946 0.366477 0.573364 0.611117 0.363305 0.573364 0.611117 0.363305 0.584438 0.607946 0.366477 0.584438 0.607946 0.44719 0.584438 0.611117 0.450362 0.584438 0.611117 0.450362 0.573364 0.607946 0.44719 0.573364 0.967665 0.366477 0.584438 0.964493 0.363305 0.584438 0.964493 0.363305 0.573364 0.967665 0.366477 0.573364 0.967665 0.44719 0.573364 0.964493 0.450362 0.573364 0.964493 0.450362 0.584438 0.967665 0.44719 0.584438 0.964493 0.363305 0.584438 0.964493 0.366477 0.587609 0.611117 0.366477 0.587609 0.611117 0.363305 0.584438 0.967665 0.44719 0.584438 0.964493 0.44719 0.587609 0.611117 0.450362 0.584438 0.611117 0.44719 0.587609 0.964493 0.44719 0.587609 0.964493 0.450362 0.584438 0.817101 0.614468 0.578822 0.817101 0.648197 0.578822 0.799581 0.648197 0.578822 0.799581 0.614468 0.578822 0.828116 0.614468 0.552615 0.828116 0.648197 0.552615 0.828116 0.648197 0.580745 0.828116 0.614468 0.580745 0.789785 0.614468 0.581661 0.789785 0.648197 0.581661 0.788567 0.614468 0.580745 0.788567 0.648197 0.580745 0.788567 0.648197 0.552615 0.788567 0.614468 0.552615 0.799581 0.648197 0.552615 0.799581 0.648197 0.578822 0.799581 0.614468 0.578822 0.799581 0.614468 0.552615 0.826898 0.648197 0.581661 0.826898 0.614468 0.581661 0.828116 0.648197 0.580745 0.826898 0.648197 0.581661 0.826898 0.614468 0.581661 0.828116 0.614468 0.580745 0.788567 0.614468 0.580745 0.789785 0.614468 0.581661 0.789785 0.648197 0.581661 0.788567 0.648197 0.580745 0.805893 0.566646 0.578822 0.805893 0.600375 0.578822 0.788373 0.600375 0.578822 0.788373 0.566646 0.578822 0.816908 0.566646 0.552615 0.816908 0.600375 0.552615 0.816908 0.600375 0.580745 0.816908 0.566646 0.580745 0.778577 0.566646 0.581661 0.778577 0.600375 0.581661 0.777358 0.566646 0.580745 0.777358 0.600375 0.580745 0.777358 0.600375 0.552615 0.777358 0.566646 0.552615 0.788373 0.600375 0.552615 0.788373 0.600375 0.578822 0.788373 0.566646 0.578822 0.788373 0.566646 0.552615 0.815689 0.600375 0.581661 0.815689 0.566646 0.581661 0.816908 0.600375 0.580745 0.815689 0.600375 0.581661 0.815689 0.566646 0.581661 0.816908 0.566646 0.580745 0.777358 0.566646 0.580745 0.778577 0.566646 0.581661 0.778577 0.600375 0.581661 0.777358 0.600375 0.580745 0.861213 0.51924 0.578822 0.861213 0.552969 0.578822 0.843693 0.552969 0.578822 0.843693 0.51924 0.578822 0.872228 0.51924 0.552615 0.872228 0.552969 0.552615 0.872228 0.552969 0.580745 0.872228 0.51924 0.580745 0.833897 0.51924 0.581661 0.833897 0.552969 0.581661 0.832678 0.51924 0.580745 0.832678 0.552969 0.580745 0.832678 0.552969 0.552615 0.832678 0.51924 0.552615 0.843693 0.552969 0.552615 0.843693 0.552969 0.578822 0.843693 0.51924 0.578822 0.843693 0.51924 0.552615 0.871009 0.552969 0.581661 0.871009 0.51924 0.581661 0.872228 0.552969 0.580745 0.871009 0.552969 0.581661 0.871009 0.51924 0.581661 0.872228 0.51924 0.580745 0.832678 0.51924 0.580745 0.833897 0.51924 0.581661 0.833897 0.552969 0.581661 0.832678 0.552969 0.580745 0.740201 0.471581 0.578822 0.740201 0.50531 0.578822 0.722681 0.50531 0.578822 0.722681 0.471581 0.578822 0.751216 0.471581 0.552615 0.751216 0.50531 0.552615 0.751216 0.50531 0.580745 0.751216 0.471581 0.580745 0.712885 0.471581 0.581661 0.712885 0.50531 0.581661 0.711667 0.471581 0.580745 0.711667 0.50531 0.580745 0.711667 0.50531 0.552615 0.711667 0.471581 0.552615 0.722681 0.50531 0.552615 0.722681 0.50531 0.578822 0.722681 0.471581 0.578822 0.722681 0.471581 0.552615 0.749997 0.50531 0.581661 0.749997 0.471581 0.581661 0.751216 0.50531 0.580745 0.749997 0.50531 0.581661 0.749997 0.471581 0.581661 0.751216 0.471581 0.580745 0.711667 0.471581 0.580745 0.712885 0.471581 0.581661 0.712885 0.50531 0.581661 0.711667 0.50531 0.580745 0.964493 0.363305 0.573364 0.964493 0.363305 0.584438 0.611117 0.363305 0.584438 0.611117 0.363305 0.573364 0.964493 0.450362 0.584438 0.964493 0.450362 0.573364 0.611117 0.450362 0.573364 0.611117 0.450362 0.584438 0.607946 0.366477 0.584438 0.607946 0.44719 0.584438 0.607946 0.44719 0.573364 0.607946 0.366477 0.573364 0.967665 0.366477 0.573364 0.967665 0.44719 0.573364 0.967665 0.44719 0.584438 0.967665 0.366477 0.584438 0.964493 0.366477 0.587609 0.964493 0.44719 0.587609 0.611117 0.44719 0.587609 0.611117 0.366477 0.587609 0.964493 0.450362 0.584438 0.867473 -0.530146 0.592647 0.867473 -0.526974 0.589476 0.864302 -0.530146 0.589476 0.967752 -0.590855 0.589476 0.96458 -0.590855 0.592647 0.96458 -0.594027 0.589476 0.867473 -0.590855 0.592647 0.864302 -0.590855 0.589476 0.867473 -0.594027 0.589476 0.864302 -0.590855 0.578402 0.867473 -0.594027 0.578402 0.867473 -0.526974 0.578402 0.864302 -0.530146 0.578402 0.96458 -0.594027 0.578402 0.967752 -0.590855 0.578402 0.967752 -0.530146 0.578402 0.96458 -0.526974 0.578402 0.96458 -0.526974 0.589476 0.967752 -0.530146 0.589476 0.96458 -0.594027 0.589476 0.96458 -0.590855 0.592647 0.867473 -0.590855 0.592647 0.867473 -0.594027 0.589476 0.96458 -0.530146 0.592647 0.867473 -0.526974 0.589476 0.867473 -0.530146 0.592647 0.96458 -0.530146 0.592647 0.96458 -0.526974 0.589476 0.96458 -0.594027 0.578402 0.867473 -0.594027 0.578402 0.96458 -0.526974 0.578402 0.867473 -0.526974 0.578402 0.864302 -0.530146 0.578402 0.864302 -0.590855 0.578402 0.967752 -0.590855 0.578402 0.967752 -0.530146 0.578402 0.96458 -0.590855 0.592647 0.96458 -0.530146 0.592647 0.867473 -0.530146 0.592647 0.867473 -0.590855 0.592647 0.967752 -0.377879 0.593412 0.967752 -0.377879 0.58169 0.892858 -0.377879 0.58169 0.892858 -0.377879 0.585677 0.892858 -0.410269 0.585677 0.892858 -0.377879 0.585677 0.892858 -0.377879 0.58169 0.892858 -0.410269 0.58169 0.967752 -0.410269 0.58169 0.967752 -0.410269 0.593412 0.892858 -0.410269 0.585677 0.892858 -0.410269 0.58169 0.967752 -0.410269 0.58169 0.967752 -0.377879 0.58169 0.967752 -0.377879 0.593412 0.967752 -0.410269 0.593412 0.967752 -0.410269 0.593412 0.967752 -0.377879 0.593412 0.892858 -0.377879 0.585677 0.892858 -0.410269 0.585677 </float_array>
          <technique_common>
            <accessor count="1286" offset="0" source="#meshId1-positions-array" stride="3">
              <param name="X" type="float" />
              <param name="Y" type="float" />
              <param name="Z" type="float" />
            </accessor>
          </technique_common>
        </source>
        <source id="meshId1-normals" name="meshId1-normals">
          <float_array id="meshId1-normals-array" count="3858"> 0 0 -1 0 0 -1 0 0 -1 0 0 -1 0 0 -1 0.018182 -0.0168832 -0.999692 0.0227305 -0.0326516 -0.999208 -3.749e-06 -0.0135234 -0.999909 -0.0228468 -0.0327555 -0.999202 -0.0182895 -0.0169629 -0.999689 0 0 -1 0 0 -1 0 0 -1 0 0 -1 0 0 -1 0 0 -1 0 0 -1 -0.0181821 0.0168832 -0.999692 -0.0227306 0.0326516 -0.999208 3.77854e-06 0.0135235 -0.999909 0.0228467 0.0327555 -0.999202 0.0182894 0.0169629 -0.999689 0 0 -1 0 0 -1 0 -1 0 0 -1 0 0 -1 0 0 -1 0 0 -1 0 0 -1 0 0 0.996787 0.0800999 0 0.996787 0.0800972 0 0.999197 0.0400795 0 0.999197 0.0400795 0 0.996787 0.0800972 0 0.996787 0.0800999 0 -1 0 0 -1 0 0 -1 0 0 -1 0 0 -1 0 0 -1 0 0 0.996787 -0.0800992 0 0.996787 -0.0800969 0 0.999197 -0.0400795 0 0.999197 -0.0400795 0 0.996787 -0.0800969 0 0.996787 -0.0800992 0 -1 0 0 -1 0 0 -1 0 0 -1 0 0 -1 0 0 -1 0 0 0.996787 0.0800999 0 0.996787 0.0800972 0 0.999197 0.0400795 0 0.999197 0.0400795 0 0.996787 0.0800972 0 0.996787 0.0800999 0 -1 0 0 -1 0 0 -1 0 0 -1 0 0 -1 0 0 -1 0 0 0.996787 -0.0800992 0 0.996787 -0.0800969 0 0.999197 -0.0400795 0 0.999197 -0.0400795 0 0.996787 -0.0800969 0 0.996787 -0.0800992 0 1 0 0 1 0 0 1 0 0 1 0 0 1 0 0 -1 0 0 -1 0 0 -1 0 0 -1 0 0 -1 0 0 -1 0 0 -1 0 0 -1 0 0 -1 0 0 -1 0 0 1 0 0 1 0 0 1 0 0 1 0 0 1 0 0 1 0 0 1 0 0 1 0 0 1 0 0 1 0 0 -1 0 0 -1 0 0 -1 0 0 -1 0 0 -1 0 0 -1 0 0 -1 0 0 -1 0 0 -1 0 0 -1 0 0 1 0 0 1 0 0 1 0 0 1 0 0 1 0 0 1 0 0 1 0 0 1 0 0 1 0 0 1 0 0 -1 0 0 -1 0 0 -1 0 0 -1 0 0 -1 0 0 -1 0 0 -1 0 0 -1 0 0 -1 0 0 -1 0 0 1 0 0 1 0 0 1 0 0 1 0 0 1 0 0 1 0 0 1 0 0 1 0 0 1 0 0 1 0 0 -1 0 0 -1 0 0 -1 0 0 -1 0 0 -1 0 0 -1 0 0 -1 0 0 -1 0 0 -1 0 0 -1 0 0 1 0 0 1 0 0 1 0 0 1 0 0 1 0 -0.699728 -0.0139997 -0.714272 -0.699522 -0.0279967 -0.714062 -0.699728 -0.0139997 -0.714272 0.699728 -0.0139998 -0.714272 0.699522 -0.0279968 -0.714062 0.699728 -0.0139998 -0.714272 0.699727 -0.0140384 0.714272 0.699521 -0.028074 0.714061 0.699727 -0.0140384 0.714272 -0.699727 -0.0140384 0.714272 -0.699521 -0.0280741 0.714061 -0.699727 -0.0140384 0.714272 0.699796 0 -0.714342 0.699796 0 -0.714342 0.699796 0 0.714342 0.699796 0 0.714342 -0.699796 0 0.714342 -0.699796 0 0.714342 -0.699796 0 -0.714342 -0.699796 0 -0.714342 0.999789 1.05798e-05 -0.0205652 0.999947 5.29019e-06 -0.0102831 0.999947 0 -0.0102831 0.999789 0 -0.0205651 -0.999788 2.10895e-05 -0.0205669 -0.999789 1.05448e-05 -0.020566 -0.999947 5.27265e-06 -0.0102836 -0.999947 1.05453e-05 -0.010284 0.999789 2.11596e-05 -0.0205652 0.999947 1.05804e-05 -0.0102831 0.999789 0 0.0205652 0.999947 0 0.0102831 0.999947 5.01541e-06 0.0102835 0.999789 1.00303e-05 0.020566 -0.999789 1.00637e-05 0.0205652 -0.999947 5.03213e-06 0.0102831 -0.999947 0 0.0102831 -0.999789 0 0.0205652 0.999788 2.00606e-05 0.0205668 0.999947 1.00308e-05 0.0102839 -0.999789 2.01275e-05 0.0205652 -0.999947 1.00643e-05 0.0102831 0 0 -1 0 0 -1 0 0 -1 0 0 -1 0 0 1 0 0 1 0 0 1 0 0 1 -0.999947 0 -0.0102831 -0.999789 0 -0.0205651 -0.699728 -0.0139997 -0.714272 -0.699522 -0.0279967 -0.714062 -0.699728 -0.0139997 -0.714272 0.699728 -0.0139998 -0.714272 0.699522 -0.0279968 -0.714062 0.699728 -0.0139998 -0.714272 0.699727 -0.0140384 0.714272 0.699521 -0.028074 0.714061 0.699727 -0.0140384 0.714272 -0.699727 -0.0140384 0.714272 -0.699521 -0.0280741 0.714061 -0.699727 -0.0140384 0.714272 0.699796 0 -0.714342 0.699796 0 -0.714342 0.699796 0 0.714342 0.699796 0 0.714342 -0.699796 0 0.714342 -0.699796 0 0.714342 -0.699796 0 -0.714342 -0.699796 0 -0.714342 0.999789 1.05798e-05 -0.0205652 0.999947 5.29019e-06 -0.0102831 0.999947 0 -0.0102831 0.999789 0 -0.0205651 -0.999788 2.10895e-05 -0.0205669 -0.999789 1.05448e-05 -0.020566 -0.999947 5.27265e-06 -0.0102836 -0.999947 1.05453e-05 -0.010284 0.999789 2.11596e-05 -0.0205652 0.999947 1.05804e-05 -0.0102831 0.999789 0 0.0205652 0.999947 0 0.0102831 0.999947 5.01541e-06 0.0102835 0.999789 1.00303e-05 0.020566 -0.999789 1.00637e-05 0.0205652 -0.999947 5.03213e-06 0.0102831 -0.999947 0 0.0102831 -0.999789 0 0.0205652 0.999788 2.00606e-05 0.0205668 0.999947 1.00308e-05 0.0102839 -0.999789 2.01275e-05 0.0205652 -0.999947 1.00643e-05 0.0102831 0 0 -1 0 0 -1 0 0 -1 0 0 -1 0 0 1 0 0 1 0 0 1 0 0 1 -0.999947 0 -0.0102831 -0.999789 0 -0.0205651 -0.0548345 0.0508572 0.997199 -0.0548345 0.0508572 0.997199 -0.034259 0.0491171 0.998205 -0.034259 0.0491171 0.998205 -0.0340848 0.0489615 -0.998219 -0.0545127 0.0506185 -0.997229 -0.914334 0.404961 -0 -0.981853 0.189644 -0 -0.93782 0.347121 -0 -0.914334 0.404961 -0 -1.31222e-05 0.0473244 0.99888 -1.31222e-05 0.0473244 0.99888 1.32228e-05 0.0473244 -0.99888 0.0340847 0.0489615 0.998219 0.0340847 0.0489615 0.998219 0.136605 0.686757 -0.713936 0.136605 0.686757 -0.713936 -0.136605 0.686758 -0.713935 -0.136605 0.686758 -0.713935 0 0 -1 0 0 -1 0 0 -1 0.831469 0.555571 0 0.925354 0.167977 -0.339858 0.980785 0.195091 0 0.831469 0.555571 0 0.384113 -0.551914 -0.740168 0.384113 -0.551914 -0.740168 0.145013 -0.714102 -0.684857 0.182864 -0.911282 -0.368953 0.915387 -0.18289 -0.358634 0.83147 -0.55557 0 0.83147 -0.55557 0 0.980785 -0.195091 0 0.0342589 0.0491171 -0.998205 0.0545124 0.0506185 0.997229 0.0545124 0.0506185 0.997229 -0.938331 0.17915 -0.295702 -0.813181 0.147471 -0.563017 -0.622284 0.399981 -0.672888 -0.779429 0.512327 -0.360569 0.55557 -0.831469 0 0.182864 -0.911282 -0.368953 0.195089 -0.980785 0 0.55557 -0.831469 0 -0.367723 0.58545 -0.722515 -0.367723 0.58545 -0.722515 -0.13743 0.736795 -0.662002 -0.177652 0.917739 -0.355239 0.914332 0.404965 0 0.93782 0.347123 0 0.981852 0.189647 0 0.914332 0.404965 0 -0.178817 -0.916441 -0.357995 -0.555573 -0.831468 0 -0.555573 -0.831468 0 -0.195092 -0.980785 0 -0.831472 -0.555567 0 -0.924997 -0.181885 -0.333615 -0.980787 -0.195084 0 -0.831472 -0.555567 0 0.0548342 0.0508571 -0.997199 -1 0 -0 -1 0 -0 -0.866026 -0.499999 0 -0.866026 -0.499999 0 -0.499998 -0.866026 0 -0.499998 -0.866026 0 0 -1 0 0 -1 0 -0.546597 0.837396 -0 -0.546597 0.837396 -0 0.500001 -0.866025 0 0.500001 -0.866025 0 1.85606e-06 1 0 1.85606e-06 1 0 0.866025 -0.5 0 0.866025 -0.5 0 0 0 -1 0 0 -1 0 0 -1 0 0 -1 0 0 -1 0 0 -1 0 0 -1 0 0 -1 0 0 -1 0 0 -1 0 0 -1 0.546595 0.837397 0 0.546595 0.837397 0 1.85606e-06 1 0 1.85606e-06 1 0 1 0 0 1 7.71341e-09 0 0.401323 0.559238 -0.725391 0.401323 0.559238 -0.725391 0.613557 0.366735 -0.699324 0.613557 0.366735 -0.699324 1 0 0 0.866025 -0.5 0 -0.831466 0.555576 -0 -0.980784 0.195099 -0 0.500001 -0.866025 0 -0.555569 0.831471 -0 -0.177652 0.917739 -0.355239 -0.195091 0.980785 -0 -0.555569 0.831471 -0 0 -1 0 -0.499998 -0.866026 0 0.613557 0.366735 -0.699324 0.613557 0.366735 -0.699324 0.761757 0.121398 -0.636387 0.925354 0.167977 -0.339858 0.183278 0.912064 -0.366807 0.146121 0.71726 -0.681313 0.401323 0.559238 -0.725391 0.401323 0.559238 -0.725391 -0.866026 -0.499999 0 0.582205 -0.389017 -0.713935 0.582205 -0.389017 -0.713935 0.686757 -0.136605 -0.713936 0.686757 -0.136605 -0.713936 0.136604 -0.686759 -0.713934 0.136604 -0.686759 -0.713934 0.389017 -0.582205 -0.713935 0.389017 -0.582205 -0.713935 0.183278 0.912064 -0.366807 0.555571 0.831469 0 0.555571 0.831469 0 0.195091 0.980785 0 -0.582204 0.389022 -0.713933 -0.582204 0.389022 -0.713933 -0.686756 0.13661 -0.713935 -0.686756 0.13661 -0.713935 -1 0 -0 -0.136605 0.686758 -0.713935 -0.136605 0.686758 -0.713935 -0.389017 0.582208 -0.713933 -0.389017 0.582208 -0.713933 -0.866026 0.499999 -0 0.556891 -0.386979 -0.734929 0.556891 -0.386979 -0.734929 0.384113 -0.551914 -0.740168 0.384113 -0.551914 -0.740168 0 0 -1 0 0 -1 0 0 -1 0 0 -1 0 0 -1 0 0 -1 0 0 -1 0.0928597 -0.695082 -0.712908 -0.139446 -0.686686 -0.713455 -0.139446 -0.686686 -0.713455 0 -0.707107 -0.707107 0.139446 -0.686686 -0.713455 -0.707107 0 -0.707107 -0.842919 0 -0.53804 -0.89876 -4.83091e-09 -0.438441 -0.707107 0 -0.707107 -0.707107 0 -0.707107 0.842919 0 -0.53804 0.686487 0.137492 -0.714025 0.694908 0.0915612 -0.713246 0.89876 0 -0.438441 0.707107 0 -0.707107 0.382694 0.647381 -0.659123 0 0.158498 -0.987359 -0.303004 0.242625 -0.921587 -0.507742 0.634677 -0.582567 0.212706 0.170317 -0.962158 0 0 -1 0 0 -1 0 0 -1 0 0 -1 0 0 -1 0 0 -1 0 0 -1 0 0 -1 0.218684 -0.0855147 -0.972041 -0.218693 -0.0855133 -0.972039 -0.209326 0.212623 -0.95445 0.209313 0.212623 -0.954453 0.551129 0.223489 -0.803934 0.501338 0.1856 -0.845111 0.447034 -0.0953862 -0.889417 0.543587 -0.0912777 -0.834375 0.220671 -0.243156 -0.944553 0.126913 -0.25205 -0.959356 -0.137095 -0.253972 -0.957446 -0.220687 -0.243159 -0.944548 -0.499998 0.866026 -0 -0.499998 0.866026 -0 0 1 0 0 1 0 0 1 0 0 1 0 0.500001 0.866025 0 0.500001 0.866025 0 0.866025 0.5 0 0 0.992624 -0.121235 0 0.992624 -0.121235 0 0.992624 -0.121235 0 0.992624 -0.121235 -0.38902 -0.582205 -0.713933 -0.38902 -0.582205 -0.713933 -0.136606 -0.686759 -0.713933 -0.136606 -0.686759 -0.713933 1 0 0 0.980843 -0.194799 0 0.980843 -0.194799 0 1 0 0 -1 0 -0 -0.980843 0.194799 -0 -0.980843 0.194799 -0 -1 0 -0 0.195382 0.980727 0 0.195382 0.980727 0 -0.195382 0.980727 -0 -0.195382 0.980727 -0 0.195382 -0.980727 0 0.195382 -0.980727 0 -0.195382 -0.980727 0 -0.195382 -0.980727 0 0.556166 0.831071 0 0.831868 0.554974 0 0.831868 0.554974 0 0.556166 0.831071 0 0.831868 -0.554974 0 0.556167 -0.83107 0 0.556167 -0.83107 0 0.831868 -0.554974 0 -0.831868 0.554974 -0 -0.556166 0.831071 -0 -0.556166 0.831071 -0 -0.831868 0.554974 -0 -0.556167 -0.83107 0 -0.831868 -0.554974 0 -0.831868 -0.554974 0 -0.556167 -0.83107 0 0.980843 0.194799 0 0.980843 0.194799 0 -0.980843 0.194799 -0 -0.980843 0.194799 -0 -0.980843 -0.194799 0 -0.980843 -0.194799 0 0.195382 -0.980727 0 0.195382 -0.980727 0 0 0 1 0 0 1 0 0 1 0 0 1 0 0 1 0 0 1 0 0 1 0 0 1 0 0 1 0 0 1 0 0 1 0 0 1 0 0 1 0 0 1 0 0 1 0 0 1 0 0 1 0 0 1 0 0 1 0 0 1 0 0 1 0 0 1 0 0 1 0 0 1 0 0 1 0 0 1 0 0 1 0 0 1 0 0 1 0 0 1 0 0 1 0 0 1 0 0 1 0 0 1 0 0 1 0 0 1 0 0 1 0 0 1 0 0 1 0 0 1 0 0 1 0 0 1 0 0 1 0 0 1 0.0548341 -0.0508571 0.997199 0.0548341 -0.0508571 0.997199 0.0342588 -0.0491171 0.998205 0.0342588 -0.0491171 0.998205 0.0340846 -0.0489615 -0.998219 0.0545124 -0.0506185 -0.997229 0.914332 -0.404965 0 0.981852 -0.189647 0 0.93782 -0.347123 0 0.914332 -0.404965 0 1.322e-05 -0.0473244 0.99888 1.322e-05 -0.0473244 0.99888 -1.31194e-05 -0.0473244 -0.99888 -0.0340847 -0.0489615 0.998219 -0.0340847 -0.0489615 0.998219 -0.0342589 -0.0491171 -0.998205 -0.0545127 -0.0506185 0.997229 -0.0545127 -0.0506185 0.997229 -0.914334 -0.404961 0 -0.93782 -0.347121 0 -0.981853 -0.189644 0 -0.914334 -0.404961 0 -0.0548345 -0.0508572 -0.997199 1 0 0 1 0 0 0.866025 0.500001 0 0.866025 0.500001 0 0.500001 0.866025 0 0.500001 0.866025 0 0 1 0 0 1 0 0.546592 -0.837399 0 0.546592 -0.837399 0 -0.499999 0.866026 -0 -0.499999 0.866026 -0 1.87166e-06 -1 0 1.87166e-06 -1 0 -0.866025 0.5 -0 -0.866025 0.5 -0 -0.546594 -0.837398 0 -0.546594 -0.837398 0 1.87166e-06 -1 0 1.87166e-06 -1 0 -1 0 -0 -1 -7.7134e-09 0 -1 0 -0 -0.866025 0.5 -0 -0.499999 0.866026 -0 0 1 0 0.500001 0.866025 0 0.866025 0.500001 0 1 0 0 0.866025 -0.5 0 0.500001 -0.866025 0 0.500001 -0.866025 0 0 -1 0 0 -1 0 0 0 1 0 0 1 0 0 1 0 0 1 0 0 1 0 0 1 0 0 1 0 0 1 0 0 1 0 0 1 0 0 1 0 0 1 0 0 1 0 0 1 0 0 1 0 0 1 0 0 -1 0 0 -1 0.686757 0.136605 -0.713936 0.686757 0.136605 -0.713936 0.582204 0.389016 -0.713936 0.582204 0.389016 -0.713936 0.925354 0.167977 -0.339858 0.761757 0.121398 -0.636387 0.72887 -0.146488 -0.668798 0.915387 -0.18289 -0.358634 -0.177652 0.917739 -0.355239 -0.13743 0.736795 -0.662002 0.146121 0.71726 -0.681313 0.183278 0.912064 -0.366807 0.389017 -0.582205 -0.713935 0.389017 -0.582205 -0.713935 0.582205 -0.389017 -0.713935 0.582205 -0.389017 -0.713935 -0.370524 -0.576141 -0.728542 -0.370524 -0.576141 -0.728542 -0.562001 -0.392254 -0.728211 -0.562001 -0.392254 -0.728211 -0.136606 -0.686759 -0.713933 -0.136606 -0.686759 -0.713933 0.136604 -0.686759 -0.713934 0.136604 -0.686759 -0.713934 0 0 -1 0 0 -1 0 0 -1 0 0 -1 -0.178817 -0.916441 -0.357995 -0.139181 -0.732247 -0.666665 -0.370524 -0.576141 -0.728542 -0.370524 -0.576141 -0.728542 0 0 -1 0 0 -1 -0.686758 -0.1366 -0.713936 -0.686758 -0.1366 -0.713936 -0.582208 -0.389015 -0.713934 -0.582208 -0.389015 -0.713934 0 -1 0 0 -1 0 -0.499998 -0.866026 0 -0.499998 -0.866026 0 -0.562001 -0.392254 -0.728211 -0.562001 -0.392254 -0.728211 -0.763327 -0.147868 -0.628862 -0.924997 -0.181885 -0.333615 0 0 -1 0 0 -1 0.915387 -0.18289 -0.358634 0.72887 -0.146488 -0.668798 0.556891 -0.386979 -0.734929 0.556891 -0.386979 -0.734929 0 0 -1 0 0 -1 0 0 -1 -0.866026 -0.499999 0 -0.582208 -0.389015 -0.713934 -0.582208 -0.389015 -0.713934 -0.38902 -0.582205 -0.713933 -0.38902 -0.582205 -0.713933 0 0 -1 0.389016 0.582204 -0.713936 0.389016 0.582204 -0.713936 0.136605 0.686757 -0.713936 0.136605 0.686757 -0.713936 0 0 -1 0 0 -1 0.83147 -0.55557 0 0.55557 -0.831469 0 0.55557 -0.831469 0 0.83147 -0.55557 0 -0.555573 -0.831468 0 -0.831472 -0.555567 0 -0.831472 -0.555567 0 -0.555573 -0.831468 0 0 0 -1 0 0 -1 0 0 -1 0 0 -1 0 0 -1 0 0 -1 0 0 -1 0 0 -1 0 0 -1 0 0 -1 0 0 -1 0 0 -1 0.582204 0.389016 -0.713936 0.582204 0.389016 -0.713936 0.389016 0.582204 -0.713936 0.389016 0.582204 -0.713936 0 0 -1 0 0 -1 0 0 -1 0 0 -1 0 0 -1 0 0 -1 0 0 -1 0 0 -1 0 0 -1 0 0 -1 0 0 -1 0 0 -1 0 0 -1 0 0 -1 0 0 -1 0 0 -1 0 0 -1 0 0 -1 0 0 -1 0 0 -1 0 0 -1 0 0 -1 0 0 -1 0 0 -1 0 0 -1 0 0 -1 0 0 -1 0 0 -1 0 0 -1 0 0 -1 0 0 -1 0 0 -1 0 0 -1 0 0 -1 0 0 -1 0 0 -1 0 0 -1 0 0 -1 0 0 -1 0 0 -1 0 0 -1 0 0 -1 0 0 -1 0 0 -1 0 0 -1 0 0 -1 0 0 -1 0 0 -1 0.55293 -0.833228 0 0.55293 -0.833228 0 0.193804 -0.98104 0 0.193804 -0.98104 0 0.829699 -0.558211 0 0.829699 -0.558211 0 0.980527 -0.196382 0 0.980527 -0.196382 0 -0.779429 0.512327 -0.360569 -0.622284 0.399981 -0.672888 -0.367723 0.58545 -0.722515 -0.367723 0.58545 -0.722515 0.8297 0.55821 0 0.8297 0.55821 0 0.980527 0.196383 0 0.980527 0.196383 0 0.552929 0.833228 0 0.552929 0.833228 0 0.8297 0.55821 0 0.8297 0.55821 0 0.193802 0.981041 0 0.193802 0.981041 0 0.552929 0.833228 0 0.552929 0.833228 0 -0.193802 0.981041 -0 -0.193802 0.981041 -0 0.193802 0.981041 0 0.193802 0.981041 0 -0.552929 0.833228 -0 -0.552929 0.833228 -0 -0.193802 0.981041 -0 -0.193802 0.981041 -0 -0.8297 0.55821 -0 -0.8297 0.55821 -0 -0.552929 0.833228 -0 -0.552929 0.833228 -0 -0.980527 0.196383 -0 -0.980527 0.196383 -0 -0.8297 0.55821 -0 -0.8297 0.55821 -0 -1 0 -0 -1 0 -0 -0.980527 0.196383 -0 -0.980527 0.196383 -0 -0.829699 -0.558211 0 -0.829699 -0.558211 0 -0.980527 -0.196382 0 -0.980527 -0.196382 0 -0.55293 -0.833228 0 -0.55293 -0.833228 0 -0.193804 -0.98104 0 -0.193804 -0.98104 0 -1 0 -0 -1 0 -0 0 0 1 0 0 1 0 0 1 0 0 1 0 0 1 0 0 1 0 0 1 0 0 1 -0.686756 0.13661 -0.713935 -0.686756 0.13661 -0.713935 -0.686758 -0.1366 -0.713936 -0.686758 -0.1366 -0.713936 -0.779429 0.512327 -0.360569 -0.555569 0.831471 -0 -0.555569 0.831471 -0 -0.831466 0.555576 -0 0.182864 -0.911282 -0.368953 0.145013 -0.714102 -0.684857 -0.139181 -0.732247 -0.666665 -0.178817 -0.916441 -0.357995 0 0 -1 0 0 -1 0 0 -1 0 0 -1 0 0 -1 0 0 -1 1 0 0 0.980527 -0.196382 0 0.980527 -0.196382 0 1 0 0 -1 0 -0 -1 0 -0 -0.389017 0.582208 -0.713933 -0.389017 0.582208 -0.713933 -0.582204 0.389022 -0.713933 -0.582204 0.389022 -0.713933 0 0 1 0 0 1 -0.924997 -0.181885 -0.333615 -0.763327 -0.147868 -0.628862 -0.813181 0.147471 -0.563017 -0.938331 0.17915 -0.295702 0.555571 0.831469 0 0.831469 0.555571 0 0.831469 0.555571 0 0.555571 0.831469 0 0.686757 -0.136605 -0.713936 0.686757 -0.136605 -0.713936 0.686757 0.136605 -0.713936 0.686757 0.136605 -0.713936 0 0 -1 0 0 -1 0 0 -1 0 0 -1 0.980527 0.196383 0 0.980527 0.196383 0 -0.980527 -0.196382 0 -0.980527 -0.196382 0 -0.135721 0.68703 -0.713842 -0.135721 0.68703 -0.713842 -0.38719 0.58347 -0.713895 -0.38719 0.58347 -0.713895 0.892977 0.24384 -0.37833 0.212706 0.170317 -0.962158 0.382694 0.647381 -0.659123 -0.38719 0.58347 -0.713895 -0.38719 0.58347 -0.713895 -0.580935 0.390845 -0.713971 -0.580935 0.390845 -0.713971 -0.580935 0.390845 -0.713971 -0.580935 0.390845 -0.713971 -0.686487 0.137492 -0.714025 -0.686487 0.137492 -0.714025 0 0 -1 0.38719 0.58347 -0.713895 0.38719 0.58347 -0.713895 0.135721 0.68703 -0.713842 0.135721 0.68703 -0.713842 0.694908 0.0915612 -0.713246 0.686487 0.137492 -0.714025 0.580935 0.390845 -0.713971 0.580935 0.390845 -0.713971 0.580935 0.390845 -0.713971 0.580935 0.390845 -0.713971 0.38719 0.58347 -0.713895 0.38719 0.58347 -0.713895 0.135721 0.68703 -0.713842 0.135721 0.68703 -0.713842 -0.135721 0.68703 -0.713842 -0.135721 0.68703 -0.713842 0.135722 -0.687029 -0.713842 0.135722 -0.687029 -0.713842 0.387191 -0.58347 -0.713895 0.387191 -0.58347 -0.713895 0.387191 -0.58347 -0.713895 0.387191 -0.58347 -0.713895 0.748797 -0.500076 -0.435002 0.580935 -0.390846 -0.713971 0.580935 -0.390846 -0.713971 0.748797 -0.500076 -0.435002 0.879213 -0.174803 -0.443202 0.686487 -0.137492 -0.714025 0.686487 -0.137492 -0.714025 0.879213 -0.174803 -0.443202 -0.686487 -0.137492 -0.714025 -0.879213 -0.174803 -0.443202 -0.748797 -0.500077 -0.435001 -0.580935 -0.390846 -0.713971 -0.580935 -0.390846 -0.713971 -0.748797 -0.500077 -0.435001 -0.387191 -0.58347 -0.713895 -0.387191 -0.58347 -0.713895 -0.387191 -0.58347 -0.713895 -0.387191 -0.58347 -0.713895 -0.135722 -0.687029 -0.713842 -0.135722 -0.687029 -0.713842 -0.135722 -0.687029 -0.713842 -0.135722 -0.687029 -0.713842 0.135722 -0.687029 -0.713842 0.135722 -0.687029 -0.713842 -0.879213 -0.174803 -0.443202 -0.686487 -0.137492 -0.714025 -0.882569 -0.173463 -0.437015 -0.879213 -0.174803 -0.443202 -0.89876 -4.83091e-09 -0.438441 -0.89294 0.243825 -0.378429 -0.753238 -0.497299 -0.430496 -0.748797 -0.500077 -0.435001 -0.879213 -0.174803 -0.443202 -0.882569 -0.173463 -0.437015 -0.508977 -0.752642 -0.417699 -0.556536 -0.828078 -0.0674948 -0.748797 -0.500077 -0.435001 -0.753238 -0.497299 -0.430496 -0.196142 -0.980291 -0.0236185 -0.196142 -0.980291 -0.0236185 -0.556536 -0.828078 -0.0674948 -0.508977 -0.752642 -0.417699 0.196142 -0.980291 -0.0236221 0.196142 -0.980291 -0.0236221 -0.196142 -0.980291 -0.0236185 -0.196142 -0.980291 -0.0236185 0.508976 -0.752641 -0.417701 0.556535 -0.828077 -0.0675012 0.196142 -0.980291 -0.0236221 0.196142 -0.980291 -0.0236221 0.753237 -0.497299 -0.430497 0.748797 -0.500076 -0.435002 0.556535 -0.828077 -0.0675012 0.508976 -0.752641 -0.417701 0.88257 -0.173463 -0.437014 0.879213 -0.174803 -0.443202 0.748797 -0.500076 -0.435002 0.753237 -0.497299 -0.430497 0.89876 0 -0.438441 0.879213 -0.174803 -0.443202 0.88257 -0.173463 -0.437014 -0.842919 0 -0.53804 0.842919 0 -0.53804 -0.686487 0.137492 -0.714025 -0.686487 0.137492 -0.714025 0 0 -1 -0.696798 -0.135763 -0.704301 -0.303004 0.242625 -0.921587 -0.591765 -0.387309 -0.70697 -0.696798 -0.135763 -0.704301 -0.396398 -0.581108 -0.710762 -0.591765 -0.387309 -0.70697 -0.139446 -0.686686 -0.713455 -0.139446 -0.686686 -0.713455 -0.508977 -0.752642 -0.417699 -0.396398 -0.581108 -0.710762 0.396398 -0.581108 -0.710762 0.508976 -0.752641 -0.417701 0.0928597 -0.695082 -0.712908 0.139446 -0.686686 -0.713455 0.591765 -0.387309 -0.70697 0.396398 -0.581108 -0.710762 0.696801 -0.135762 -0.704299 0.591765 -0.387309 -0.70697 0.696801 -0.135762 -0.704299 -0.74619 0.642591 -0.174004 -0.74619 0.642591 -0.174004 -0.507742 0.634677 -0.582567 0.746257 0.642642 -0.173526 0.746257 0.642642 -0.173526 0 0 -1 0 0 -1 0 0 -1 0 0 -1 0 0 -1 0 0 -1 0 0 -1 0 0 -1 0 0 -1 0 0 -1 -0.220506 0.55799 -0.800015 -0.171831 0.529202 -0.830915 0.184626 0.539375 -0.821576 0.220501 0.557993 -0.800015 -0.543618 -0.0912776 -0.834355 -0.455057 -0.0980716 -0.885045 -0.490564 0.172488 -0.854163 -0.55115 0.223489 -0.80392 0.447034 -0.0953862 -0.889417 0.126913 -0.25205 -0.959356 0.220671 -0.243156 -0.944553 0.143628 -0.125891 -0.981592 0.204514 0.250921 -0.946157 0.220501 0.557993 -0.800015 0.184626 0.539375 -0.821576 0.501338 0.1856 -0.845111 -0.220687 -0.243159 -0.944548 -0.137095 -0.253972 -0.957446 -0.455057 -0.0980716 -0.885045 0.143628 -0.125891 -0.981592 -0.156645 -0.129656 -0.979107 -0.186459 0.233171 -0.954392 0.204514 0.250921 -0.946157 -0.186459 0.233171 -0.954392 -0.156645 -0.129656 -0.979107 -0.490564 0.172488 -0.854163 -0.171831 0.529202 -0.830915 -0.220506 0.55799 -0.800015 -0.186459 0.233171 -0.954392 -0.156645 -0.129656 -0.979107 0.143628 -0.125891 -0.981592 0.204514 0.250921 -0.946157 0 0 -1 0 0 -1 0 0 -1 -0.195091 0.980785 -0 0.195091 0.980785 0 -0.980787 -0.195084 0 -0.980784 0.195099 -0 0.195089 -0.980785 0 -0.195092 -0.980785 0 0.980785 0.195091 0 0.980785 -0.195091 0 0 0 -1 0 0 -1 -0.476511 0.476505 0.738837 -0.302908 0.67388 0.673893 -0.673888 0.302901 0.673888 0.673881 -0.302905 0.673894 0.476505 -0.476508 0.738839 0.302902 -0.673885 0.673891 -0.476511 -0.476507 0.738836 -0.673888 -0.302903 0.673888 -0.302907 -0.673884 0.67389 -0.92388 -0.382681 0 -0.70711 -0.707103 0 -0.70711 -0.707103 0 -0.92388 -0.382681 0 -0.923881 0.382679 -0 -0.707114 0.7071 -0 -0.707114 0.7071 -0 -0.923881 0.382679 -0 0.707103 -0.70711 0 0.382681 -0.92388 0 0.382681 -0.92388 0 0.707103 -0.70711 0 0.92388 0.382683 0 0.382683 0.92388 0 0.382683 0.92388 0 0.92388 0.382683 0 0.302902 -0.673885 0.673891 0.476505 -0.476508 0.738839 -0.476511 -0.476507 0.738836 -0.302907 -0.673884 0.67389 0.673881 0.302903 0.673894 0.476505 0.476505 0.73884 -0.302908 0.67388 0.673893 -0.476511 0.476505 0.738837 0.476505 0.476505 0.73884 0.302903 0.673881 0.673894 -0.140586 0 0.990068 -0.140586 0 0.990068 0.140586 0 0.990068 0.140586 0 0.990068 1 0 0 1 0 0 1 0 0 1 0 0 0.278379 0 0.960471 0.278379 0 0.960471 -1 0 -0 -1 0 -0 -1 0 -0 -1 0 -0 0 1 0 0 1 0 0 -1 0 0 -1 0 -0.278379 0 0.960471 -0.278379 0 0.960471 0.600654 0 0.799509 0.600654 0 0.799509 0.600654 0 0.799509 0.600654 0 0.799509 -0.600673 0 0.799495 -0.600673 0 0.799495 -0.600673 0 0.799495 -0.600673 0 0.799495 -0.140586 0 0.990068 -0.140586 0 0.990068 0.140586 0 0.990068 0.140586 0 0.990068 1 0 0 1 0 0 1 0 0 1 0 0 0.278379 0 0.960471 0.278379 0 0.960471 -1 0 -0 -1 0 -0 -1 0 -0 -1 0 -0 0 1 0 0 1 0 0 -1 0 0 -1 0 -0.278379 0 0.960471 -0.278379 0 0.960471 0.600654 0 0.799509 0.600654 0 0.799509 0.600654 0 0.799509 0.600654 0 0.799509 -0.600673 0 0.799495 -0.600673 0 0.799495 -0.600673 0 0.799495 -0.600673 0 0.799495 -0.140586 0 0.990068 -0.140586 0 0.990068 0.140586 0 0.990068 0.140586 0 0.990068 1 0 0 1 0 0 1 0 0 1 0 0 0.278379 0 0.960471 0.278379 0 0.960471 -1 0 -0 -1 0 -0 -1 0 -0 -1 0 -0 0 1 0 0 1 0 0 -1 0 0 -1 0 -0.278379 0 0.960471 -0.278379 0 0.960471 0.600673 0 0.799495 0.600673 0 0.799495 0.600673 0 0.799495 0.600673 0 0.799495 -0.600654 0 0.799509 -0.600654 0 0.799509 -0.600654 0 0.799509 -0.600654 0 0.799509 -0.140586 0 0.990068 -0.140586 0 0.990068 0.140586 0 0.990068 0.140586 0 0.990068 1 0 0 1 0 0 1 0 0 1 0 0 0.278379 0 0.960471 0.278379 0 0.960471 -1 0 -0 -1 0 -0 -1 0 -0 -1 0 -0 0 1 0 0 1 0 0 -1 0 0 -1 0 -0.278379 0 0.960471 -0.278379 0 0.960471 0.600654 0 0.799509 0.600654 0 0.799509 0.600654 0 0.799509 0.600654 0 0.799509 -0.600673 0 0.799495 -0.600673 0 0.799495 -0.600673 0 0.799495 -0.600673 0 0.799495 0.382681 -0.92388 0 0.382681 -0.92388 0 0 -1 0 0 -1 0 0.382683 0.92388 0 0.382683 0.92388 0 0 1 0 0 1 0 -0.92388 -0.382681 0 -0.923881 0.382679 -0 -0.923881 0.382679 -0 -0.92388 -0.382681 0 1 0 0 0.92388 0.382683 0 0.92388 0.382683 0 1 0 0 0 0 1 0 0 1 0 0 1 0 0 1 0.302903 0.673881 0.673894 -0.476509 0.476516 0.738831 -0.366997 0.854767 0.366997 -0.854762 0.367006 0.367 0.854767 -0.366997 0.366997 0.476516 -0.476509 0.738831 0.367006 -0.854762 0.367 -0.47651 -0.47651 0.738834 -0.854763 -0.367001 0.367001 -0.367001 -0.854763 0.367001 -0.92388 -0.382683 0 -0.382683 -0.92388 0 -0.382679 0.923881 -0 -0.7071 0.707114 -0 0.707114 -0.7071 0 0.923881 -0.382679 0 0.92388 0.382683 0 0.382683 0.92388 0 0.367002 0.854765 0.366996 0.854765 0.367002 0.366996 0.367006 -0.854762 0.367 0.476516 -0.476509 0.738831 -0.47651 -0.47651 0.738834 -0.367001 -0.854763 0.367001 0.476515 0.476515 0.738828 -0.366997 0.854767 0.366997 -0.476509 0.476516 0.738831 0.476515 0.476515 0.738828 0.367002 0.854765 0.366996 0 -1 0 -0.382683 -0.92388 0 0.382683 0.92388 0 -0.382679 0.923881 -0 -1 0 -0 -0.92388 -0.382683 0 0.923881 -0.382679 0 0.92388 0.382683 0 0 0 1 0 0 1 0 0 1 0 0 1 0 1 0 0 1 0 0 1 0 0 1 0 -1 0 -0 -1 0 -0 -1 0 -0 -1 0 -0 0 -1 0 0 -1 0 0 -1 0 0 -1 0 1 0 0 1 0 0 1 0 0 1 0 0 -0.102737 0 0.994709 -0.102737 0 0.994709 -0.102737 0 0.994709 -0.102737 0 0.994709 </float_array>
          <technique_common>
            <accessor count="1286" offset="0" source="#meshId1-normals-array" stride="3">
              <param name="X" type="float" />
              <param name="Y" type="float" />
              <param name="Z" type="float" />
            </accessor>
          </technique_common>
        </source>
        <source id="meshId1-tangents" name="meshId1-tangents">
          <float_array id="meshId1-tangents-array" count="3858"> -0.990199 0.139661 0 -0.990202 0.139642 0 -0.990202 0.139643 0 -0.990201 0.139649 0 -0.990202 0.139644 0 -0.990076 0.13905 -0.0203554 -0.989978 0.138605 -0.0270498 -0.990215 0.139536 -0.00188346 -0.989915 0.140509 0.0180283 -0.989933 0.140657 0.0157244 -0.99018 0.139798 0 -0.99019 0.139725 0 0.990199 -0.13966 0 0.990202 -0.139642 0 0.990202 -0.139643 0 0.990201 -0.139649 0 0.990202 -0.139645 0 0.990076 -0.139048 -0.0203555 0.989978 -0.138603 -0.0270498 0.990215 -0.139536 -0.00188344 0.989915 -0.14051 0.0180282 0.989933 -0.140663 0.0157241 0.99018 -0.139795 0 0.99019 -0.139725 0 0.0431644 0 0.999068 0.0450446 0 0.998985 0.0242531 0 0.999706 0.0242503 0 0.999706 0.0456964 0 0.998955 0.0455527 0 0.998962 -0.00380034 -0.0800993 0.99678 -0.00368626 -0.0800966 0.99678 -0.00341203 -0.0400792 0.999191 -0.00342405 -0.0400792 0.999191 -0.00399987 -0.0800966 0.996779 -0.00380101 -0.0800993 0.99678 0.00417183 0 0.999991 0.00417987 0 0.999991 0.00366717 0 0.999993 0.00366713 0 0.999993 0.00420338 0 0.999991 0.00419047 0 0.999991 0.075248 0.0798721 0.993961 0.073456 0.0798805 0.994094 0.0356109 0.040054 0.998563 0.0357162 0.0400539 0.998559 0.0743518 0.0798751 0.994028 0.0736432 0.0798817 0.99408 0.0431555 0 0.999068 0.0450424 0 0.998985 0.0242531 0 0.999706 0.0242503 0 0.999706 0.0456973 0 0.998955 0.0455525 0 0.998962 -0.00380034 -0.0800993 0.99678 -0.00368626 -0.0800966 0.99678 -0.00341203 -0.0400792 0.999191 -0.00342405 -0.0400792 0.999191 -0.00399987 -0.0800966 0.996779 -0.00380101 -0.0800993 0.99678 0.00418025 0 0.999991 0.00418188 0 0.999991 0.00366714 0 0.999993 0.00366712 0 0.999993 0.00420288 0 0.999991 0.00419067 0 0.999991 0.075248 0.0798721 0.993961 0.073456 0.0798805 0.994094 0.0356109 0.040054 0.998563 0.0357162 0.0400539 0.998559 0.0743518 0.0798751 0.994028 0.0736432 0.0798817 0.99408 1 0 0 1 0 -2.33662e-07 1 0 -1.23941e-06 1 0 -7.45218e-06 1 0 -3.65925e-06 1 0 0 1 0 -1.06059e-06 1 0 -4.65187e-06 1 0 -7.65432e-06 1 0 -4.88887e-06 -1 0 3.19532e-05 -1 0 1.18186e-05 -1 0 -6.65485e-07 -1 0 0 -1 0 4.98048e-07 -1 0 2.25552e-05 -1 0 1.02159e-05 -1 0 1.58099e-06 -1 0 0 -1 0 1.0583e-06 1 0 0 1 0 -2.33662e-07 1 0 -1.23941e-06 1 0 -7.45218e-06 1 0 -3.65925e-06 1 0 0 1 0 -1.06059e-06 1 0 -4.65187e-06 1 0 -7.6544e-06 1 0 -4.88892e-06 -1 0 3.19532e-05 -1 0 1.18186e-05 -1 0 -6.65485e-07 -1 0 0 -1 0 4.98048e-07 -1 0 2.25563e-05 -1 0 1.02162e-05 -1 0 1.58098e-06 -1 0 0 -1 0 1.05825e-06 1 0 0 1 0 -2.33663e-07 1 0 -1.23942e-06 1 0 -7.45229e-06 1 0 -3.65934e-06 1 0 0 1 0 -1.06059e-06 1 0 -4.65185e-06 1 0 -7.65429e-06 1 0 -4.88884e-06 -1 0 3.19548e-05 -1 0 1.1819e-05 -1 0 -6.65486e-07 -1 0 0 -1 0 4.97976e-07 -1 0 2.25552e-05 -1 0 1.02159e-05 -1 0 1.58097e-06 -1 0 0 -1 0 1.0583e-06 1 0 0 1 0 -2.33662e-07 1 0 -1.23941e-06 1 0 -7.45212e-06 1 0 -3.65918e-06 1 0 0 1 0 -1.06059e-06 1 0 -4.65187e-06 1 0 -7.6544e-06 1 0 -4.88892e-06 -1 0 3.19516e-05 -1 0 1.18182e-05 -1 0 -6.65489e-07 -1 0 0 -1 0 4.98008e-07 -1 0 2.25563e-05 -1 0 1.02162e-05 -1 0 1.58098e-06 -1 0 0 -1 0 1.05825e-06 0.71398 0.0209449 -0.699852 0.713775 0.020946 -0.700062 0.71398 0.0209575 -0.699852 0.714405 0.017362 0.699517 0.714574 0.0172935 0.699346 0.714402 0.0182221 0.699498 -0.714238 0.00816841 0.699855 -0.714158 0.00816908 0.699937 -0.71424 0.00804409 0.699854 -0.714396 0.00748133 -0.699702 -0.714469 0.00747769 -0.699627 -0.714396 0.00748027 -0.699702 0.714141 0.0237248 0.699599 0.71417 0.0219587 0.699628 -0.714321 0.0077121 0.699776 -0.71432 0.0078387 0.699775 -0.714322 0.00748281 -0.699777 -0.714322 0.00748281 -0.699777 0.714185 0.0210087 -0.699642 0.714185 0.0209907 -0.699642 0.0205581 0.0256765 0.999459 0.010282 0.014316 0.999845 0.0102821 0.0141746 0.999847 0.0205584 0.0256572 0.999459 -0.0205668 -0.0035386 0.999782 -0.0205659 -0.00352923 0.999782 -0.0102835 -0.00306356 0.999942 -0.010284 -0.00305082 0.999942 0.0205579 0.025677 0.999459 0.010282 0.0141441 0.999847 -0.0205649 0.00460558 0.999778 -0.010283 0.00384925 0.99994 -0.0102835 0.00383139 0.99994 -0.0205658 0.00470156 0.999777 0.020565 -0.00352013 0.999782 0.0102831 -0.00306362 0.999942 0.0102831 -0.00306322 0.999942 0.020565 -0.00352032 0.999782 -0.0205667 0.00479532 0.999777 -0.0102839 0.00378809 0.99994 0.020565 -0.00351991 0.999782 0.0102831 -0.00305199 0.999942 0.999775 0.0211908 0 0.999779 0.0210419 0 0.999785 0.0207078 0 0.999782 0.0208567 0 -0.999972 0.00749495 0 -0.999972 0.00748493 0 -0.999972 0.00746243 0 -0.999972 0.00747246 0 -0.0102831 -0.00306422 0.999942 -0.020565 -0.00352042 0.999782 0.71398 0.0209451 -0.699852 0.713775 0.0209463 -0.700062 0.71398 0.0209576 -0.699852 0.714405 0.017362 0.699517 0.714574 0.0172936 0.699346 0.714402 0.0182221 0.699498 -0.714238 0.00816831 0.699855 -0.714158 0.00816891 0.699937 -0.71424 0.00804399 0.699854 -0.714396 0.0074813 -0.699702 -0.714469 0.00747762 -0.699627 -0.714396 0.00748024 -0.699702 0.714141 0.0237247 0.699599 0.71417 0.0219586 0.699628 -0.714321 0.00771207 0.699776 -0.71432 0.00783866 0.699775 -0.714322 0.00748284 -0.699777 -0.714322 0.00748284 -0.699777 0.714185 0.0210088 -0.699642 0.714185 0.0209907 -0.699642 0.0205581 0.0256765 0.999459 0.010282 0.014316 0.999845 0.0102821 0.0141746 0.999847 0.0205584 0.0256572 0.999459 -0.0205668 -0.0035386 0.999782 -0.0205659 -0.00352924 0.999782 -0.0102835 -0.00306356 0.999942 -0.010284 -0.00305082 0.999942 0.0205579 0.025677 0.999459 0.010282 0.0141441 0.999847 -0.0205649 0.00460558 0.999778 -0.010283 0.00384925 0.99994 -0.0102835 0.00383139 0.99994 -0.0205658 0.00470156 0.999777 0.020565 -0.00352013 0.999782 0.0102831 -0.00306362 0.999942 0.0102831 -0.00306322 0.999942 0.020565 -0.00352032 0.999782 -0.0205667 0.00479532 0.999777 -0.0102839 0.00378809 0.99994 0.020565 -0.00351991 0.999782 0.0102831 -0.00305199 0.999942 0.999775 0.0211908 0 0.999779 0.0210419 0 0.999785 0.0207078 0 0.999782 0.0208567 0 -0.999972 0.00749495 0 -0.999972 0.00748493 0 -0.999972 0.00746243 0 -0.999972 0.00747246 0 -0.0102831 -0.00306422 0.999942 -0.020565 -0.00352042 0.999782 -0.991365 -0.121913 -0.0482961 -0.991364 -0.121924 -0.0482955 -0.992261 -0.120945 -0.0281038 -0.99226 -0.120956 -0.0281032 0.989624 -0.137841 -0.0405522 0.988711 -0.136856 -0.0609938 0 0 -1 0 0 -1 0 0 -1 0 0 -1 -0.992841 -0.119311 0.00563961 -0.992841 -0.119313 0.00563969 0.990208 -0.139445 -0.00659345 -0.992259 -0.117683 0.0396534 -0.992259 -0.117683 0.0396534 0.990626 -0.094736 0.0984169 0.990626 -0.094736 0.0984169 0.990626 0.0946663 -0.0984848 0.990626 0.0946663 -0.0984848 0.000223631 -1 0 0.00214416 -0.999998 0 -0.00129667 -0.999999 0 0.209129 -0.312983 0.926449 0.377385 -0.322905 0.867936 0.0734363 -0.369189 0.926449 0.209129 -0.312983 0.926449 0.92043 0.165896 0.353959 0.92042 0.165776 0.354043 0.98159 0.0168697 0.190254 0.959814 0.0842182 0.267702 0.400194 0.316642 0.85999 0.209071 0.312897 0.92649 0.209071 0.312897 0.92649 0.0734164 0.369087 0.926491 0.989635 -0.141038 0.0270249 -0.991351 -0.116658 0.0601126 -0.991351 -0.116662 0.0601128 0.336448 0.276223 -0.90028 0.581533 0.166697 -0.796261 0.756879 0.0880986 -0.64759 0.519312 0.206417 -0.829281 0.765956 0.511796 0.389071 0.955997 0.077249 0.283023 0.903478 0.179712 0.389141 0.765934 0.511781 0.389134 0.92615 0.160529 -0.341287 0.92615 0.160532 -0.341285 0.981635 0.0120369 -0.190388 0.960715 0.0835223 -0.26467 0 0 -1 0 0 -1 0 0 -1 0 0 -1 0.955269 -0.0746024 -0.286175 0.765982 -0.511816 -0.388994 0.765982 -0.511816 -0.388994 0.903539 -0.179727 -0.388993 0.209127 -0.312982 -0.926449 0.376463 -0.319585 -0.869564 0.0734364 -0.369203 -0.926443 0.209135 -0.312994 -0.926443 0.988754 -0.141928 0.0471314 0 0 -1 0 0 -1 0 0 -1 0 0 -1 0 0 -1 0 0 -1 0 0 -1 0 0 -1 0 0 -1 0 0 -1 0 0 -1 0 0 -1 0 0 -1 0 0 -1 0 0 -1 0 0 -1 2.77479e-06 -1 0 1.58917e-07 -1 0 -5.15874e-07 -1 0 -6.26291e-07 -1 0 -6.30315e-07 -1 0 2.3315e-05 -1 0 -1.5658e-05 -1 0 1.57501e-05 -1 0 4.69602e-06 -1 0 7.00493e-07 -1 0 0 -1 0 0 0 -1 0 0 -1 0 0 -1 0 0 -1 0 0 -1 0 0 -1 0.89954 -0.0914646 0.427156 0.89929 -0.0902758 0.427935 0.785785 -0.196041 0.586608 0.785631 -0.194259 0.587407 0 0 -1 0 0 -1 0.209074 0.312897 -0.92649 0.0734202 0.369091 -0.926489 0 0 -1 0.765934 0.511779 -0.389137 0.955058 0.0737457 -0.287098 0.90348 0.179714 -0.389136 0.765934 0.511779 -0.389137 0 0 -1 0 0 -1 0.772416 -0.0947142 0.628015 0.771397 -0.0890469 0.630093 0.647861 -0.140409 0.748707 0.369764 -0.202152 0.906868 0.963025 -0.0916262 0.253354 0.981476 -0.0188481 0.190654 0.912956 -0.180394 0.366019 0.912848 -0.17922 0.366864 0 0 -1 0.792729 0.0765486 0.604749 0.792722 0.0765153 0.604762 0.726725 0.108251 0.678346 0.726725 0.108293 0.678339 0.984163 0.0118975 0.176866 0.984163 0.0118994 0.176864 0.91737 0.173948 0.358015 0.91737 0.173945 0.358016 0.955688 -0.0778688 0.283897 0.76598 -0.511812 0.389003 0.765961 -0.511799 0.389058 0.903515 -0.179721 0.389051 0.792701 0.0764061 -0.604804 0.792701 0.0764062 -0.604804 0.726725 0.108234 -0.678348 0.726725 0.108234 -0.678348 0 0 -1 0.984163 0.0118976 -0.176866 0.984163 0.0118995 -0.176864 0.91737 0.173948 -0.358015 0.917369 0.173946 -0.358017 0 0 -1 0.825832 0.163443 0.539711 0.825838 0.163503 0.539684 0.908009 0.0805823 0.411128 0.908014 0.0806056 0.411113 -0.00522813 -0.999986 0 -0.0107449 -0.999942 0 -0.0108919 -0.999941 0 1 -5.68387e-05 0 1 -9.01054e-05 0 1 6.92079e-05 0 1 -4.52939e-05 0 0.00895989 -0.71539 0.698668 -0.00355961 -0.720142 0.693818 -0.00355649 -0.720142 0.693817 -0.00115365 -0.707106 0.707106 0.0106106 -0.719417 0.694498 0 -1 0 0 -1 0 4.34183e-09 -1 2.11807e-09 0 -1 0 0 -1 0 0 -1 0 0.0952913 -0.990503 -0.0991139 0.063895 -0.9958 -0.0655812 0 -1 0 0 -1 0 0.0502177 -0.726955 -0.684847 -0.00227452 -0.987357 -0.158497 0.0251875 -0.964672 -0.262249 -0.0770748 -0.706969 -0.703032 -0.0347126 -0.982753 -0.181637 1 -3.10439e-05 0 1 -4.18124e-05 0 1 -5.54212e-05 0 1 -5.08855e-05 0 -0.0110407 -0.999939 0 -0.00591757 -0.999983 0 -0.00867076 -0.999962 0 -0.00496044 -0.999988 0 -0.975747 -0.00920506 -0.218708 -0.9754 -0.00912946 0.220253 -0.977218 -0.0105024 0.211979 -0.976431 -0.00709187 -0.215713 -0.824282 -0.00390816 -0.566165 -0.857692 -0.0222273 -0.513683 -0.894011 -0.0142116 -0.447819 -0.837972 -0.00201402 -0.54571 -0.975307 -0.0639022 -0.211406 -0.991873 -0.0409982 -0.120443 -0.990517 0.0263544 0.134839 -0.975304 0.0461275 0.215998 0 0 -1 0 0 -1 0 0 -1 0 0 -1 0 0 -1 0 0 -1 0 0 -1 0 0 -1 0 0 -1 0.000468602 -0.121235 -0.992624 0.000400688 -0.121235 -0.992624 -0.000498482 -0.121235 -0.992624 -0.000419373 -0.121235 -0.992624 0.91738 -0.174055 -0.357937 0.917377 -0.174028 -0.357958 0.984164 -0.0119075 -0.176859 0.984169 -0.0119374 -0.176831 0 0 -1 0 0 -1 0 0 -1 0 0 -1 0 -0.000999287 -1 -0.000190872 -0.000961071 -1 -0.000191035 -0.000961891 -1 0 -0.00099923 -1 0 0 -1 0 0 -1 0 0 -1 0 0 -1 0.000961574 0.000191566 -1 0.000961574 0.000191566 -1 0.000961617 -0.000191575 -1 0.000961617 -0.000191575 -1 0 0 -1 0 0 -1 0 0 -1 0 0 -1 0 0 -1 0 0 -1 0 0 -1 0 0 -1 0 0 -1 0 0 -1 0 0 -1 0 0 -1 0.000814947 -0.000545377 -0.999999 0.000544234 -0.00081577 -0.999999 0.000544234 -0.00081577 -1 0.000814947 -0.000545377 -1 0 0 -1 0 0 -1 0 0 -1 0 0 -1 0.000191035 -0.00096189 -1 0.000191035 -0.00096189 -1 0 0 -1 0 0 -1 -0.382297 -0.92404 0 -0.382302 -0.924038 0 -0.382308 -0.924035 0 -0.382304 -0.924037 0 -0.706996 -0.707218 0 -0.706995 -0.707218 0 -0.706994 -0.70722 0 -0.706995 -0.707219 0 -0.92373 -0.383045 0 -0.923729 -0.383048 0 -0.923726 -0.383053 0 -0.923728 -0.38305 0 -0.999999 -0.00100122 0 -1 -0.000962672 0 -1 -0.000961805 0 -0.999999 -0.0010006 0 -0.924106 0.382137 0 -0.924108 0.382131 0 -0.924112 0.382123 0 -0.924109 0.382129 0 -0.70772 0.706493 0 -0.707714 0.706499 0 -0.707706 0.706507 0 -0.707711 0.706502 0 -0.383213 0.92366 0 -0.383228 0.923654 0 -0.383251 0.923644 0 -0.383237 0.92365 0 -6.85165e-05 1 0 -6.80983e-05 1 0 0 1 0 -1.29292e-07 1 0 0.383259 0.923641 0 0.383246 0.923647 0 0.383227 0.923654 0 0.38324 0.923649 0 0.707682 0.706531 0 0.707698 0.706515 0 0.707722 0.706491 0 0.707706 0.706507 0 0.924104 0.382141 0 0.924106 0.382137 0 0.924109 0.382129 0 0.924107 0.382134 0 0.991364 0.12192 -0.0482953 0.991364 0.12192 -0.0482954 0.992262 0.120943 -0.0281037 0.99226 0.120954 -0.0281032 -0.989623 0.137844 -0.0405522 -0.988713 0.136847 -0.0609931 0 0 -1 0 0 -1 0 0 -1 0 0 -1 0.992841 0.119311 0.00563953 0.992841 0.119313 0.00563961 -0.990208 0.139446 -0.00659358 0.992259 0.117685 0.0396535 0.992259 0.117685 0.0396535 -0.989636 0.141034 0.0270251 0.991351 0.116662 0.060113 0.991351 0.116657 0.0601128 0 0 -1 0 0 -1 0 0 -1 0 0 -1 -0.988752 0.141941 0.047131 0 0 -1 0 0 -1 0 0 -1 0 0 -1 0 0 -1 0 0 -1 0 0 -1 0 0 -1 0 0 -1 0 0 -1 0 0 -1 0 0 -1 0 0 -1 0 0 -1 0 0 -1 0 0 -1 0 0 -1 0 0 -1 0 0 -1 0 0 -1 0 0 -1 0 0 -1 0 0 -1 0 0 -1 0 0 -1 0 0 -1 0 0 -1 0 0 -1 0 0 -1 0 0 -1 0 0 -1 0 0 -1 0 0 -1 0 0 -1 0.924103 -0.382144 0 0.9241 -0.382151 0 0.924095 -0.382162 0 0.924098 -0.382155 0 0.707678 -0.706535 0 0.707679 -0.706534 0 0.707679 -0.706534 0 0.707679 -0.706534 0 0.383236 -0.92365 0 0.383226 -0.923654 0 0.38321 -0.923661 0 0.38322 -0.923657 0 0.00100492 -1 0 0.00100486 -1 0 0.000995025 -1 0 0.000995044 -0.999999 0 -0.00684094 -0.999977 0 -0.00389056 -0.999992 0 0.726727 -0.108407 0.678318 0.726727 -0.10841 0.678318 0.792736 -0.0765782 0.604736 0.792735 -0.076575 0.604738 0.344032 0.00450772 0.938947 0.640405 0.00751003 0.768 0.67428 -0.0158036 0.738306 0.365038 0.00145389 0.930992 0.984093 0.165656 -0.0641722 0.990512 0.102194 -0.0918876 0.989267 -0.106013 0.100561 0.983061 -0.170026 0.0684252 0.901892 0.0827338 0.423965 0.901896 0.0827489 0.423954 0.808014 0.179337 0.561205 0.808012 0.179317 0.561215 0.910907 -0.0720826 -0.406267 0.911325 -0.07397 -0.404988 0.821516 -0.162247 -0.546614 0.821794 -0.164896 -0.545402 0.990625 -0.0947375 -0.0984176 0.990625 -0.0947375 -0.0984176 0.990626 0.094666 0.0984841 0.990626 0.094666 0.0984841 1 -3.50725e-05 0 1 3.34796e-05 0 1 -0.000196019 0 1 -5.13862e-05 0 0.960991 -0.0846521 -0.263307 0.981656 -0.0134342 -0.190186 0.925374 -0.161448 -0.342954 0.925356 -0.161266 -0.343089 1 0.000163038 0 1 1.47022e-05 0 0.726726 -0.108425 -0.678316 0.726726 -0.108386 -0.678323 0.792707 -0.0764462 -0.604791 0.792715 -0.0764904 -0.604774 0 0 -1 0 0 -1 0 0 -1 0 0 -1 0.805912 -0.0615143 -0.588832 0.806698 -0.0654261 -0.587331 0.645 -0.119966 -0.754707 0.367968 -0.209808 -0.905859 -0.0110005 -0.99994 0 -0.0112446 -0.999937 0 0.392018 0.202276 0.897444 0.684013 0.113588 0.720572 0.811697 0.0659317 0.580345 0.81197 0.0673617 0.579799 -0.00894923 -0.99996 0 -0.00778018 -0.99997 0 -0.00595903 -0.999982 0 0 0 -1 0.808022 -0.179438 -0.561162 0.808022 -0.179441 -0.56116 0.901926 -0.0828863 -0.423864 0.901925 -0.0828829 -0.423866 -0.0106669 -0.999943 0 0.91737 -0.173947 0.358014 0.917374 -0.173979 0.35799 0.984181 -0.0120146 0.176756 0.984176 -0.0119799 0.176788 -0.00777291 -0.99997 0 -0.00534432 -0.999986 0 0.389013 0.582199 0.713942 0.582198 0.389013 0.713943 0.582198 0.389013 0.713943 0.389013 0.582199 0.713942 0.582257 -0.389054 -0.713873 0.38905 -0.582259 -0.713872 0.38905 -0.582259 -0.713872 0.582257 -0.389054 -0.713873 -0.383243 0.923648 0 -0.383247 0.923646 0 -0.383251 0.923644 0 -0.383247 0.923646 0 -0.707709 0.706504 0 -0.707701 0.706512 0 -0.707694 0.706519 0 -0.707702 0.706511 0 -0.924098 0.382156 0 -0.924102 0.382146 0 -0.924105 0.382138 0 -0.924101 0.382148 0 0.80802 -0.179387 0.561181 0.80802 -0.179387 0.561181 0.901915 -0.0828299 0.423897 0.901915 -0.0828302 0.423897 -0.924086 -0.382185 0 -0.924103 -0.382144 0 -0.924118 -0.382109 0 -0.924101 -0.382149 0 -0.707724 -0.706489 0 -0.7077 -0.706513 0 -0.707679 -0.706534 0 -0.707703 -0.70651 0 -0.383213 -0.92366 0 -0.383225 -0.923655 0 -0.383235 -0.923651 0 -0.383223 -0.923656 0 -2.49588e-05 -1 0 -2.46193e-05 -1 0 1.23206e-05 -1 0 1.2181e-05 -1 0 0.383239 -0.923649 0 0.38323 -0.923653 0 0.383222 -0.923656 0 0.383231 -0.923653 0 0.707696 -0.706518 0 0.707702 -0.706511 0 0.707707 -0.706506 0 0.707701 -0.706512 0 0.924107 -0.382135 0 0.924108 -0.382132 0 0.924109 -0.382129 0 0.924108 -0.382132 0 1 -0.0010123 0 1 -0.00101242 0 1 -0.00101795 0 1 -0.00101779 0 0.924486 0.381215 0 0.924487 0.381213 0 0.924488 0.38121 0 0.924487 0.381213 0 0.708403 0.705809 0 0.708406 0.705805 0 0.708409 0.705802 0 0.708406 0.705805 0 0.384145 0.923273 0 0.384143 0.923274 0 0.384142 0.923274 0 0.384144 0.923273 0 0.00101083 0.999999 0 0.0010106 0.999999 0 0.000985645 1 0 0.000985739 1 0 0 0 1 0 0 1 0 0 1 0 0 1 0 0 1 0 0 1 0 0 1 0 0 1 0.588194 0.400296 -0.702703 0.775727 0.19987 -0.598581 0.911582 0.073336 -0.404524 0.911689 0.0738053 -0.404198 0.513642 -0.763456 -0.391544 0.513642 -0.763456 -0.391544 0.180699 -0.90222 -0.391596 0.180699 -0.90222 -0.391596 0.581258 -0.385722 -0.71649 0.581258 -0.385722 -0.71649 0.389363 -0.578732 -0.716565 0.389363 -0.578732 -0.716565 0.366972 -0.0724944 -0.927403 0.366975 -0.0724952 -0.927402 0.311643 -0.206806 -0.927421 0.31164 -0.206804 -0.927423 0 0 -1 0 0 -1 0 0 -1 0 0 -1 -0.311643 -0.206806 -0.927421 -0.311643 -0.206806 -0.927421 -0.366976 -0.0724953 -0.927401 -0.366976 -0.0724953 -0.927401 -0.389356 -0.578722 -0.716578 -0.389362 -0.578731 -0.716567 -0.581258 -0.385722 -0.71649 -0.581249 -0.385716 -0.716501 -0.180699 -0.90222 -0.391596 -0.180699 -0.90222 -0.391596 -0.513642 -0.763456 -0.391544 -0.513642 -0.763456 -0.391544 0 -1 0 0 -1 0 -0.196383 -0.980527 0 -0.196383 -0.980527 0 0 0 1 0 0 1 0 0 1 0 0 1 0 0 1 0 0 1 0 0 1 0 0 1 0 -0.000999347 -1 0 -0.000999828 -1 -0.999999 -0.00100122 0 -1 -0.000972472 0 -1 -0.000972182 0 -1 -0.00100114 0 1 -3.44485e-05 0 1 -4.0153e-07 0 1 -1.34819e-07 0 1 -3.30022e-05 0 0.720434 -0.00266556 -0.693518 0.720434 -0.00266529 -0.693518 0.720432 0.00268601 -0.693521 0.720432 0.00268569 -0.693521 0.599051 0.441015 -0.668314 0.582168 0.388991 -0.71398 0.582168 0.388991 -0.71398 0.388996 0.582165 -0.713979 0.983138 0.169482 0.0686676 0.98943 0.104629 0.100408 0.990267 -0.102926 -0.0936887 0.983882 -0.166603 -0.0649536 -1 -1.19294e-07 0 -1 1.46779e-05 0 -1 1.49184e-05 0 -1 5.34562e-08 0 1 -0.00101229 0 1 -0.00101224 0 0 -1 0 -0.196383 -0.980527 0 -0.196382 -0.980527 0 0 -1 0 0 -1 0 0 -1 0 0.901902 0.0827794 -0.423934 0.9019 0.0827683 -0.423942 0.80801 0.179288 -0.561228 0.808011 0.179303 -0.561221 1 -4.80037e-05 0 1 -4.81903e-05 0 0.339254 0.000117511 -0.940695 0.633787 0.0170748 -0.773319 0.568341 -0.00721856 -0.822761 0.299973 -0.00339789 -0.953942 0.582225 -0.389031 0.713911 0.389031 -0.582225 0.713911 0.389031 -0.582225 0.713911 0.582225 -0.389031 0.713911 0.720432 -0.00268606 0.69352 0.720432 -0.00268622 0.69352 0.720451 0.00250139 0.693502 0.720451 0.00250158 0.693502 -1 -7.31494e-06 0 -1 -7.46831e-06 0 0.999999 -0.000997714 0 0.999999 -0.000997646 0 0.196383 -0.980527 0 0.196383 -0.980527 0 0.196383 -0.980527 0 0.196382 -0.980527 0 -0.107695 -0.726469 -0.678707 -0.107694 -0.726469 -0.678708 -0.0762903 -0.791909 -0.605855 -0.076291 -0.791909 -0.605854 0.223242 -0.96981 -0.0981379 0.216919 -0.968351 -0.123459 0.612476 -0.711903 -0.34361 -0.17895 -0.807122 -0.56261 -0.178963 -0.807124 -0.562604 -0.0829407 -0.901028 -0.425758 -0.0829263 -0.901024 -0.425768 -0.174455 -0.916573 -0.359806 -0.174448 -0.916572 -0.359811 -0.0119475 -0.983961 -0.177984 -0.0119545 -0.983962 -0.177977 0 -1 0 0.0762808 -0.791907 -0.605858 0.0762826 -0.791907 -0.605858 0.107687 -0.726469 -0.678709 0.107685 -0.726469 -0.678709 -0.0206091 -0.988917 -0.147029 0.0119538 -0.983962 -0.177978 0.174446 -0.916572 -0.359813 0.17445 -0.916572 -0.35981 0.0829274 -0.901025 -0.425767 0.0829275 -0.901024 -0.425767 0.178962 -0.807124 -0.562605 0.178962 -0.807124 -0.562605 -0.0025624 -0.720263 -0.693697 -0.0025624 -0.720263 -0.693697 0.00258478 -0.72026 -0.693699 0.00258478 -0.72026 -0.693699 0.271481 -0.667142 0.6937 0.27151 -0.667133 0.693697 0.276362 -0.665243 0.693596 0.27633 -0.66526 0.693593 0.505637 -0.513091 0.693591 0.505635 -0.513092 0.693592 0.275385 -0.362246 0.890473 0.509462 -0.509495 0.693443 0.663909 -0.279932 0.693443 0.437621 -0.119891 0.891131 0.401303 -0.229677 0.886682 0.666054 -0.275066 0.693333 -0.0952913 -0.990503 0.0991137 -0.156093 -0.984603 0.0786846 -0.666063 -0.275038 0.693336 -0.401311 -0.229647 0.886686 -0.437626 -0.119879 0.89113 -0.663915 -0.27992 0.693442 -0.509461 -0.509497 0.693443 -0.27537 -0.362263 0.89047 -0.505598 -0.513123 0.693596 -0.505619 -0.513105 0.693594 -0.276321 -0.665265 0.693592 -0.276333 -0.665258 0.693593 -0.27152 -0.66713 0.693696 -0.271504 -0.667135 0.693698 -0.00256248 -0.720263 0.693696 -0.0025626 -0.720263 0.693696 0.00256245 -0.720263 0.693696 0.0025626 -0.720263 0.693696 0.156093 -0.984603 0.0786846 0.0952912 -0.990503 0.0991137 0.157995 -0.984824 0.0718275 0.158827 -0.984585 0.0732533 0.0189057 -0.99907 -0.0387548 -0.223298 -0.969815 -0.0979669 0.335129 -0.853337 0.399381 0.343877 -0.854182 0.390027 0.0628061 -0.964666 0.255881 0.0631661 -0.964775 0.25538 0.380017 -0.631881 0.67551 0.551472 -0.428949 0.715459 0.195378 -0.793684 0.576101 0.206779 -0.80035 0.562746 0.363252 -0.0950119 0.926834 0.363963 -0.0951471 0.926541 0.290479 -0.270049 0.917985 0.144153 -0.552932 0.820662 0.0050816 -0.0230735 0.999721 0.00500632 -0.0230886 0.999721 -0.00508539 -0.0230691 0.999721 -0.00502085 -0.0230821 0.999721 -0.144092 -0.552909 0.820688 -0.290451 -0.270038 0.917996 -0.364093 -0.0951752 0.926487 -0.363134 -0.0949928 0.926882 -0.205569 -0.799701 0.56411 -0.195394 -0.793694 0.576083 -0.551555 -0.429003 0.715363 -0.382492 -0.632473 0.673557 -0.0618487 -0.964212 0.257817 -0.0627836 -0.964656 0.255922 -0.343999 -0.854213 0.389852 -0.336083 -0.8536 0.398014 -0.0188986 -0.999071 -0.0387401 -0.159298 -0.984578 0.0723162 -0.158671 -0.984814 0.0704581 0.0422145 -0.996917 -0.0661352 -0.0428112 -0.996829 -0.06707 -0.0952913 -0.990503 -0.0991139 -0.0952913 -0.990503 -0.0991139 0.00941102 -0.999956 0 0.0997 -0.990724 0.0923361 -0.230296 -0.957029 -0.176237 0.172657 -0.917558 0.358157 0.0104431 -0.98374 0.179296 0.179704 -0.80832 0.560647 0.0827098 -0.901557 0.42468 0.110057 -0.726778 0.677998 0.109424 -0.726768 0.678112 0.232556 -0.587445 0.775129 0.0774246 -0.792586 0.604825 -0.0558609 -0.788016 0.613115 -0.232436 -0.587405 0.775196 -0.116399 -0.718671 0.685539 -0.0977215 -0.72652 0.680161 -0.0586846 -0.895385 0.441409 -0.166046 -0.806796 0.567018 0.00966781 -0.980057 0.198483 -0.16158 -0.916205 0.366687 -0.100956 -0.990712 0.0910906 -0.611804 -0.764958 -0.201334 -0.611102 -0.764838 -0.203902 -0.596121 -0.747019 -0.294283 0.612798 -0.765048 -0.19794 0.61209 -0.764933 -0.200556 0 -1 0 0.00279921 -0.999996 0 -0.000502464 -1 0 0.00226012 -0.999997 0 -0.000224679 -1 0 -0.00376995 -0.999993 0 -0.0036304 -0.999993 0 -0.00287517 -0.999996 0 -0.000927924 -1 0 -0.00324102 -0.999995 0 -0.975347 -0.133423 0.175774 -0.985087 -0.0998475 0.140122 -0.982768 0.0937376 -0.15931 -0.975348 0.11886 -0.185924 -0.836916 -0.0164412 0.547085 -0.888543 -0.0152152 0.458541 -0.868131 -0.0118381 0.496195 -0.826466 -0.0136184 0.562821 -0.893807 -0.00802705 -0.44838 -0.988634 0.04645 -0.14299 -0.970474 0.0419629 -0.237529 -0.989132 0.0132696 -0.146433 -0.970957 -0.0706015 -0.228599 -0.943046 -0.0874952 -0.320949 -0.957566 -0.0895224 -0.273959 -0.861918 0.0214708 -0.506593 -0.968511 -0.0598052 0.241681 -0.985292 -0.0645733 0.158211 -0.888971 -0.00746231 0.457902 -0.989591 -0.027273 -0.1413 -0.987616 0.0117786 0.156447 -0.982424 -0.0528584 0.179022 -0.978836 0.0451246 -0.199611 -0.980296 0.0203272 0.196486 -0.985229 -0.0489237 0.164103 -0.869573 -0.0333678 0.492675 -0.96624 0.0738308 0.246838 -0.947438 0.0724045 0.31164 -0.977513 0.0533555 0.204012 -0.983897 -0.0659097 0.166139 -0.98723 0.0508403 -0.150973 -0.971171 -0.0689307 -0.228202 0.0052507 -0.999986 0 0.00935334 -0.999956 0 0.0106283 -0.999944 0 0.980785 0.195091 -4.78848e-05 0.980785 -0.195091 -5.00892e-05 7.18584e-06 -3.61269e-05 -1 -7.18641e-06 -3.61268e-05 -1 0.980785 0.195089 4.78834e-05 0.980785 -0.195092 4.78834e-05 7.1861e-06 -3.61269e-05 1 -9.48952e-06 -4.77068e-05 1 1 -0.000123974 0 1 -6.50526e-05 0 0.80929 -0.0905991 0.58038 0.814712 -0.183773 0.549974 0.706945 -0.000720617 0.707269 0.706951 -0.000720656 -0.707262 0.809294 -0.0905985 -0.580375 0.814716 -0.183771 -0.54997 0.809805 0.0892847 0.579866 0.707272 -0.000736507 0.706941 0.815522 0.182598 0.549165 0.180359 -0.435429 0.881971 0.354036 -0.354039 0.86563 0.354036 -0.354039 0.86563 0.180359 -0.435429 0.881971 0.179846 0.434192 0.882685 0.353064 0.35307 0.866422 0.353062 0.353069 0.866423 0.179845 0.43419 0.882686 0.353064 0.35306 -0.866426 0.434185 0.179844 -0.882689 0.434185 0.179844 -0.882689 0.353064 0.35306 -0.866426 0.180363 -0.435435 -0.881967 0.435435 -0.180363 -0.881967 0.435435 -0.180363 -0.881967 0.180363 -0.435435 -0.881967 0.953021 0.213592 -0.214776 0.879171 0.25752 -0.400925 0.879168 -0.259012 0.39997 0.95302 -0.214777 0.213597 0.707279 -0.000736467 -0.706934 0.80981 0.0892838 -0.579859 0.95302 0.213595 0.214781 0.879168 0.257522 0.400931 0.879171 -0.259007 -0.399967 0.953021 -0.214774 -0.213596 0 -1 0 0 -1 0 0 -1 0 0 -1 0 0 -1 0 0 -1 0 0 -1 0 0 -1 0 0 -1 0 0 -1 0 0 -1 0 0 -1 0 0 -1 0 0 -1 0 1 0 0 1 0 0 -1 0 0 -1 0 0 0 -1 0 0 -1 0 0 -1 0 0 -1 0 0 -1 0 0 -1 0 0 -1 0 0 -1 0 0 -1 0 0 -1 0 0 -1 0 0 -1 0 0 -1 0 0 -1 0 0 -1 0 0 -1 0 0 -1 0 0 -1 0 0 -1 0 0 -1 0 0 -1 0 0 -1 0 0 -1 0 0 -1 0 1 0 0 1 0 0 -1 0 0 -1 0 0 0 -1 0 0 -1 0 0 -1 0 0 -1 0 0 -1 0 0 -1 0 0 -1 0 0 -1 0 0 -1 0 0 -1 0 0 -1 0 0 -1 0 0 -1 0 0 -1 0 0 -1 0 0 -1 0 0 -1 0 0 -1 0 0 -1 0 0 -1 0 0 -1 0 0 -1 0 0 -1 0 0 -1 0 1 0 0 1 0 0 -1 0 0 -1 0 0 0 -1 0 0 -1 0 0 -1 0 0 -1 0 0 -1 0 0 -1 0 0 -1 0 0 -1 0 0 -1 0 0 -1 0 0 -1 0 0 -1 0 0 -1 0 0 -1 0 0 -1 0 0 -1 0 0 -1 0 0 -1 0 0 -1 0 0 -1 0 0 -1 0 0 -1 0 0 -1 0 0 -1 0 1 0 0 1 0 0 -1 0 0 -1 0 0 0 -1 0 0 -1 0 0 -1 0 0 -1 0 0 -1 0 0 -1 0 0 -1 0 0 -1 0 0 -1 0 0 -1 0 0.92388 0.382681 -0.000861874 0.92388 0.382681 -0.000861874 1 0 -0.000796269 1 0 -0.000796269 0.923879 -0.382683 0.000861875 0.923879 -0.382683 0.000861875 1 0 0.000796269 1 0 0.000796269 0.000281518 -0.000679648 1 -0.000281516 -0.00067965 1 -0.000281516 -0.00067965 1 0.000281518 -0.000679648 1 0 -0.000796256 -1 0.000281519 -0.000679647 -1 0.000281519 -0.000679647 -1 0 -0.000796256 -1 1 -0.00079627 0 1 -0.00079627 0 1 -0.00079627 0 1 -0.00079627 0 0.815527 0.182597 -0.549158 0.809288 -0.0905997 0.580384 0.650777 -0.0459829 0.757875 0.430103 0.105085 0.896643 0.430097 0.105087 -0.896646 0.809286 -0.0905962 -0.580387 0.650776 -0.045981 -0.757877 0.809795 0.0893072 0.579875 0.430547 -0.106503 0.896263 0.651891 0.0451167 0.75697 0.180361 -0.43543 0.88197 0.43543 -0.180361 0.88197 0.434189 0.179844 0.882687 0.353069 0.353062 0.866423 0.35306 0.353066 -0.866425 0.179843 0.434185 -0.882689 0.180359 -0.435426 -0.881972 0.435428 -0.18036 -0.881971 0.651892 0.0451113 -0.756969 0.430545 -0.106512 -0.896262 0.930218 0.336923 -0.145522 0.879165 0.257529 -0.400932 0.879169 -0.259014 0.399968 0.93022 -0.337543 0.144067 0.809797 0.089289 -0.579876 0.930222 0.336916 0.145516 0.879169 0.257528 0.400925 0.879166 -0.259019 -0.399971 0.93022 -0.337544 -0.144065 1 0 -0.000797224 0.923879 -0.382683 -0.000861168 0.923879 -0.382683 0.000861101 0.923881 0.382679 0.00086197 0 -0.000797893 1 0.000279744 -0.000675362 1 -0.000282095 -0.000681047 -1 0.000279744 -0.000675362 -1 1 -0.000797221 0 1 -0.000796913 0 1 -0.000796354 0 1 -0.000796662 0 0.994538 0 0.104379 0.994538 0 0.104379 0.994538 0 0.104378 0.994538 0 0.104378 0 -0.00163571 0.999999 0 -0.00163571 0.999999 0 -0.00163571 0.999999 0 -0.00163571 0.999999 0.994877 0 0.101093 0.994877 0 0.101093 0.994877 0 0.101093 0.994877 0 0.101093 0 -0.00167428 -0.999999 0 -0.00167023 -0.999999 0 -0.00166908 -0.999999 0 -0.00167313 -0.999999 0.994707 -0.00165228 0.102737 0.994707 -0.00165207 0.102737 0.994707 -0.00165147 0.102737 0.994707 -0.00165168 0.102737 </float_array>
          <technique_common>
            <accessor count="1286" offset="0" source="#meshId1-tangents-array" stride="3">
              <param name="X" type="float" />
              <param name="Y" type="float" />
              <param name="Z" type="float" />
            </accessor>
          </technique_common>
        </source>
        <source id="meshId1-bitangents" name="meshId1-bitangents">
          <float_array id="meshId1-bitangents-array" count="3858"> 0.139661 0.990199 0 0.139642 0.990202 0 0.139643 0.990202 0 0.139649 0.990201 0 0.139644 0.990202 0 0.139351 0.990141 -0.0141875 0.139378 0.989809 -0.0291739 0.139548 0.990125 -0.0133916 0.139806 0.989537 -0.0356353 0.140347 0.989913 -0.0193647 0.139798 0.99018 0 0.139725 0.99019 0 -0.13966 -0.990199 -0 -0.139642 -0.990202 -0 -0.139643 -0.990202 -0 -0.139649 -0.990201 -0 -0.139645 -0.990202 -0 -0.139349 -0.990142 -0.0141875 -0.139376 -0.98981 -0.0291739 -0.139548 -0.990125 -0.0133917 -0.139808 -0.989537 -0.0356353 -0.140352 -0.989912 -0.0193648 -0.139795 -0.99018 -0 -0.139725 -0.99019 -0 -0.999068 0 0.0431644 -0.998985 0 0.0450446 -0.999706 0 0.0242531 -0.999706 0 0.0242503 -0.998955 0 0.0456964 -0.998962 0 0.0455527 0.999993 -0.000304407 0.00378813 0.999993 -0.000295259 0.00367441 0.999994 -0.000136752 0.00340929 0.999994 -0.000137234 0.0034213 0.999992 -0.000320378 0.00398702 0.999993 -0.00030446 0.0037888 -0.999991 0 0.00417183 -0.999991 0 0.00417987 -0.999993 0 0.00366717 -0.999993 0 0.00366713 -0.999991 0 0.00420338 -0.999991 0 0.00419047 0.997165 -0.0060273 -0.0750062 0.997298 -0.0058836 -0.07322 0.999366 -0.00142726 -0.0355822 0.999362 -0.00143149 -0.0356875 0.997232 -0.00595535 -0.074113 0.997285 -0.00589876 -0.0734065 -0.999068 0 0.0431555 -0.998985 0 0.0450424 -0.999706 0 0.0242531 -0.999706 0 0.0242503 -0.998955 0 0.0456973 -0.998962 0 0.0455525 0.999993 -0.000304407 0.00378813 0.999993 -0.000295259 0.00367441 0.999994 -0.000136752 0.00340929 0.999994 -0.000137234 0.0034213 0.999992 -0.000320378 0.00398702 0.999993 -0.00030446 0.0037888 -0.999991 0 0.00418025 -0.999991 0 0.00418188 -0.999993 0 0.00366714 -0.999993 0 0.00366712 -0.999991 0 0.00420288 -0.999991 0 0.00419067 0.997165 -0.0060273 -0.0750062 0.997298 -0.0058836 -0.07322 0.999366 -0.00142726 -0.0355822 0.999362 -0.00143149 -0.0356875 0.997232 -0.00595535 -0.074113 0.997285 -0.00589876 -0.0734065 0 0 -1 -2.33662e-07 0 -1 -1.23941e-06 0 -1 -7.45218e-06 0 -1 -3.65925e-06 0 -1 -0 0 1 1.06059e-06 0 1 4.65187e-06 0 1 7.65432e-06 0 1 4.88887e-06 0 1 -3.19532e-05 -0 -1 -1.18186e-05 -0 -1 6.65485e-07 0 -1 -0 -0 -1 -4.98048e-07 -0 -1 2.25552e-05 -0 1 1.02159e-05 -0 1 1.58099e-06 -0 1 0 -0 1 1.0583e-06 -0 1 0 0 -1 -2.33662e-07 0 -1 -1.23941e-06 0 -1 -7.45218e-06 0 -1 -3.65925e-06 0 -1 -0 0 1 1.06059e-06 0 1 4.65187e-06 0 1 7.6544e-06 0 1 4.88892e-06 0 1 -3.19532e-05 -0 -1 -1.18186e-05 -0 -1 6.65485e-07 0 -1 -0 -0 -1 -4.98048e-07 -0 -1 2.25563e-05 -0 1 1.02162e-05 -0 1 1.58098e-06 -0 1 0 -0 1 1.05825e-06 -0 1 0 0 -1 -2.33663e-07 0 -1 -1.23942e-06 0 -1 -7.45229e-06 0 -1 -3.65934e-06 0 -1 -0 0 1 1.06059e-06 0 1 4.65185e-06 0 1 7.65429e-06 0 1 4.88884e-06 0 1 -3.19548e-05 -0 -1 -1.1819e-05 -0 -1 6.65486e-07 0 -1 -0 -0 -1 -4.97976e-07 -0 -1 2.25552e-05 -0 1 1.02159e-05 -0 1 1.58097e-06 -0 1 0 -0 1 1.0583e-06 -0 1 0 0 -1 -2.33662e-07 0 -1 -1.23941e-06 0 -1 -7.45212e-06 0 -1 -3.65918e-06 0 -1 -0 0 1 1.06059e-06 0 1 4.65187e-06 0 1 7.6544e-06 0 1 4.88892e-06 0 1 -3.19516e-05 -0 -1 -1.18182e-05 -0 -1 6.65489e-07 0 -1 -0 -0 -1 -4.98008e-07 -0 -1 2.25563e-05 -0 1 1.02162e-05 -0 1 1.58098e-06 -0 1 0 -0 1 1.05825e-06 -0 1 0.0247581 -0.999683 -0.00466018 0.0345562 -0.999388 0.00533118 0.0247671 -0.999682 -0.00466899 0.00260811 -0.999751 0.0221502 -0.00723082 -0.999458 0.032103 0.00322271 -0.999736 0.022752 -0.0156593 -0.999868 -0.00431109 -0.0254833 -0.999572 -0.0143348 -0.0155705 -0.999869 -0.00439811 0.00447901 -0.999874 -0.0152639 0.0143019 -0.999578 -0.0252889 0.00447977 -0.999873 -0.0152631 0.0169476 -0.999718 0.0166025 0.0156861 -0.999759 0.0153666 -0.00550908 -0.99997 0.0053969 -0.00559951 -0.999969 0.00548549 -0.00534529 -0.999972 -0.00523644 -0.00534529 -0.999972 -0.00523644 0.0150074 -0.999779 -0.0147018 0.0149945 -0.99978 -0.0146892 0.000538616 -0.99967 0.0256709 0.000152503 -0.999897 0.0143152 0.000145759 -0.9999 0.0141738 0.000527643 -0.999671 0.0256517 -5.16931e-05 0.999994 0.00353829 -6.20399e-05 0.999994 0.0035287 -2.62319e-05 0.999995 0.00306345 -2.08299e-05 0.999995 0.00305077 0.000549201 -0.99967 0.0256711 0.000156025 -0.9999 0.0141433 -9.47144e-05 -0.999989 0.0046046 -3.95823e-05 -0.999993 0.00384905 -3.43851e-05 -0.999993 0.00383123 -8.66641e-05 -0.999989 0.00470077 8.24536e-05 0.999994 0.00351917 3.65355e-05 0.999995 0.00306341 3.14994e-05 0.999995 0.00306305 7.23959e-05 0.999994 0.00351958 -7.85684e-05 -0.999988 0.00479472 -2.89263e-05 -0.999993 0.00378799 9.25107e-05 0.999994 0.00351875 4.14477e-05 0.999995 0.00305172 0.0211908 -0.999775 0 0.0210419 -0.999779 0 0.0207078 -0.999785 0 0.0208567 -0.999782 0 -0.00749495 -0.999972 0 -0.00748493 -0.999972 0 -0.00746243 -0.999972 0 -0.00747246 -0.999972 0 -3.15097e-05 0.999995 0.00306405 -7.2398e-05 0.999994 0.00351967 0.0247582 -0.999683 -0.0046603 0.0345564 -0.999389 0.00533098 0.0247672 -0.999682 -0.00466909 0.0026081 -0.999751 0.0221502 -0.0072308 -0.999458 0.0321031 0.00322272 -0.999736 0.022752 -0.0156592 -0.999868 -0.00431116 -0.0254831 -0.999572 -0.014335 -0.0155704 -0.999869 -0.00439818 0.00447903 -0.999874 -0.0152639 0.0143019 -0.999578 -0.0252888 0.00447979 -0.999874 -0.0152631 0.0169475 -0.999718 0.0166024 0.015686 -0.999759 0.0153666 -0.00550906 -0.99997 0.00539688 -0.00559949 -0.999969 0.00548547 -0.00534531 -0.999972 -0.00523647 -0.00534531 -0.999972 -0.00523647 0.0150074 -0.999779 -0.0147019 0.0149946 -0.99978 -0.0146892 0.000538616 -0.99967 0.0256709 0.000152503 -0.999897 0.0143152 0.000145759 -0.9999 0.0141738 0.000527643 -0.999671 0.0256517 -5.16931e-05 0.999994 0.00353829 -6.20399e-05 0.999994 0.00352871 -2.62319e-05 0.999995 0.00306345 -2.08299e-05 0.999995 0.00305077 0.000549201 -0.99967 0.0256711 0.000156025 -0.9999 0.0141433 -9.47144e-05 -0.999989 0.0046046 -3.95823e-05 -0.999993 0.00384905 -3.43851e-05 -0.999993 0.00383123 -8.66641e-05 -0.999989 0.00470077 8.24536e-05 0.999994 0.00351917 3.65355e-05 0.999995 0.00306341 3.14994e-05 0.999995 0.00306305 7.23959e-05 0.999994 0.00351958 -7.85684e-05 -0.999989 0.00479472 -2.89263e-05 -0.999993 0.00378799 9.25108e-05 0.999994 0.00351875 4.14477e-05 0.999995 0.00305172 0.0211908 -0.999775 0 0.0210419 -0.999779 0 0.0207078 -0.999785 0 0.0208567 -0.999782 0 -0.00749495 -0.999972 0 -0.00748493 -0.999972 0 -0.00746243 -0.999972 0 -0.00747246 -0.999972 0 -3.15097e-05 0.999995 0.00306405 -7.2398e-05 0.999994 0.00351967 0.119116 -0.991237 0.0571031 0.119126 -0.991236 0.0571036 0.119348 -0.991443 0.0528805 0.119359 -0.991442 0.0528808 -0.139581 -0.989244 -0.0437552 -0.139564 -0.989297 -0.0425867 -0.404961 -0.914334 -0 -0.189644 -0.981853 -0 -0.347121 -0.93782 -0 -0.404961 -0.914334 -0 0.119444 -0.991729 0.0469872 0.119446 -0.991728 0.0469872 -0.139601 -0.989098 -0.0468629 0.119415 -0.991843 0.0445713 0.119415 -0.991843 0.0445713 -4.69685e-05 -0.720688 -0.69326 -4.69834e-05 -0.720688 -0.69326 -4.96283e-05 -0.720696 -0.693252 -4.95911e-05 -0.720696 -0.693252 -1 -0.000223631 -0 -0.999998 -0.00214416 -0 -0.999999 0.00129667 0 0.514708 -0.770314 -0.376422 0.0360514 -0.931405 -0.362194 0.180742 -0.908647 -0.376421 0.514708 -0.770314 -0.376422 -0.072564 -0.817233 0.571721 -0.0726991 -0.817257 0.571669 -0.124308 -0.699838 0.703402 -0.212879 -0.403079 0.890062 -0.0437251 -0.930746 0.363042 -0.51473 -0.770349 0.376319 -0.51473 -0.770349 0.376319 -0.18075 -0.908688 0.376318 -0.139458 -0.988785 -0.0534398 0.119377 -0.991881 0.0438214 0.119382 -0.991881 0.0438212 -0.0796057 -0.944249 -0.319463 -0.0235722 -0.974918 -0.221315 -0.199743 -0.91228 -0.357559 -0.350436 -0.833614 -0.426945 -0.323501 -0.216156 0.921208 -0.229412 -0.404473 0.885309 -0.381664 -0.0759173 0.921178 -0.323553 -0.216191 0.921181 -0.0838217 -0.794656 -0.601245 -0.0838185 -0.794656 -0.601246 -0.132308 -0.676009 -0.724918 -0.213228 -0.388302 -0.896524 -0.404965 0.914332 0 -0.347123 0.93782 0 -0.189647 0.981852 0 -0.404965 0.914332 0 0.235556 -0.393154 0.888787 0.323436 -0.216114 0.921241 0.323436 -0.216114 0.92124 0.381519 -0.0758895 0.921241 0.514705 -0.770316 0.37642 0.0515422 -0.929937 0.364088 0.180734 -0.908643 0.376435 0.514702 -0.770311 0.376434 -0.139134 -0.98857 -0.0580677 0 -1 -0 0 -1 -0 0.499999 -0.866026 0 0.499999 -0.866026 0 0.866026 -0.499998 0 0.866026 -0.499998 0 1 0 0 1 0 0 -0.837396 -0.546597 -0 -0.837396 -0.546597 -0 0.866025 0.500001 0 0.866025 0.500001 0 -1 1.85606e-06 0 -1 1.85606e-06 0 0.5 0.866025 0 0.5 0.866025 0 -1 -2.77479e-06 -0 -1 -1.58917e-07 -0 -1 5.15874e-07 0 -1 6.26291e-07 0 -1 6.30315e-07 0 -1 -2.3315e-05 -0 -1 1.5658e-05 0 -1 -1.57501e-05 -0 -1 -4.69602e-06 -0 -1 -7.00493e-07 -0 -1 -0 -0 -0.837397 0.546595 0 -0.837397 0.546595 0 -1 1.85606e-06 0 -1 1.85606e-06 0 -0 1 0 -7.71341e-09 1 0 0.172534 -0.823946 -0.539764 0.173832 -0.824077 -0.539147 0.0780338 -0.909436 -0.408457 0.0795723 -0.909818 -0.407307 -0 1 0 0.5 0.866025 0 -0.514736 -0.770345 -0.376319 -0.180757 -0.908685 -0.376323 0.866025 0.500001 0 -0.323556 -0.216192 -0.92118 -0.237284 -0.390277 -0.889595 -0.381659 -0.0759169 -0.92118 -0.323556 -0.216192 -0.92118 1 0 0 0.866026 -0.499998 0 0.164079 -0.925492 -0.341384 0.168804 -0.926054 -0.337533 0.00153755 -0.982623 -0.185607 0.08363 -0.964841 -0.249174 0.197466 -0.399679 -0.895134 0.123907 -0.696551 -0.706727 0.073836 -0.809142 -0.582956 0.0751594 -0.809403 -0.582425 0.499999 -0.866026 0 -0.180607 -0.918045 0.352952 -0.180635 -0.918048 0.35293 -0.0153814 -0.984693 0.173616 -0.0153498 -0.984689 0.173645 -0.11297 -0.726788 0.677508 -0.112967 -0.726788 0.677509 -0.0842503 -0.794217 0.601766 -0.0842532 -0.794217 0.601765 0.230369 -0.402585 -0.885921 0.323444 -0.216119 -0.921237 0.32349 -0.216149 -0.921213 0.381575 -0.0759002 -0.921216 -0.180733 -0.918055 -0.352862 -0.180733 -0.918055 -0.352862 -0.015397 -0.984694 -0.173609 -0.0153972 -0.984694 -0.173609 0 -1 -0 -0.11297 -0.726789 -0.677507 -0.112968 -0.726789 -0.677507 -0.0842519 -0.794214 -0.601769 -0.0842547 -0.794215 -0.601768 -0.499999 -0.866026 -0 -0.0887377 -0.907488 0.410599 -0.0886834 -0.907477 0.410635 -0.167263 -0.829998 0.532096 -0.167237 -0.829996 0.532107 -0.999986 0.00522813 0 -0.999942 0.0107449 0 -0.999941 0.0108919 0 -5.68387e-05 -1 -0 -9.01054e-05 -1 -0 6.92079e-05 -1 0 -4.52939e-05 -1 -0 -0.995639 -0.0712657 -0.060203 -0.990223 0.0992896 0.0979765 -0.990223 0.0992873 0.0979787 -0.999999 0.000815757 -0.000815757 -0.990173 -0.104415 -0.0930335 -0.707107 0 0.707107 -0.53804 0 0.842919 -0.438441 0 0.89876 -0.707107 0 0.707107 -0.707107 0 0.707107 -0.53804 -0 -0.842919 -0.720871 0 -0.693069 -0.716255 0 -0.697839 -0.438441 -0 -0.89876 -0.707107 -0 -0.707107 -0.922509 0.228987 -0.310711 -0.999997 0.00224577 0.000360506 -0.952656 -0.102675 0.286189 -0.858055 -0.312057 0.407875 -0.976499 0.0720342 -0.203125 -3.10439e-05 -1 -0 -4.18124e-05 -1 -0 -5.54212e-05 -1 -0 -5.08855e-05 -1 -0 -0.999939 0.0110407 0 -0.999983 0.00591757 0 -0.999962 0.00867076 0 -0.999988 0.00496044 0 0.00975505 0.996294 -0.0854537 -0.0277087 0.996295 -0.0814131 0.0350477 0.977078 0.209977 -0.0526343 0.977109 0.206127 -0.129674 0.974699 0.182064 -0.114124 0.982374 0.148044 0.0300757 0.995339 -0.0916294 0.0481307 0.995823 -0.0775829 -0.00895451 0.96788 -0.251253 -0.00897407 0.966845 -0.255205 -0.00901255 0.966852 -0.255177 -0.0089521 0.968889 -0.247334 -0.866026 -0.499998 -0 -0.866026 -0.499998 -0 -1 0 0 -1 0 0 -1 0 0 -1 0 0 -0.866025 0.500001 0 -0.866025 0.500001 0 -0.5 0.866025 0 -1 -5.68111e-05 -0.000465146 -1 -4.85774e-05 -0.000397732 -1 6.04336e-05 0.000494805 -1 5.08428e-05 0.00041628 0.0841293 -0.794193 0.601814 0.0841606 -0.794199 0.601802 0.112958 -0.726787 0.677511 0.112918 -0.726787 0.677518 -0 1 0 0.194799 0.980843 0 0.194799 0.980843 0 -0 1 0 -0 -1 0.000999287 -0.194798 -0.980843 0.000979841 -0.194798 -0.980843 0.000980677 -0 -1 0.00099923 -0.980727 0.195382 0 -0.980727 0.195382 0 -0.980727 -0.195382 -0 -0.980727 -0.195382 -0 0.980727 0.195382 0.00098047 0.980727 0.195382 0.00098047 0.980727 -0.195382 0.000980514 0.980727 -0.195382 0.000980514 -0.831071 0.556166 0 -0.554974 0.831868 0 -0.554974 0.831868 0 -0.831071 0.556166 0 0.554974 0.831868 0 0.83107 0.556167 0 0.83107 0.556167 0 0.554974 0.831868 0 -0.554974 -0.831868 -0 -0.831071 -0.556166 -0 -0.831071 -0.556166 -0 -0.554974 -0.831868 -0 0.83107 -0.556167 0.0009806 0.554973 -0.831868 0.000980648 0.554973 -0.831868 0.000980648 0.83107 -0.556167 0.0009806 -0.194799 0.980843 0 -0.194799 0.980843 0 -0.194799 -0.980843 -0 -0.194799 -0.980843 -0 0.194799 -0.980843 0.000980677 0.194799 -0.980843 0.000980677 0.980727 0.195382 0 0.980727 0.195382 0 0.92404 -0.382297 0 0.924038 -0.382302 0 0.924035 -0.382308 0 0.924037 -0.382304 0 0.707218 -0.706996 0 0.707218 -0.706995 0 0.70722 -0.706994 0 0.707219 -0.706995 0 0.383045 -0.92373 0 0.383048 -0.923729 0 0.383053 -0.923726 0 0.38305 -0.923728 0 0.00100122 -0.999999 0 0.000962672 -1 0 0.000961805 -1 0 0.0010006 -0.999999 0 -0.382137 -0.924106 0 -0.382131 -0.924108 0 -0.382123 -0.924112 0 -0.382129 -0.924109 0 -0.706493 -0.70772 0 -0.706499 -0.707714 0 -0.706507 -0.707706 0 -0.706502 -0.707711 0 -0.92366 -0.383213 0 -0.923654 -0.383228 0 -0.923644 -0.383251 0 -0.92365 -0.383237 0 -1 -6.85165e-05 0 -1 -6.80983e-05 0 -1 0 0 -1 -1.29292e-07 0 -0.923641 0.383259 0 -0.923647 0.383246 0 -0.923654 0.383227 0 -0.923649 0.38324 0 -0.706531 0.707682 0 -0.706515 0.707698 0 -0.706491 0.707722 0 -0.706507 0.707706 0 -0.382141 0.924104 0 -0.382137 0.924106 0 -0.382129 0.924109 0 -0.382134 0.924107 0 -0.119123 0.991236 0.0571033 -0.119122 0.991236 0.0571033 -0.119346 0.991444 0.0528804 -0.119356 0.991442 0.0528807 0.139584 0.989243 -0.0437551 0.139555 0.989298 -0.0425873 0.404965 0.914332 0 0.189647 0.981852 0 0.347123 0.93782 0 0.404965 0.914332 0 -0.119444 0.991728 0.0469872 -0.119446 0.991728 0.0469872 0.139601 0.989098 -0.0468628 -0.119417 0.991843 0.0445712 -0.119417 0.991843 0.0445712 0.139454 0.988786 -0.0534397 -0.119382 0.991881 0.0438211 -0.119377 0.991881 0.0438214 0.404961 -0.914334 0 0.347121 -0.93782 0 0.189644 -0.981853 0 0.404961 -0.914334 0 0.139146 0.988568 -0.0580684 -0 1 0 -0 1 0 -0.500001 0.866025 0 -0.500001 0.866025 0 -0.866025 0.500001 0 -0.866025 0.500001 0 -1 0 0 -1 0 0 0.837399 0.546592 0 0.837399 0.546592 0 -0.866026 -0.499999 -0 -0.866026 -0.499999 -0 1 1.87166e-06 0 1 1.87166e-06 0 -0.5 -0.866025 -0 -0.5 -0.866025 -0 0.837398 -0.546594 0 0.837398 -0.546594 0 1 1.87166e-06 0 1 1.87166e-06 0 0 -1 -0 7.7134e-09 -1 0 0 -1 -0 -0.5 -0.866025 -0 -0.866026 -0.499999 -0 -1 0 0 -0.866025 0.500001 0 -0.500001 0.866025 0 -0 1 0 0.5 0.866025 0 0.866025 0.500001 0 0.866025 0.500001 0 1 0 0 1 0 0 0.382144 0.924103 -0 0.382151 0.9241 -0 0.382162 0.924095 -0 0.382155 0.924098 -0 0.706535 0.707678 -0 0.706534 0.707679 -0 0.706534 0.707679 -0 0.706534 0.707679 -0 0.92365 0.383236 -0 0.923654 0.383226 -0 0.923661 0.38321 -0 0.923657 0.38322 -0 1 0.00100492 -0 1 0.00100486 -0 1 0.000995025 -0 0.999999 0.000995044 -0 -0.999977 0.00684094 0 -0.999992 0.00389056 0 0.0152657 -0.984676 -0.173723 0.0152637 -0.984676 -0.173725 0.18058 -0.918043 -0.352971 0.180583 -0.918043 -0.352969 0.159253 -0.985781 -0.0536181 0.0980132 -0.992576 -0.0720233 -0.118722 -0.989086 0.087255 -0.169748 -0.983132 0.0680927 -4.57168e-05 -0.360988 -0.93257 -4.97624e-05 -0.668348 -0.743849 -9.98154e-05 -0.688694 -0.725052 4.13842e-05 -0.373135 -0.927777 -0.187768 -0.808822 0.557271 -0.187751 -0.80882 0.557279 -0.0902831 -0.903606 0.418742 -0.0903011 -0.90361 0.418729 0.181552 -0.814166 0.551519 0.17944 -0.813997 0.552459 0.096261 -0.905435 0.413426 0.0938566 -0.904956 0.415024 -4.69536e-05 -0.720685 0.693263 -4.69759e-05 -0.720685 0.693263 -4.96358e-05 -0.720694 0.693253 -4.9606e-05 -0.720694 0.693253 -3.50725e-05 -1 -0 3.34796e-05 -1 0 -0.000196019 -1 -0 -5.13862e-05 -1 -0 0.211001 -0.391114 0.895829 0.130307 -0.680906 0.720685 0.0799684 -0.801247 0.592966 0.0801785 -0.801284 0.592888 0.000163038 -1 0 1.47022e-05 -1 0 0.0152493 -0.984675 0.173732 0.0152779 -0.984679 0.173706 0.180695 -0.918054 0.352882 0.180657 -0.91805 0.352911 1 0 0 1 0 0 0.866026 -0.499998 0 0.866026 -0.499998 0 0.186176 -0.917798 0.350693 0.182739 -0.917527 0.3532 0.0361548 -0.981704 0.186948 0.0947671 -0.960676 0.260999 -0.99994 0.0110005 0 -0.999937 0.0112446 0 -0.0915907 -0.9621 0.256857 -0.0295872 -0.982669 0.182991 -0.176126 -0.919728 0.350826 -0.174864 -0.919625 0.351728 -0.99996 0.00894923 0 -0.99997 0.00778018 0 -0.999982 0.00595903 0 0.499999 -0.866026 0 0.090193 -0.903587 0.418803 0.0901905 -0.903586 0.418805 0.1876 -0.808806 0.55735 0.187604 -0.808806 0.557348 -0.999943 0.0106669 0 0.0842502 -0.794217 -0.601765 0.0842136 -0.794211 -0.601779 0.112811 -0.726788 -0.677534 0.112858 -0.726789 -0.677526 -0.99997 0.00777291 0 -0.999986 0.00534432 0 -0.396645 -0.593621 0.700205 -0.593621 -0.396645 0.700204 -0.593622 -0.396645 0.700204 -0.396645 -0.593621 0.700205 0.593562 -0.396608 0.700276 0.396604 -0.593565 0.700276 0.396604 -0.593565 0.700276 0.593562 -0.396608 0.700275 0.923648 0.383243 0 0.923646 0.383247 0 0.923644 0.383251 0 0.923646 0.383247 0 0.706504 0.707709 0 0.706512 0.707701 0 0.706519 0.707694 0 0.706511 0.707702 0 0.382156 0.924098 0 0.382146 0.924102 0 0.382138 0.924105 0 0.382148 0.924101 0 0.0902377 -0.903597 -0.418773 0.0902379 -0.903597 -0.418772 0.187659 -0.808813 -0.55732 0.187659 -0.808813 -0.55732 -0.382185 0.924086 0 -0.382144 0.924103 0 -0.382109 0.924118 0 -0.382149 0.924101 0 -0.706489 0.707724 0 -0.706513 0.7077 0 -0.706534 0.707679 0 -0.70651 0.707703 0 -0.92366 0.383213 0 -0.923655 0.383225 0 -0.923651 0.383235 0 -0.923656 0.383223 0 -1 2.49588e-05 0 -1 2.46193e-05 0 -1 -1.23206e-05 -0 -1 -1.2181e-05 -0 -0.923649 -0.383239 -0 -0.923653 -0.38323 -0 -0.923656 -0.383222 -0 -0.923653 -0.383231 -0 -0.706518 -0.707696 -0 -0.706511 -0.707702 -0 -0.706506 -0.707707 -0 -0.706512 -0.707701 -0 -0.382135 -0.924107 -0 -0.382132 -0.924108 -0 -0.382129 -0.924109 -0 -0.382132 -0.924108 -0 -0.0010123 -1 -0 -0.00101242 -1 -0 -0.00101795 -1 -0 -0.00101779 -1 -0 0.381215 -0.924486 0 0.381213 -0.924487 0 0.38121 -0.924488 0 0.381213 -0.924487 0 0.705809 -0.708403 0 0.705805 -0.708406 0 0.705802 -0.708409 0 0.705805 -0.708406 0 0.923273 -0.384145 0 0.923274 -0.384143 0 0.923274 -0.384142 0 0.923273 -0.384144 0 0.999999 -0.00101083 0 0.999999 -0.0010106 0 1 -0.000985645 0 1 -0.000985739 0 -0.833228 -0.55293 0 -0.833228 -0.55293 0 -0.98104 -0.193804 0 -0.98104 -0.193804 0 -0.558211 -0.829699 0 -0.55821 -0.829699 0 -0.196382 -0.980527 0 -0.196382 -0.980527 0 -0.21568 -0.759792 -0.61335 -0.104931 -0.894465 -0.434651 -0.183842 -0.807385 -0.560653 -0.183313 -0.807342 -0.560888 -0.218564 0.324864 -0.920159 -0.218564 0.324864 -0.920159 -0.0769029 0.383971 -0.920137 -0.0769029 0.383971 -0.920137 -0.597 0.396168 -0.697598 -0.597 0.396168 -0.697597 -0.399994 0.594534 -0.69752 -0.399994 0.594534 -0.69752 -0.90982 0.179733 -0.374064 -0.909819 0.179733 -0.374067 -0.772753 0.512798 -0.374019 -0.772755 0.512799 -0.374015 -0.981041 -0.193802 -0 -0.981041 -0.193802 -0 -0.981041 0.193802 0 -0.981041 0.193802 0 -0.772753 -0.512798 0.374019 -0.772753 -0.512798 0.374019 -0.909818 -0.179733 0.374068 -0.909818 -0.179733 0.374068 -0.400001 -0.594544 0.697507 -0.399995 -0.594535 0.697519 -0.597 -0.396168 0.697598 -0.597009 -0.396174 0.697586 -0.0769028 -0.383971 0.920137 -0.0769028 -0.383971 0.920137 -0.218564 -0.324864 0.920159 -0.218564 -0.324864 0.920159 0 0 1 0 0 1 0 0 1 0 0 1 -0.55821 0.829699 0 -0.558211 0.829699 0 -0.196382 0.980527 0 -0.196382 0.980527 0 -0.833228 0.55293 0 -0.833228 0.55293 0 -0.98104 0.193804 0 -0.98104 0.193804 0 -0 -1 0.000999347 -0 -1 0.000999828 0.00100122 -0.999999 0 0.000972472 -1 0 0.000972182 -1 0 0.00100114 -1 0 3.44485e-05 1 -0 4.0153e-07 1 -0 1.34819e-07 1 -0 3.30022e-05 1 -0 -0.0966448 -0.990621 -0.0965882 -0.0966446 -0.990621 -0.0965884 0.0966524 -0.990623 0.0965661 0.0966521 -0.990623 0.0965663 -0.183379 -0.736903 -0.65065 -0.593653 -0.396665 -0.700167 -0.593653 -0.396665 -0.700166 -0.39667 -0.593649 -0.700167 -4.46737e-05 -0.375289 0.926908 -4.58658e-05 -0.692178 0.721727 -1.38432e-05 -0.673216 0.739446 -0.000116844 -0.36384 0.931462 -1.19294e-07 1 0 1.46779e-05 1 0 1.49184e-05 1 0 5.34562e-08 1 0 -0.00101229 -1 -0 -0.00101224 -1 -0 0 0 -1 0 -0 -1 0 -0 -1 0 0 -1 0 0 1 0 0 1 -0.187719 -0.808815 -0.557297 -0.187731 -0.808816 -0.557291 -0.0903303 -0.903614 -0.418715 -0.0903171 -0.903611 -0.418725 4.80037e-05 1 -0 4.81903e-05 1 -0 0.171138 -0.98332 0.0615965 0.125087 -0.98886 0.0806831 -0.125398 -0.98904 -0.0779441 -0.171904 -0.983816 -0.0505519 0.593596 -0.396628 -0.700236 0.396628 -0.593595 -0.700237 0.396628 -0.593595 -0.700237 0.593595 -0.396628 -0.700236 -0.0966559 -0.990622 0.0965699 -0.096656 -0.990622 0.0965698 0.0965214 -0.990623 -0.096699 0.0965215 -0.990623 -0.0966989 -7.31494e-06 1 0 -7.46831e-06 1 0 -0.000997714 -0.999999 -0 -0.000997646 -0.999999 -0 0 0 -1 0 0 -1 0 0 1 0 0 1 -0.984876 -0.0152378 0.172587 -0.984876 -0.0152383 0.172586 -0.918838 -0.180118 0.351133 -0.918838 -0.180117 0.351133 -0.390839 0.00317557 -0.920454 -0.952734 -0.182449 -0.242919 -0.691678 -0.272199 -0.668946 -0.904467 -0.0900861 0.416922 -0.904464 -0.090074 0.41693 -0.809713 -0.188121 0.555856 -0.809714 -0.188137 0.555848 -0.795034 -0.0844684 0.600654 -0.795036 -0.0844758 0.600651 -0.727044 -0.113653 0.677119 -0.727044 -0.113643 0.677121 -1 -0 -0 -0.918839 0.180126 -0.351126 -0.918839 0.180124 -0.351127 -0.984877 0.0152433 -0.172582 -0.984877 0.015245 -0.17258 -0.718804 0.116871 -0.685319 -0.727044 0.113644 -0.677121 -0.795036 0.0844785 -0.60065 -0.795035 0.0844744 -0.600652 -0.809714 0.188136 -0.555849 -0.809714 0.188136 -0.555849 -0.904465 0.090075 -0.416929 -0.904465 0.0900751 -0.416929 -0.990744 0.0959784 -0.0959944 -0.990744 0.0959784 -0.0959944 -0.990744 -0.0959947 0.0959787 -0.990744 -0.0959947 0.0959787 -0.952826 -0.287945 0.0959691 -0.952818 -0.287965 0.0959902 -0.879606 -0.465847 -0.0963269 -0.879616 -0.465823 -0.0963519 -0.770983 -0.629524 0.09636 -0.770984 -0.629522 0.0963586 -0.602882 -0.786576 -0.133535 -0.634794 -0.766586 -0.0968624 -0.470892 -0.876857 0.0968635 -0.497786 -0.857642 0.12907 -0.256788 -0.957441 -0.131786 -0.291731 -0.951543 -0.0972523 -0.720871 -7.45058e-09 -0.693069 -0.450132 0 -0.892962 -0.291712 0.951551 0.0972321 -0.256775 0.957448 0.131758 -0.497781 0.857644 -0.129082 -0.470883 0.876861 -0.0968734 -0.634795 0.766585 0.0968639 -0.602888 0.786568 0.133555 -0.771008 0.629498 -0.0963251 -0.770994 0.629512 -0.0963444 -0.879619 0.465816 0.0963593 -0.879615 0.465826 0.0963494 -0.952815 0.287973 -0.095998 -0.952819 0.287961 -0.0959863 -0.990744 0.0959793 0.0959953 -0.990744 0.0959794 0.0959952 -0.990744 -0.0959793 -0.0959953 -0.990744 -0.0959794 -0.0959952 -0.450132 -7.45058e-09 0.892962 -0.720871 0 0.693069 -0.442842 -0.00565336 0.896582 -0.449175 -0.005987 0.893424 -0.438033 -0.0431203 0.897924 -0.390893 -0.00297617 0.920431 -0.56597 0.156558 0.809424 -0.566614 0.142465 0.811574 -0.47227 0.197138 0.859126 -0.46592 0.197786 0.862438 -0.772353 0.185087 0.60763 -0.621407 0.360957 0.695387 -0.633348 0.346394 0.692012 -0.6244 0.334864 0.705684 -0.910811 0.173211 0.374729 -0.910527 0.173137 0.375452 -0.778389 0.491285 0.390831 -0.848624 0.357486 0.389925 -0.980562 -0.196207 0.000455775 -0.980563 -0.196205 0.00037902 -0.980562 0.196207 -0.000460347 -0.980563 0.196206 -0.000394539 -0.848634 -0.357523 -0.389867 -0.7784 -0.491292 -0.390802 -0.910475 -0.173122 -0.375585 -0.910858 -0.173222 -0.374609 -0.6248 -0.336411 -0.704594 -0.633344 -0.346372 -0.692027 -0.621334 -0.360894 -0.695485 -0.771131 -0.183057 -0.609793 -0.466096 -0.200513 -0.861713 -0.472273 -0.197184 -0.859114 -0.566541 -0.14228 -0.811658 -0.565404 -0.155116 -0.810097 -0.438034 0.043104 -0.897925 -0.449008 0.00701979 -0.8935 -0.442599 0.00715708 -0.896691 -0.536382 -0.0784597 0.840321 -0.536334 0.0795688 -0.840247 -0.720871 0 0.693069 -0.720871 0 0.693069 -0.999956 -0.00941102 -0 -0.710304 -0.00587917 0.70387 -0.924744 0.158837 0.345859 -0.787403 0.089881 0.60985 -0.717191 0.117578 0.686886 -0.900319 0.0945122 0.424844 -0.801856 0.192837 0.565544 -0.984095 0.0160235 0.176921 -0.984165 0.0164907 0.176485 -0.82877 0.297385 0.474028 -0.914808 0.184721 0.359171 -0.916378 -0.203334 -0.344829 -0.828804 -0.297468 -0.473916 -0.988852 0.0193227 -0.147642 -0.985396 -0.0251257 -0.168414 -0.803972 -0.219722 -0.552586 -0.902938 -0.106746 -0.416303 -0.717199 -0.145112 -0.681592 -0.789751 -0.10276 -0.604759 -0.710124 0.00763153 -0.704035 -0.262481 -0.0437765 0.963943 -0.264111 -0.0458153 0.963403 -0.621963 0.19786 0.757637 -0.25996 0.0413773 -0.964732 -0.261622 0.0434522 -0.964192 -1 -0 -0 -0.999996 -0.00279921 -0 -1 0.000502464 0 -0.999997 -0.00226012 -0 -1 0.000224679 0 -0.999993 0.00376995 0 -0.999993 0.0036304 0 -0.999996 0.00287517 0 -1 0.000927924 0 -0.999995 0.00324102 0 -0.00866009 0.819052 0.573655 -0.00881213 0.842601 0.538467 -0.00891517 0.836832 0.547387 -0.00865443 0.821289 0.570446 -0.0636544 0.99569 -0.0674539 -0.058436 0.995063 -0.080217 0.075476 0.984941 0.155549 0.114836 0.974611 0.192212 0.0356299 0.995408 -0.0888453 0.0806027 0.966599 -0.24329 0.0973928 0.969079 -0.226716 0.0314599 0.991955 -0.122617 -0.12416 0.965429 0.229195 -0.249085 0.82522 0.50692 -0.221316 0.837293 0.499959 -0.0758784 0.982391 0.170736 -0.115256 0.968141 -0.222304 -0.102007 0.965054 -0.241384 -0.0515117 0.995151 -0.0837871 -0.0089825 0.991669 -0.128498 -0.00875177 0.991489 -0.129896 -0.00870492 0.970998 0.238929 -0.00739175 0.966955 0.254839 0.065215 0.972223 0.224787 -0.0691785 0.990351 -0.120077 0.056479 0.984446 0.16636 0.191974 0.845278 0.49865 0.231817 0.826683 0.512695 0.0984918 0.970971 0.21798 -0.0860737 0.989366 -0.117244 0.0689106 0.990741 -0.116981 -0.12248 0.96555 0.22959 -0.999986 -0.0052507 -0 -0.999956 -0.00935334 -0 -0.999944 -0.0106283 -0 -4.69647e-05 -9.34189e-06 -1 -4.91267e-05 9.77194e-06 -1 0.195084 -0.980787 3.68347e-05 -0.195099 -0.980784 3.68347e-05 -4.69633e-05 -9.34153e-06 1 -4.69633e-05 9.34166e-06 1 0.195091 -0.980785 -3.68347e-05 -0.195091 -0.980785 -4.86415e-05 -0.000123974 -1 -0 -6.50526e-05 -1 -0 0.343492 0.874491 -0.342459 0.49446 0.71562 -0.493352 0.214718 0.953022 -0.213649 0.214719 0.95302 0.213654 0.343491 0.874489 0.342465 0.494458 0.715617 0.49336 -0.342277 0.874625 0.343333 -0.213638 0.953021 0.214731 -0.493125 0.715918 0.494257 -0.337514 0.814836 0.471304 -0.61209 0.612096 0.500685 -0.61209 0.612096 0.500685 -0.337514 0.814836 0.471304 0.337785 0.815496 -0.469965 0.612647 0.612659 -0.499312 0.612648 0.61266 -0.49931 0.337785 0.815497 -0.469963 0.612659 0.612653 0.499305 0.815499 0.337788 0.469958 0.815499 0.337788 0.469958 0.612659 0.612653 0.499305 -0.337514 0.814831 -0.471311 -0.814831 0.337514 -0.471311 -0.814831 0.337514 -0.471311 -0.337514 0.814831 -0.471311 0.000796258 0.707289 0.706924 0.000778258 0.840609 0.541642 0.000778377 0.840151 0.542352 0.000796258 0.706931 0.707282 -0.213636 0.953021 -0.214733 -0.342272 0.874626 -0.343335 0.000796273 0.707292 -0.706921 0.000778258 0.84061 -0.54164 0.000778407 0.840154 -0.542348 0.000796258 0.706934 -0.707279 0.990068 0 0.140586 0.990068 0 0.140586 0.990068 0 -0.140586 0.990068 0 -0.140586 0 0 -1 0 0 -1 0 0 -1 0 0 -1 0.960471 0 -0.278379 0.960471 0 -0.278379 0 0 1 0 0 1 0 0 1 0 0 1 0 0 -1 0 0 -1 -0 -0 -1 -0 -0 -1 0.960471 0 0.278379 0.960471 0 0.278379 0.799509 0 -0.600654 0.799509 0 -0.600654 0.799509 0 -0.600654 0.799509 0 -0.600654 0.799495 0 0.600673 0.799495 0 0.600673 0.799495 0 0.600673 0.799495 0 0.600673 0.990068 0 0.140586 0.990068 0 0.140586 0.990068 0 -0.140586 0.990068 0 -0.140586 0 0 -1 0 0 -1 0 0 -1 0 0 -1 0.960471 0 -0.278379 0.960471 0 -0.278379 0 0 1 0 0 1 0 0 1 0 0 1 0 0 -1 0 0 -1 -0 -0 -1 -0 -0 -1 0.960471 0 0.278379 0.960471 0 0.278379 0.799509 0 -0.600654 0.799509 0 -0.600654 0.799509 0 -0.600654 0.799509 0 -0.600654 0.799495 0 0.600673 0.799495 0 0.600673 0.799495 0 0.600673 0.799495 0 0.600673 0.990068 0 0.140586 0.990068 0 0.140586 0.990068 0 -0.140586 0.990068 0 -0.140586 0 0 -1 0 0 -1 0 0 -1 0 0 -1 0.960471 0 -0.278379 0.960471 0 -0.278379 0 0 1 0 0 1 0 0 1 0 0 1 0 0 -1 0 0 -1 -0 -0 -1 -0 -0 -1 0.960471 0 0.278379 0.960471 0 0.278379 0.799495 0 -0.600673 0.799495 0 -0.600673 0.799495 0 -0.600673 0.799495 0 -0.600673 0.799509 0 0.600654 0.799509 0 0.600654 0.799509 0 0.600654 0.799509 0 0.600654 0.990068 0 0.140586 0.990068 0 0.140586 0.990068 0 -0.140586 0.990068 0 -0.140586 0 0 -1 0 0 -1 0 0 -1 0 0 -1 0.960471 0 -0.278379 0.960471 0 -0.278379 0 0 1 0 0 1 0 0 1 0 0 1 0 0 -1 0 0 -1 -0 -0 -1 -0 -0 -1 0.960471 0 0.278379 0.960471 0 0.278379 0.799509 0 -0.600654 0.799509 0 -0.600654 0.799509 0 -0.600654 0.799509 0 -0.600654 0.799495 0 0.600673 0.799495 0 0.600673 0.799495 0 0.600673 0.799495 0 0.600673 0.000796269 0.000329823 1 0.000796269 0.000329823 1 0.000796269 0 1 0.000796269 0 1 0.000796269 -0.000329825 -1 0.000796269 -0.000329825 -1 0.000796269 0 -1 0.000796269 0 -1 -0.382681 0.92388 0.000735645 0.382679 0.923881 0.000735646 0.382679 0.923881 0.000735646 -0.382681 0.92388 0.000735645 0 1 -0.000796256 -0.382683 0.923879 -0.000735645 -0.382683 0.923879 -0.000735645 0 1 -0.000796256 0.00079627 1 -0 0.00079627 1 -0 0.00079627 1 -0 0.00079627 1 -0 -0.493118 0.715921 -0.494259 0.3435 0.874485 -0.342467 0.664682 0.516971 -0.539387 0.290507 0.924264 -0.247673 0.2905 0.924267 0.247669 0.343495 0.874489 0.342462 0.664679 0.51698 0.539383 -0.3423 0.874621 0.34332 -0.289843 0.924104 0.249046 -0.663588 0.517053 0.540655 -0.337515 0.814834 0.471306 -0.814834 0.337515 0.471306 0.815498 0.337786 -0.469962 0.61266 0.612648 -0.49931 0.61265 0.612661 0.499306 0.337787 0.8155 0.469958 -0.337516 0.814836 -0.471301 -0.814835 0.337516 -0.471304 -0.663586 0.517051 -0.540659 -0.28984 0.924102 -0.249053 0.000735611 0.394798 0.918768 0.000777572 0.840605 0.541647 0.000779375 0.840149 0.542356 0.000735655 0.394264 0.918997 -0.342289 0.87462 -0.343333 0.000735231 0.394793 -0.91877 0.000777528 0.840602 -0.541653 0.000778481 0.840144 -0.542362 0.000735231 0.39426 -0.918999 0.000797224 0 1 0.000795616 -0.000329555 1 0.000795553 -0.000329529 -1 0.000796358 0.000329858 -1 0 1 0.000797893 -0.382683 0.923879 0.000731007 0.382679 0.923881 -0.000737159 -0.382683 0.923879 -0.000731007 0.000797221 1 -0 0.000796913 1 -0 0.000796354 1 -0 0.000796662 1 -0 0.104379 0 -0.994538 0.104379 0 -0.994538 0.104378 0 -0.994538 0.104378 0 -0.994538 0 0.999999 0.00163571 0 0.999999 0.00163571 0 0.999999 0.00163571 0 0.999999 0.00163571 -0.101093 0 0.994877 -0.101093 0 0.994877 -0.101093 0 0.994877 -0.101093 0 0.994877 0 0.999999 -0.00167428 0 0.999999 -0.00167023 0 0.999999 -0.00166908 0 0.999999 -0.00167313 0.00164354 0.999999 0.00016975 0.00164333 0.999999 0.000169729 0.00164273 0.999999 0.000169667 0.00164294 0.999999 0.000169688 </float_array>
          <technique_common>
            <accessor count="1286" offset="0" source="#meshId1-bitangents-array" stride="3">
              <param name="X" type="float" />
              <param name="Y" type="float" />
              <param name="Z" type="float" />
            </accessor>
          </technique_common>
        </source>
        <source id="meshId1-tex0" name="meshId1-tex0">
          <float_array id="meshId1-tex0-array" count="2572"> 0.50338 0.855585 0.496331 0.858581 0.488728 0.857651 0.482609 0.853045 0.479612 0.845997 0.480541 0.838395 0.485152 0.83228 0.492199 0.829286 0.4998 0.830214 0.505922 0.834816 0.508917 0.841864 0.507987 0.849466 0.50338 0.855585 0.496331 0.858581 0.488728 0.857651 0.482609 0.853045 0.479612 0.845997 0.480541 0.838395 0.485152 0.83228 0.492199 0.829286 0.4998 0.830214 0.505922 0.834816 0.508917 0.841864 0.507987 0.849466 0.0306003 0.298591 0.0332616 0.296096 0.109111 0.298013 0.108655 0.321216 0.0324156 0.316176 0.0299668 0.313455 0.464862 0.280835 0.462299 0.283431 0.385969 0.284718 0.386056 0.261475 0.462376 0.263346 0.464919 0.265962 0.464456 0.318246 0.461892 0.320841 0.385813 0.322088 0.385911 0.298872 0.461976 0.300757 0.464518 0.303373 0.0296134 0.270713 0.0319686 0.267909 0.108678 0.260754 0.109274 0.283904 0.0334367 0.288039 0.0307044 0.285618 0.0306003 0.298591 0.0332616 0.296096 0.109111 0.298013 0.108655 0.321216 0.0324156 0.316176 0.0299668 0.313455 0.464862 0.280835 0.462299 0.283431 0.385969 0.284718 0.386056 0.261475 0.462376 0.263346 0.464919 0.265962 0.464456 0.318246 0.461892 0.320841 0.385813 0.322088 0.385911 0.298872 0.461976 0.300757 0.464518 0.303373 0.0296134 0.270713 0.0319686 0.267909 0.108678 0.260754 0.109274 0.283904 0.0334367 0.288039 0.0307044 0.285618 0.0338151 0.989849 0.0238634 0.989849 0.0238634 0.966172 0.0327142 0.963607 0.0338151 0.964434 0.0642884 0.902006 0.0742401 0.902006 0.0742401 0.925683 0.0653893 0.928248 0.0642884 0.927421 0.0642884 0.964434 0.0653893 0.963607 0.0742401 0.966172 0.0742401 0.989849 0.0642884 0.989849 0.0338151 0.927421 0.0327142 0.928248 0.0238634 0.925683 0.0238634 0.902006 0.0338151 0.902006 0.0338151 0.989849 0.0238634 0.989849 0.0238634 0.966172 0.0327142 0.963607 0.0338151 0.964434 0.0642884 0.902006 0.0742401 0.902006 0.0742401 0.925683 0.0653893 0.928248 0.0642884 0.927421 0.0642884 0.964434 0.0653893 0.963607 0.0742401 0.966172 0.0742401 0.989849 0.0642884 0.989849 0.0338151 0.927421 0.0327142 0.928248 0.0238634 0.925683 0.0238634 0.902006 0.0338151 0.902006 0.0338151 0.989849 0.0238634 0.989849 0.0238634 0.966172 0.0327142 0.963607 0.0338151 0.964434 0.0642884 0.902006 0.0742401 0.902006 0.0742401 0.925683 0.0653893 0.928248 0.0642884 0.927421 0.0642884 0.964434 0.0653893 0.963607 0.0742401 0.966172 0.0742401 0.989849 0.0642884 0.989849 0.0338151 0.927421 0.0327142 0.928248 0.0238634 0.925683 0.0238634 0.902006 0.0338151 0.902006 0.0338151 0.989849 0.0238634 0.989849 0.0238634 0.966172 0.0327142 0.963607 0.0338151 0.964434 0.0642884 0.902006 0.0742401 0.902006 0.0742401 0.925683 0.0653893 0.928248 0.0642884 0.927421 0.0642884 0.964434 0.0653893 0.963607 0.0742401 0.966172 0.0742401 0.989849 0.0642884 0.989849 0.0338151 0.927421 0.0327142 0.928248 0.0238634 0.925683 0.0238634 0.902006 0.0338151 0.902006 0.0112685 0.287797 0.0112788 0.287592 0.014916 0.287873 0.0297867 0.288181 0.0334367 0.288039 0.0334394 0.288245 0.462036 0.2914 0.462045 0.291195 0.465689 0.29143 0.480562 0.291541 0.484206 0.291363 0.484211 0.291568 0.0332616 0.296096 0.0296197 0.296009 0.465634 0.299251 0.46199 0.299223 0.484152 0.29939 0.480504 0.299362 0.0147518 0.295694 0.0111044 0.295617 0.0334394 0.288245 0.109202 0.290207 0.109111 0.298013 0.0332616 0.296096 0.0326039 0.254372 0.0326128 0.254168 0.108701 0.254436 0.108678 0.260754 0.0334367 0.288039 0.109274 0.283904 0.46199 0.299223 0.385911 0.298872 0.385944 0.291043 0.462036 0.2914 0.462166 0.255426 0.386078 0.255158 0.386105 0.247336 0.462193 0.247604 0.462045 0.291195 0.385969 0.284718 0.462173 0.25563 0.386056 0.261475 0.0147518 0.295694 0.014916 0.287873 0.0297867 0.288181 0.0296197 0.296009 0.465634 0.299251 0.465689 0.29143 0.480562 0.291541 0.480504 0.299362 0.108729 0.246614 0.0326403 0.246346 0.0112685 0.287797 0.0112788 0.287592 0.014916 0.287873 0.0297867 0.288181 0.0334367 0.288039 0.0334394 0.288245 0.462036 0.2914 0.462045 0.291195 0.465689 0.29143 0.480562 0.291541 0.484206 0.291363 0.484211 0.291568 0.0332616 0.296096 0.0296197 0.296009 0.465634 0.299251 0.46199 0.299223 0.484152 0.29939 0.480504 0.299362 0.0147518 0.295694 0.0111044 0.295617 0.0334394 0.288245 0.109202 0.290207 0.109111 0.298013 0.0332616 0.296096 0.0326039 0.254372 0.0326128 0.254168 0.108701 0.254436 0.108678 0.260754 0.0334367 0.288039 0.109274 0.283904 0.46199 0.299223 0.385911 0.298872 0.385944 0.291043 0.462036 0.2914 0.462166 0.255426 0.386078 0.255158 0.386105 0.247336 0.462193 0.247604 0.462045 0.291195 0.385969 0.284718 0.462173 0.25563 0.386056 0.261475 0.0147518 0.295694 0.014916 0.287873 0.0297867 0.288181 0.0296197 0.296009 0.465634 0.299251 0.465689 0.29143 0.480562 0.291541 0.480504 0.299362 0.108729 0.246614 0.0326403 0.246346 0.522728 0.79106 0.533504 0.8352 0.527475 0.830478 0.519194 0.787861 0.482207 0.788963 0.479612 0.792963 0.477156 0.796294 0.479168 0.841686 0.467054 0.841686 0.469066 0.796294 0.519894 0.829396 0.514801 0.787063 0.486247 0.787063 0.512785 0.832245 0.510724 0.78888 0.42634 0.177529 0.426439 0.176823 0.474468 0.176821 0.474567 0.177526 0.94824 0.0449281 0.946544 0.0483775 0.945932 0.0468335 0.415005 0.179411 0.414405 0.177963 0.423106 0.174359 0.423706 0.175806 0.421201 0.00392866 0.420671 0.00341165 0.42194 0.00278616 0.422648 0.00332904 0.414397 0.0115809 0.414997 0.0101333 0.423698 0.013737 0.423098 0.0151846 0.490655 0.787772 0.508049 0.838262 0.508049 0.792826 0.486502 0.17796 0.487068 0.178125 0.486317 0.180126 0.485902 0.179407 0.421201 0.00392866 0.422648 0.00332904 0.426253 0.0120299 0.424805 0.0126296 0.479698 0.185612 0.480102 0.186201 0.478576 0.186818 0.478251 0.186212 0.469066 0.948343 0.467054 0.902951 0.479168 0.902951 0.477156 0.948343 0.478243 0.0033263 0.479691 0.0039258 0.476087 0.0126271 0.47464 0.0120276 0.485896 0.0101299 0.486495 0.0115775 0.477794 0.0151819 0.477195 0.0137345 0.494253 0.790899 0.467054 0.849344 0.479168 0.849344 0.479168 0.857002 0.467054 0.857002 0.479168 0.864661 0.467054 0.864661 0.479168 0.872319 0.467054 0.872319 0.469066 0.791527 0.477156 0.791527 0.479168 0.879977 0.467054 0.879977 0.469066 0.787063 0.477156 0.787063 0.479168 0.887635 0.467054 0.887635 0.62227 0.578192 0.626301 0.574125 0.643209 0.57617 0.62227 0.876707 0.643209 0.878729 0.623033 0.576337 0.62447 0.574889 0.62447 0.88001 0.623033 0.878563 0.626301 0.880775 0.641164 0.880775 0.469066 0.95311 0.477156 0.95311 0.477156 0.957574 0.469066 0.957574 0.479168 0.895293 0.467054 0.895293 0.418087 0.183529 0.417505 0.183985 0.416397 0.182799 0.417091 0.182533 0.425352 0.895293 0.425352 0.887635 0.477201 0.175804 0.477801 0.174356 0.425352 0.879977 0.479698 0.185612 0.478251 0.186212 0.474646 0.177511 0.476094 0.176911 0.425352 0.872319 0.425352 0.864661 0.415005 0.179411 0.414285 0.179598 0.413802 0.178113 0.414405 0.177963 0.422657 0.186214 0.421996 0.186761 0.420681 0.186132 0.421209 0.185615 0.425352 0.857002 0.423698 0.013737 0.424312 0.0140986 0.423788 0.0153629 0.423098 0.0151846 0.426253 0.0120299 0.426431 0.0127196 0.425167 0.0132433 0.424805 0.0126296 0.422657 0.186214 0.421209 0.185615 0.424813 0.176913 0.426261 0.177513 0.477201 0.175804 0.476587 0.175442 0.477111 0.174178 0.477801 0.174356 0.425352 0.849344 0.474646 0.177511 0.474468 0.176821 0.475732 0.176297 0.476094 0.176911 0.425352 0.841686 0.417083 0.0070107 0.416642 0.00640702 0.417496 0.00555873 0.418078 0.00601518 0.94653 0.0977184 0.94777 0.101692 0.945878 0.0990416 0.423788 0.0153629 0.424312 0.0140986 0.425167 0.0132433 0.426431 0.0127196 0.962789 0.0424049 0.962798 0.333665 0.959905 0.333273 0.9599 0.112913 0.959891 0.0427756 0.643209 0.883526 0.645326 0.880775 0.653185 0.880775 0.653185 0.883526 0.641164 0.880775 0.645326 0.574125 0.626301 0.574125 0.625911 0.571373 0.653185 0.574125 0.653185 0.571373 0.764272 0.0416964 0.767515 0.113588 0.767518 0.334531 0.764272 0.334534 0.767523 0.0417238 0.477111 0.174178 0.474468 0.176821 0.426439 0.176823 0.423796 0.17418 0.779644 0.102351 0.783698 0.101196 0.779204 0.0460261 0.780861 0.0495104 0.0491341 0.0648266 0.134477 0.065596 0.13378 0.142743 0.0484386 0.141973 0.0456753 0.142598 0.0265367 0.153328 0.027674 0.027168 0.0463871 0.0636365 0.0487822 0.0617926 0.0369875 0.0189557 0.147446 0.0199515 0.134883 0.0625688 0.425352 0.834028 0.467054 0.834028 0.425352 0.82637 0.467054 0.82637 0.467054 0.918267 0.425352 0.918267 0.425352 0.910609 0.467054 0.910609 0.425352 0.902951 0.728692 0.0374211 0.764272 0.0416964 0.764272 0.334534 0.728692 0.33881 0.476087 0.0126271 0.475726 0.0132409 0.474461 0.0127172 0.47464 0.0120276 0.606719 0.189018 0.606719 0.0113053 0.722371 0.0113053 0.722371 0.189018 0.846266 0.40961 0.846234 0.377339 0.961887 0.377223 0.961919 0.409494 0.606719 0.239764 0.722371 0.239764 0.722371 0.542907 0.606719 0.542907 0.962418 0.908824 0.846766 0.90894 0.846462 0.605798 0.962115 0.605682 0.606719 0.236949 0.606719 0.234085 0.722371 0.234085 0.722371 0.236949 0.606719 0.00848603 0.606719 0.00562286 0.722371 0.00562286 0.722371 0.00848603 0.606719 0.548586 0.606719 0.545723 0.722371 0.545723 0.722371 0.548586 0.84646 0.602982 0.846457 0.600118 0.962109 0.600003 0.962112 0.602866 0.606719 0.231266 0.722371 0.231266 0.606719 0.551405 0.722371 0.551405 0.846454 0.597299 0.962106 0.597184 0.606719 0.0028069 0.722371 0.0028069 0.844628 0.603866 0.84646 0.602982 0.846462 0.605798 0.844629 0.606653 0.844429 0.600265 0.846457 0.600118 0.84646 0.602982 0.844429 0.603097 0.844526 0.596691 0.846454 0.597299 0.846457 0.600118 0.844527 0.599478 0.844718 0.409611 0.844688 0.37864 0.846234 0.377339 0.846266 0.40961 0.60479 0.549228 0.606719 0.548586 0.606719 0.551405 0.604792 0.552015 0.604688 0.545609 0.606719 0.545723 0.606719 0.548586 0.604691 0.548442 0.604884 0.542053 0.606719 0.542907 0.606719 0.545723 0.604886 0.54484 0.605351 0.241256 0.606719 0.239764 0.606719 0.542907 0.605351 0.541415 0.604886 0.237831 0.606719 0.236949 0.606719 0.239764 0.604884 0.240618 0.604691 0.23423 0.606719 0.234085 0.606719 0.236949 0.604688 0.237062 0.604792 0.230656 0.606719 0.231266 0.606719 0.234085 0.60479 0.233443 0.522728 0.79106 0.533504 0.8352 0.527475 0.830478 0.519194 0.787861 0.482207 0.788963 0.479612 0.792963 0.477156 0.796294 0.479168 0.841686 0.467054 0.841686 0.469066 0.796294 0.519894 0.829396 0.514801 0.787063 0.486247 0.787063 0.512785 0.832245 0.510724 0.78888 0.490655 0.787772 0.508049 0.838262 0.508049 0.792826 0.469066 0.948343 0.467054 0.902951 0.479168 0.902951 0.477156 0.948343 0.494253 0.790899 0.467054 0.849344 0.479168 0.849344 0.479168 0.857002 0.467054 0.857002 0.479168 0.864661 0.467054 0.864661 0.479168 0.872319 0.467054 0.872319 0.469066 0.791527 0.477156 0.791527 0.479168 0.879977 0.467054 0.879977 0.469066 0.787063 0.477156 0.787063 0.479168 0.887635 0.467054 0.887635 0.469066 0.95311 0.477156 0.95311 0.477156 0.957574 0.469066 0.957574 0.479168 0.895293 0.467054 0.895293 0.425352 0.895293 0.425352 0.887635 0.425352 0.879977 0.425352 0.872319 0.425352 0.864661 0.425352 0.857002 0.425352 0.849344 0.425352 0.841686 0.425352 0.834028 0.467054 0.834028 0.425352 0.82637 0.467054 0.82637 0.60479 0.00912833 0.606719 0.00848603 0.606719 0.0113053 0.604792 0.0119151 0.604688 0.0055095 0.606719 0.00562286 0.606719 0.00848603 0.604691 0.00834167 0.604884 0.00195313 0.606719 0.0028069 0.606719 0.00562286 0.604886 0.00474048 0.845097 0.607291 0.846462 0.605798 0.846766 0.90894 0.845397 0.907449 0.943154 0.0452551 0.94517 0.045951 0.423106 0.174359 0.423796 0.17418 0.424319 0.175445 0.423706 0.175806 0.413672 0.17428 0.413053 0.174338 0.413045 0.0146712 0.413665 0.0152642 0.474568 0.186944 0.47481 0.187588 0.42575 0.18757 0.42634 0.186947 0.424738 0.0126745 0.425167 0.0132433 0.424312 0.0140986 0.423743 0.01367 0.482813 0.00601208 0.483298 0.00548446 0.484164 0.00627863 0.483809 0.00700748 0.474561 0.0120119 0.474461 0.0127172 0.426431 0.0127196 0.426332 0.0120142 0.474461 0.0127172 0.475726 0.0132409 0.476581 0.014096 0.477105 0.0153602 0.478243 0.0033263 0.478654 0.00273323 0.480113 0.00334752 0.479691 0.0039258 0.476587 0.175442 0.475732 0.176297 0.477794 0.0151819 0.477105 0.0153602 0.476581 0.014096 0.477195 0.0137345 0.467054 0.918267 0.425352 0.918267 0.425352 0.910609 0.467054 0.910609 0.485896 0.0101299 0.486328 0.00944412 0.487001 0.0109093 0.486495 0.0115775 0.781537 0.0997183 0.782381 0.100554 0.414397 0.0115809 0.413856 0.0109159 0.414492 0.00958157 0.414997 0.0101333 0.782253 0.0471513 0.783703 0.0464371 0.780884 0.0984845 0.425352 0.902951 0.47715 0.0136673 0.476581 0.014096 0.475726 0.0132409 0.476154 0.0126719 0.944681 0.10016 0.424813 0.176913 0.425175 0.1763 0.426439 0.176823 0.426261 0.177513 0.781475 0.0480423 0.943183 0.100605 0.417083 0.0070107 0.418078 0.00601518 0.424738 0.0126745 0.423743 0.01367 0.482813 0.00601208 0.483809 0.00700748 0.47715 0.0136673 0.476154 0.0126719 0.72542 0.00476313 0.722371 0.00562286 0.722371 0.0028069 0.725429 0.00198674 0.725504 0.00880992 0.722371 0.00848603 0.722371 0.00562286 0.725517 0.00599599 0.725133 0.0127451 0.722371 0.0113053 0.722371 0.00848603 0.725142 0.00998342 0.423751 0.175873 0.424319 0.175445 0.425175 0.1763 0.424746 0.176869 0.725142 0.232588 0.722371 0.234085 0.722371 0.231266 0.725133 0.229826 0.725517 0.236575 0.722371 0.236949 0.722371 0.234085 0.725504 0.233762 0.725429 0.240585 0.722371 0.239764 0.722371 0.236949 0.72542 0.237808 0.724881 0.540977 0.722371 0.542907 0.722371 0.239764 0.724881 0.241694 0.72542 0.544863 0.722371 0.545723 0.722371 0.542907 0.725429 0.542087 0.725504 0.54891 0.722371 0.548586 0.722371 0.545723 0.725517 0.546096 0.725133 0.552845 0.722371 0.551405 0.722371 0.548586 0.725142 0.550083 0.963921 0.409492 0.961919 0.409494 0.961887 0.377223 0.963891 0.379607 0.964878 0.598503 0.962109 0.600003 0.962106 0.597184 0.964867 0.595741 0.965257 0.60249 0.962112 0.602866 0.962109 0.600003 0.965242 0.599676 0.965173 0.606499 0.962115 0.605682 0.962112 0.602866 0.965162 0.603723 0.964926 0.906892 0.962418 0.908824 0.962115 0.605682 0.964627 0.607609 0.493956 0.0075289 0.509539 0.0075289 0.509539 0.0103052 0.493956 0.0103052 0.493956 0.00471497 0.509539 0.00471497 0.493956 0.00195313 0.509539 0.00195313 0.483816 0.18253 0.484151 0.183288 0.483287 0.184066 0.482821 0.183526 0.623052 0.572499 0.617051 0.558119 0.6196 0.557055 0.625601 0.571436 0.620808 0.574672 0.609749 0.563695 0.611731 0.561698 0.622791 0.572675 0.619579 0.577501 0.605167 0.571576 0.606223 0.569008 0.620635 0.574934 0.619519 0.877091 0.603936 0.877091 0.603936 0.577808 0.619519 0.577808 0.620635 0.879966 0.606223 0.885891 0.605167 0.883323 0.619579 0.877398 0.622791 0.882224 0.611731 0.893201 0.609749 0.891204 0.620808 0.880227 0.625601 0.883464 0.6196 0.897844 0.617051 0.89678 0.623052 0.8824 0.643209 0.883526 0.655797 0.899108 0.625911 0.899108 0.625911 0.883526 0.493956 0.315179 0.509539 0.315179 0.509539 0.317941 0.493956 0.317941 0.493956 0.312365 0.509539 0.312365 0.493956 0.309589 0.509539 0.309589 0.961929 0.41947 0.846276 0.419586 0.846276 0.419586 0.846454 0.597299 0.844905 0.596001 0.844728 0.419588 0.605171 0.229966 0.605171 0.189018 0.606719 0.189018 0.606719 0.231266 0.477816 0.174277 0.477111 0.174178 0.477105 0.0153602 0.47781 0.0152611 0.483816 0.18253 0.482821 0.183526 0.476161 0.176866 0.477156 0.175871 0.426331 0.00259614 0.425693 0.00197268 0.474892 0.00195313 0.47456 0.00259387 0.722371 0.189018 0.722371 0.0113053 0.724373 0.0136913 0.724373 0.189018 0.963931 0.419468 0.961929 0.41947 0.665773 0.555791 0.8411 0.555791 0.8411 0.571373 0.653185 0.571373 0.653185 0.883526 0.665773 0.899108 0.476161 0.176866 0.475732 0.176297 0.476587 0.175442 0.477156 0.175871 0.605171 0.0126052 0.606719 0.0113053 0.487228 0.0152607 0.487821 0.0146689 0.487821 0.174336 0.487234 0.174277 0.418087 0.183529 0.417091 0.182533 0.423751 0.175873 0.424746 0.176869 0.423083 0.0152637 0.423788 0.0153629 0.423796 0.17418 0.42309 0.17428 0.724373 0.22888 0.722371 0.231266 0.964106 0.594796 0.962106 0.597184 0.625911 0.571373 0.625911 0.555791 0.8411 0.883526 0.8411 0.899108 0.619579 0.877398 0.62227 0.876707 0.623033 0.878563 0.620635 0.879966 0.767663 0.0388917 0.767523 0.0417238 0.764545 0.0397398 0.620808 0.880227 0.623033 0.878563 0.62447 0.88001 0.622791 0.882224 0.623052 0.8824 0.62447 0.88001 0.626301 0.880775 0.625601 0.883464 0.645326 0.574125 0.620635 0.574934 0.623033 0.576337 0.62227 0.578192 0.619579 0.577501 0.625601 0.571436 0.626301 0.574125 0.62447 0.574889 0.623052 0.572499 0.622791 0.572675 0.62447 0.574889 0.623033 0.576337 0.620808 0.574672 0.619519 0.577808 0.62227 0.578192 0.62227 0.876707 0.619519 0.877091 0.493956 0.0103052 0.491205 0.00992095 0.491205 0.00791466 0.493956 0.0075289 0.493956 0.0075289 0.491205 0.00714302 0.491205 0.00510299 0.493956 0.00471497 0.493956 0.00471497 0.491205 0.00432694 0.491205 0.00234282 0.493956 0.00195313 0.8411 0.571373 0.84071 0.574125 0.493956 0.317941 0.491205 0.317551 0.491205 0.315567 0.493956 0.315179 0.493956 0.315179 0.491205 0.314791 0.491205 0.312751 0.493956 0.312365 0.493956 0.312365 0.491205 0.311979 0.491205 0.309973 0.493956 0.309589 0.493956 0.309589 0.491205 0.309204 0.491205 0.0106895 0.493956 0.0103052 0.84071 0.880775 0.8411 0.883526 0.957907 0.338524 0.957824 0.374277 0.769073 0.372642 0.767656 0.337364 0.960068 0.337695 0.971897 0.371178 0.970059 0.371926 0.958236 0.338438 0.961783 0.336093 0.984399 0.363465 0.982942 0.364894 0.960345 0.3375 0.962732 0.334001 0.993716 0.351329 0.992935 0.353177 0.961969 0.335804 0.962789 0.0424049 0.998038 0.0381861 0.998047 0.337883 0.962798 0.333665 0.961952 0.0402275 0.992918 0.0228543 0.993699 0.0247025 0.962715 0.0420313 0.960322 0.0384979 0.982919 0.0111037 0.984375 0.0125328 0.96176 0.0399055 0.958209 0.0375299 0.970031 0.00404155 0.971869 0.00478935 0.96004 0.038273 0.769152 0.00334978 0.957779 0.00195313 0.95788 0.0374287 0.761131 0.371966 0.761206 0.00404036 0.625911 0.883526 0.626301 0.880775 0.957471 0.0402988 0.957501 0.335655 0.767518 0.334531 0.958581 0.335212 0.957501 0.335655 0.959448 0.334357 0.958581 0.335212 0.959905 0.333273 0.962732 0.334001 0.961969 0.335804 0.959448 0.334357 0.959428 0.0416574 0.961952 0.0402275 0.962715 0.0420313 0.959891 0.0427756 0.958555 0.0407697 0.959428 0.0416574 0.957471 0.0402988 0.958555 0.0407697 0.957471 0.0402988 0.761131 0.371966 0.758233 0.371342 0.764549 0.336511 0.758319 0.00466096 0.761206 0.00404036 0.645326 0.880775 0.794699 0.284003 0.795415 0.165491 0.931933 0.283333 0.957501 0.335655 0.958581 0.335212 0.959448 0.334357 0.959905 0.333273 0.932719 0.163846 0.9599 0.112913 0.134423 0.145496 0.145471 0.16441 0.0363589 0.163426 0.0477459 0.144715 0.137245 0.0644555 0.156611 0.0283308 0.155474 0.15449 0.136532 0.143417 0.0299453 0.0260892 0.0307381 0.0211269 0.0485604 0.0618266 0.0237491 0.0193087 0.0237478 0.156799 0.0472842 0.144554 0.0302675 0.158347 0.0286299 0.156414 0.135104 0.0626068 0.153656 0.0222347 0.154359 0.027211 0.0320814 0.0158806 0.151061 0.0177189 0.151054 0.167208 0.0320706 0.165522 0.159432 0.158741 0.159432 0.0213195 0.153326 0.157537 0.151653 0.15944 0.134888 0.145344 0.157534 0.16154 0.157445 0.0203124 0.0256022 0.0184531 0.0257146 0.159779 0.959891 0.0427756 0.959428 0.0416574 0.958555 0.0407697 0.474567 0.177526 0.42634 0.177529 0.47781 0.0152611 0.477816 0.174277 0.426332 0.0120142 0.474561 0.0120119 0.42309 0.17428 0.423083 0.0152637 0.425175 0.1763 0.424319 0.175445 0.0179888 0.873632 0.0162582 0.876624 0.0145323 0.873629 0.293817 0.811651 0.29036 0.811649 0.292091 0.808657 0.0180384 0.811432 0.0145818 0.811429 0.0163125 0.808437 0.00719493 0.807156 0.00892558 0.804164 0.0163125 0.808437 0.0145818 0.811429 0.0145323 0.873629 0.0162582 0.876624 0.00886449 0.880885 0.00713861 0.87789 0.293817 0.811651 0.292091 0.808657 0.299485 0.804396 0.301211 0.807391 0.301154 0.878124 0.299424 0.881116 0.292037 0.876843 0.293767 0.873851 0.290363 0.808192 0.29036 0.811649 0.0180384 0.811432 0.0180411 0.807975 0.293767 0.873851 0.290311 0.873849 0.0179861 0.877088 0.0179888 0.873632 0.290311 0.873849 0.290308 0.877305 0.0642884 0.953842 0.0338151 0.953842 0.0338151 0.938013 0.0642884 0.938013 0.0642884 0.989849 0.0338151 0.989849 0.0338151 0.964434 0.0642884 0.964434 0.0642884 0.928798 0.0338151 0.928798 0.0642884 0.927421 0.0338151 0.927421 0.0338151 0.902006 0.0642884 0.902006 0.00803456 0.989849 0.00803456 0.966172 0.090069 0.966172 0.090069 0.989849 0.0338151 0.963057 0.0642884 0.963057 0.0338151 0.964434 0.0338151 0.963057 0.0642884 0.963057 0.0642884 0.964434 0.0642884 0.927421 0.0642884 0.928798 0.0338151 0.928798 0.0338151 0.927421 0.0642884 0.953842 0.0338151 0.953842 0.0338151 0.938013 0.0642884 0.938013 0.0642884 0.989849 0.0338151 0.989849 0.0338151 0.964434 0.0642884 0.964434 0.0642884 0.928798 0.0338151 0.928798 0.0642884 0.927421 0.0338151 0.927421 0.0338151 0.902006 0.0642884 0.902006 0.00803456 0.989849 0.00803456 0.966172 0.090069 0.966172 0.090069 0.989849 0.0338151 0.963057 0.0642884 0.963057 0.0338151 0.964434 0.0338151 0.963057 0.0642884 0.963057 0.0642884 0.964434 0.0642884 0.927421 0.0642884 0.928798 0.0338151 0.928798 0.0338151 0.927421 0.0642884 0.953842 0.0338151 0.953842 0.0338151 0.938013 0.0642884 0.938013 0.0642884 0.989849 0.0338151 0.989849 0.0338151 0.964434 0.0642884 0.964434 0.0642884 0.928798 0.0338151 0.928798 0.0642884 0.927421 0.0338151 0.927421 0.0338151 0.902006 0.0642884 0.902006 0.00803456 0.989849 0.00803456 0.966172 0.090069 0.966172 0.090069 0.989849 0.0338151 0.963057 0.0642884 0.963057 0.0338151 0.964434 0.0338151 0.963057 0.0642884 0.963057 0.0642884 0.964434 0.0642884 0.927421 0.0642884 0.928798 0.0338151 0.928798 0.0338151 0.927421 0.0642884 0.953842 0.0338151 0.953842 0.0338151 0.938013 0.0642884 0.938013 0.0642884 0.989849 0.0338151 0.989849 0.0338151 0.964434 0.0642884 0.964434 0.0642884 0.928798 0.0338151 0.928798 0.0642884 0.927421 0.0338151 0.927421 0.0338151 0.902006 0.0642884 0.902006 0.00803456 0.989849 0.00803456 0.966172 0.090069 0.966172 0.090069 0.989849 0.0338151 0.963057 0.0642884 0.963057 0.0338151 0.964434 0.0338151 0.963057 0.0642884 0.963057 0.0642884 0.964434 0.0642884 0.927421 0.0642884 0.928798 0.0338151 0.928798 0.0338151 0.927421 0.29037 0.799659 0.290363 0.808192 0.0180411 0.807975 0.0180479 0.799442 0.290308 0.877305 0.290301 0.885839 0.0179793 0.885622 0.0179861 0.877088 0.0145818 0.811429 0.0145323 0.873629 0.00599872 0.873622 0.00604825 0.811422 0.30235 0.811658 0.302301 0.873858 0.293767 0.873851 0.293817 0.811651 0.29036 0.811649 0.290311 0.873849 0.0179888 0.873632 0.0180384 0.811432 0.292037 0.876843 0.32411 0.84269 0.322519 0.845441 0.320933 0.842688 0.396106 0.799745 0.392929 0.799743 0.394519 0.796992 0.324144 0.799688 0.320967 0.799685 0.322558 0.796935 0.314177 0.795758 0.315768 0.793008 0.315723 0.849357 0.314137 0.846604 0.401315 0.793076 0.402902 0.795829 0.402861 0.846675 0.401271 0.849425 0.394481 0.845498 0.396072 0.842748 0.392931 0.796565 0.392929 0.799743 0.324144 0.799688 0.324147 0.796511 0.392894 0.842745 0.324108 0.845868 0.32411 0.84269 0.392894 0.842745 0.392892 0.845922 0.392937 0.788722 0.324153 0.788667 0.392886 0.853766 0.324101 0.853711 0.313089 0.842682 0.313123 0.799679 0.40395 0.799751 0.403915 0.842754 0.392929 0.799743 0.392894 0.842745 0.32411 0.84269 0.324144 0.799688 0.185843 0.94361 0.184352 0.95501 0.0935927 0.947366 0.0940997 0.943488 0.0941648 0.911815 0.0940997 0.943488 0.0892414 0.943482 0.0893064 0.911809 0.184464 0.900532 0.185909 0.911937 0.0941648 0.911815 0.0936737 0.907936 0.200192 0.911956 0.200127 0.943629 0.185843 0.94361 0.185909 0.911937 0.185909 0.911937 0.185843 0.94361 0.0940997 0.943488 0.0941648 0.911815 </float_array>
          <technique_common>
            <accessor count="1286" offset="0" source="#meshId1-tex0-array" stride="2">
              <param name="S" type="float" />
              <param name="T" type="float" />
            </accessor>
          </technique_common>
        </source>
        <vertices id="meshId1-vertices">
          <input semantic="POSITION" source="#meshId1-positions" />
        </vertices>
        <polylist count="913" material="defaultMaterial">
          <input offset="0" semantic="VERTEX" source="#meshId1-vertices" />
          <input offset="0" semantic="NORMAL" source="#meshId1-normals" />
          <input offset="0" semantic="TANGENT" source="#meshId1-tangents" />
          <input offset="0" semantic="BINORMAL" source="#meshId1-bitangents" />
          <input offset="0" semantic="TEXCOORD" source="#meshId1-tex0" set="0" />
          <vcount>3 3 3 3 3 3 3 3 3 3 3 3 3 3 3 3 3 3 3 3 3 3 3 3 3 3 3 3 3 3 3 3 3 3 3 3 3 3 3 3 3 3 3 3 3 3 3 3 3 3 3 3 3 3 3 3 3 3 3 3 3 3 3 3 3 3 3 3 3 3 3 3 3 3 3 3 3 3 3 3 3 3 3 3 3 3 3 3 3 3 3 3 3 3 3 3 3 3 3 3 3 3 3 3 3 3 3 3 3 3 3 3 3 3 3 3 3 3 3 3 3 3 3 3 3 3 3 3 3 3 3 3 3 3 3 3 3 3 3 3 3 3 3 3 3 3 3 3 3 3 3 3 3 3 3 3 3 3 3 3 3 3 3 3 3 3 3 3 3 3 3 3 3 3 3 3 3 3 3 3 3 3 3 3 3 3 3 3 3 3 3 3 3 3 3 3 3 3 3 3 3 3 3 3 3 3 3 3 3 3 3 3 3 3 3 3 3 3 3 3 3 3 3 3 3 3 3 3 3 3 3 3 3 3 3 3 3 3 3 3 3 3 3 3 3 3 3 3 3 3 3 3 3 3 3 3 3 3 3 3 3 3 3 3 3 3 3 3 3 3 3 3 3 3 3 3 3 3 3 3 3 3 3 3 3 3 3 3 3 3 3 3 3 3 3 3 3 3 3 3 3 3 3 3 3 3 3 3 3 3 3 3 3 3 3 3 3 3 3 3 3 3 3 3 3 3 3 3 3 3 3 3 3 3 3 3 3 3 3 3 3 3 3 3 3 3 3 3 3 3 3 3 3 3 3 3 3 3 3 3 3 3 3 3 3 3 3 3 3 3 3 3 3 3 3 3 3 3 3 3 3 3 3 3 3 3 3 3 3 3 3 3 3 3 3 3 3 3 3 3 3 3 3 3 3 3 3 3 3 3 3 3 3 3 3 3 3 3 3 3 3 3 3 3 3 3 3 3 3 3 3 3 3 3 3 3 3 3 3 3 3 3 3 3 3 3 3 3 3 3 3 3 3 3 3 3 3 3 3 3 3 3 3 3 3 3 3 3 3 3 3 3 3 3 3 3 3 3 3 3 3 3 3 3 3 3 3 3 3 3 3 3 3 3 3 3 3 3 3 3 3 3 3 3 3 3 3 3 3 3 3 3 3 3 3 3 3 3 3 3 3 3 3 3 3 3 3 3 3 3 3 3 3 3 3 3 3 3 3 3 3 3 3 3 3 3 3 3 3 3 3 3 3 3 3 3 3 3 3 3 3 3 3 3 3 3 3 3 3 3 3 3 3 3 3 3 3 3 3 3 3 3 3 3 3 3 3 3 3 3 3 3 3 3 3 3 3 3 3 3 3 3 3 3 3 3 3 3 3 3 3 3 3 3 3 3 3 3 3 3 3 3 3 3 3 3 3 3 3 3 3 3 3 3 3 3 3 3 3 3 3 3 3 3 3 3 3 3 3 3 3 3 3 3 3 3 3 3 3 3 3 3 3 3 3 3 3 3 3 3 3 3 3 3 3 3 3 3 3 3 3 3 3 3 3 3 3 3 3 3 3 3 3 3 3 3 3 3 3 3 3 3 3 3 3 3 3 3 3 3 3 3 3 3 3 3 3 3 3 3 3 3 3 3 3 3 3 3 3 3 3 3 3 3 3 3 3 3 3 3 3 3 3 3 3 3 3 3 3 3 3 3 3 3 3 3 3 3 3 3 3 3 3 3 3 3 3 3 3 3 3 3 3 3 3 3 3 3 3 3 3 3 3 3 3 3 3 3 3 3 3 3 3 3 3 3 3 3 3 3 3 3 3 3 3 3 3 3 3 3 3 3 3 3 3 3 3 3 3 3 3 3 3 3 3 3 3 3 3 3 3 3 3 3 3 3 3 3 3 3 3 3 3 3 3 3 3 3 3 3 3 3 3 3 3 3 3 3 3 3 3 3 3 3 3 3 3 3 3 3 3 3 3 3 3 3 3 3 3 3 3 3 3 3 3 3 3 3 3 3 3 3 3 3 3 3 3 3 3 3 3 3 3 3 3 3 3 3 3 3 3 3 3 </vcount>
          <p>11 0 1 11 1 2 11 2 3 11 3 4 11 4 5 11 5 6 11 6 7 11 7 8 11 8 9 9 10 11 23 12 13 23 13 14 23 14 15 23 15 16 23 16 17 23 17 18 23 18 19 23 19 20 23 20 21 21 22 23 29 24 25 29 25 26 29 26 27 27 28 29 35 30 31 35 31 32 35 32 33 33 34 35 41 36 37 41 37 38 41 38 39 39 40 41 47 42 43 47 43 44 47 44 45 45 46 47 53 48 49 53 49 50 53 50 51 51 52 53 59 54 55 59 55 56 59 56 57 57 58 59 65 60 61 65 61 62 65 62 63 63 64 65 71 66 67 71 67 68 71 68 69 69 70 71 76 72 73 76 73 74 74 75 76 81 77 78 81 78 79 79 80 81 86 82 83 86 83 84 84 85 86 91 87 88 91 88 89 89 90 91 96 92 93 96 93 94 94 95 96 101 97 98 101 98 99 99 100 101 106 102 103 106 103 104 104 105 106 111 107 108 111 108 109 109 110 111 116 112 113 116 113 114 114 115 116 121 117 118 121 118 119 119 120 121 126 122 123 126 123 124 124 125 126 131 127 128 131 128 129 129 130 131 136 132 133 136 133 134 134 135 136 141 137 138 141 138 139 139 140 141 146 142 143 146 143 144 144 145 146 151 147 148 151 148 149 149 150 151 152 153 154 155 156 157 158 159 160 161 162 163 165 155 157 157 164 165 167 158 160 160 166 167 169 161 163 163 168 169 171 152 154 154 170 171 175 172 173 173 174 175 179 176 177 177 178 179 173 172 180 180 181 173 185 182 183 183 184 185 189 186 187 187 188 189 191 190 185 185 184 191 187 186 192 192 193 187 197 194 195 195 196 197 183 174 173 173 184 183 201 198 199 199 200 201 202 188 187 187 178 202 51 50 63 63 62 51 57 56 69 69 68 57 178 187 193 193 179 178 177 203 202 202 178 177 184 173 181 181 191 184 204 205 206 207 208 209 210 211 212 213 214 215 217 207 209 209 216 217 219 210 212 212 218 219 221 213 215 215 220 221 223 204 206 206 222 223 227 224 225 225 226 227 231 228 229 229 230 231 225 224 232 232 233 225 237 234 235 235 236 237 241 238 239 239 240 241 243 242 237 237 236 243 239 238 244 244 245 239 249 246 247 247 248 249 235 226 225 225 236 235 253 250 251 251 252 253 254 240 239 239 230 254 27 26 39 39 38 27 33 32 45 45 44 33 230 239 245 245 231 230 229 255 254 254 230 229 236 225 233 233 243 236 259 256 257 257 258 259 261 260 18 18 17 261 265 262 263 263 264 265 267 259 258 258 266 267 260 268 19 19 18 260 270 267 266 266 269 270 274 271 272 272 273 274 275 276 277 281 278 279 279 280 281 285 282 283 283 284 285 289 286 287 287 288 289 268 290 20 20 19 268 292 270 269 269 291 292 296 293 294 294 295 296 300 297 298 298 299 300 304 301 302 302 303 304 308 305 306 306 307 308 312 309 310 310 311 312 316 313 314 314 315 316 290 317 21 21 20 290 321 318 319 319 320 321 323 321 320 320 322 323 318 264 263 263 319 318 325 323 322 322 324 325 265 326 327 327 262 265 329 325 324 324 328 329 326 330 331 331 327 326 333 329 328 328 332 333 334 335 336 338 337 334 334 336 338 335 334 339 339 340 335 343 341 342 342 337 343 338 344 343 343 337 338 348 345 346 346 347 348 350 333 332 332 349 350 345 305 308 308 346 345 354 351 352 352 353 354 306 350 349 349 307 306 333 350 355 355 356 333 358 293 296 296 357 358 329 333 356 356 359 329 363 360 361 361 362 363 325 329 359 359 364 325 323 325 364 364 365 323 369 366 367 367 368 369 373 370 371 371 372 373 321 323 365 365 374 321 378 375 376 376 377 378 382 379 380 380 381 382 386 383 384 384 385 386 390 387 388 388 389 390 318 321 374 374 391 318 395 392 393 393 394 395 264 318 391 391 396 264 400 397 398 398 399 400 401 402 403 407 404 405 405 406 407 411 408 409 409 410 411 411 412 408 416 413 414 414 415 416 413 417 414 418 419 420 422 421 418 418 420 422 426 423 424 424 425 426 423 427 424 431 428 429 429 430 431 424 432 433 427 434 435 439 436 437 437 438 439 443 440 441 441 442 443 447 444 445 445 446 447 449 264 396 396 448 449 451 449 448 448 450 451 455 452 453 453 454 455 306 455 454 454 456 306 460 457 458 458 459 460 464 461 462 462 463 464 468 465 466 466 467 468 350 306 456 456 355 350 472 469 470 470 471 472 476 473 474 474 475 476 480 477 478 478 479 480 484 481 482 482 483 484 488 485 486 486 487 488 492 489 490 490 491 492 496 493 494 494 495 496 483 482 497 497 498 483 467 466 485 485 488 467 500 499 489 489 492 500 495 494 501 501 502 495 491 490 476 476 475 491 474 473 481 481 484 474 480 479 493 493 496 480 487 486 503 503 504 487 508 505 506 506 507 508 512 509 510 510 511 512 516 513 514 514 515 516 520 517 518 518 519 520 524 521 522 522 523 524 528 525 526 526 527 528 532 529 530 530 531 532 536 533 534 534 535 536 540 537 538 538 539 540 544 541 542 542 543 544 548 545 546 546 547 548 552 549 550 550 551 552 554 553 6 6 5 554 558 555 556 556 557 558 560 552 551 551 559 560 553 561 7 7 6 553 563 560 559 559 562 563 561 564 8 8 7 561 566 563 562 562 565 566 570 567 568 568 569 570 564 571 9 9 8 564 575 572 573 573 574 575 577 575 574 574 576 577 572 557 556 556 573 572 579 577 576 576 578 579 558 580 581 581 555 558 583 579 578 578 582 583 580 584 585 585 581 580 587 583 582 582 586 587 591 588 589 589 590 591 593 587 586 586 592 593 588 567 570 570 589 588 568 593 592 592 569 568 587 593 594 594 595 587 583 587 595 595 596 583 579 583 596 596 597 579 577 579 597 597 598 577 575 577 598 598 599 575 572 575 599 599 600 572 557 572 600 600 601 557 603 557 601 601 602 603 605 603 602 602 604 605 609 606 607 607 608 609 613 610 611 611 612 613 617 614 615 615 616 617 621 618 619 619 620 621 622 275 623 627 624 625 625 626 627 631 628 629 629 630 631 635 632 633 633 634 635 639 636 637 637 638 639 643 640 641 641 642 643 647 644 645 645 646 647 651 648 649 649 650 651 655 652 653 653 654 655 428 656 657 657 429 428 661 658 659 659 660 661 665 662 663 663 664 665 404 651 428 428 431 404 669 666 667 667 668 669 432 670 671 675 672 673 673 674 675 676 434 677 433 432 671 432 678 670 568 665 664 664 679 568 593 568 679 679 594 593 683 680 681 681 682 683 402 684 403 688 685 686 686 687 688 689 434 676 402 690 684 275 277 623 677 434 427 694 691 692 692 693 694 698 695 696 696 697 698 702 699 700 700 701 702 706 703 704 704 705 706 710 707 708 708 709 710 714 711 712 712 713 714 718 715 716 716 717 718 722 719 720 720 721 722 726 723 724 724 725 726 730 727 728 728 729 730 734 731 732 732 733 734 738 735 736 736 737 738 742 739 740 740 741 742 746 743 744 744 745 746 750 747 748 748 749 750 754 751 752 752 753 754 758 755 756 756 757 758 762 759 760 760 761 762 766 763 764 764 765 766 763 767 768 768 764 763 767 769 770 770 768 767 774 771 772 772 773 774 778 775 776 776 777 778 782 779 780 780 781 782 786 783 784 784 785 786 790 787 788 788 789 790 794 791 792 792 793 794 798 795 796 796 797 798 802 799 800 800 801 802 806 803 804 804 805 806 810 807 808 808 809 810 807 811 812 812 808 807 811 813 814 814 812 811 813 766 765 765 814 813 816 815 502 502 501 816 820 817 818 818 819 820 824 821 822 822 823 824 828 825 826 826 827 828 832 829 830 830 831 832 836 833 834 834 835 836 840 837 838 838 839 840 744 743 841 841 842 744 846 843 844 844 845 846 804 803 847 847 848 804 852 849 850 850 851 852 465 468 498 498 497 465 815 816 469 469 472 815 817 820 517 517 520 817 823 822 853 853 854 823 858 855 856 856 857 858 862 859 860 860 861 862 866 863 864 864 865 866 837 840 867 867 868 837 842 841 869 869 870 842 843 846 871 871 872 843 848 847 873 873 874 848 878 875 876 876 877 878 879 880 881 885 882 883 883 884 885 889 886 887 887 888 889 335 890 336 894 891 892 892 893 894 898 895 896 896 897 898 902 899 900 900 901 902 906 903 904 904 905 906 910 907 908 908 909 910 914 911 912 912 913 914 918 915 916 916 917 918 422 919 920 920 421 422 924 921 922 922 923 924 928 925 926 926 927 928 932 929 930 930 931 932 936 933 934 934 935 936 938 416 415 415 937 938 942 939 940 940 941 942 946 943 944 944 945 946 950 947 948 948 949 950 954 951 952 952 953 954 958 955 956 956 957 958 962 959 960 960 961 962 966 963 964 964 965 966 970 967 968 968 969 970 973 879 971 971 972 973 942 941 974 975 971 879 413 976 977 977 417 413 978 275 622 980 979 939 939 942 980 982 981 943 943 946 982 984 983 947 947 950 984 988 985 986 986 987 988 992 989 990 990 991 992 994 993 963 963 966 994 996 995 967 967 970 996 997 880 879 879 973 997 942 998 999 999 1000 942 1002 879 881 881 1001 1002 344 338 1003 1000 980 942 1005 1004 425 425 424 1005 1004 1006 1007 1007 425 1004 1006 1008 1007 1008 1006 1009 1009 1006 1010 1006 1011 1012 1012 1010 1006 1011 1005 424 424 1012 1011 1016 1013 1014 1014 1015 1016 1020 1017 1018 1018 1019 1020 1013 1016 439 439 438 1013 438 437 1017 1017 1020 438 444 447 437 437 436 444 436 439 440 440 443 436 443 1021 1022 1022 1023 443 1025 1024 442 442 441 1025 1028 440 1026 1026 1027 1028 1031 1017 1029 1029 1030 1031 446 445 1032 1032 1033 446 1015 1014 1034 1034 1035 1015 1037 1036 1019 1019 1018 1037 1020 1038 1039 1039 1040 1020 1040 438 1020 1041 1039 1038 1042 1031 1030 436 443 1023 1021 1043 1022 437 1029 1017 440 439 1026 1044 1028 1027 1045 1012 401 401 276 1045 275 1046 1045 275 1047 1046 275 978 1047 677 427 978 978 622 677 1049 1048 632 632 635 1049 1051 1050 855 855 858 1051 1053 1052 833 833 836 1053 1055 1054 628 628 631 1055 430 1056 1057 1057 431 430 651 404 407 407 648 651 690 1012 424 424 433 690 690 402 1012 678 424 427 427 435 678 678 432 424 1012 402 401 276 275 1045 435 434 689 1058 1059 1060 1061 1062 1063 1064 1065 1066 1070 1067 1068 1068 1069 1070 1074 1071 1072 1072 1073 1074 1078 1075 1076 1076 1077 1078 1082 1079 1080 1080 1081 1082 1086 1083 1084 1084 1085 1086 1088 1062 1061 1061 1087 1088 1092 1089 1090 1090 1091 1092 1096 1093 1094 1094 1095 1096 1100 1097 1098 1098 1099 1100 1102 1101 1096 1096 1095 1102 1106 1103 1104 1104 1105 1106 1108 74 73 73 1107 1108 1110 85 84 84 1109 1110 1112 1111 1094 1094 1093 1112 1116 1113 1114 1114 1115 1116 1120 1117 1118 1118 1119 1120 1124 1121 1122 1122 1123 1124 1128 1125 1126 1126 1127 1128 1130 1129 1124 1124 1123 1130 1134 1131 1132 1132 1133 1134 1136 94 93 93 1135 1136 1138 105 104 104 1137 1138 1140 1139 1122 1122 1121 1140 1144 1141 1142 1142 1143 1144 1148 1145 1146 1146 1147 1148 1152 1149 1150 1150 1151 1152 1156 1153 1154 1154 1155 1156 1158 1157 1152 1152 1151 1158 1162 1159 1160 1160 1161 1162 1164 114 113 113 1163 1164 1166 125 124 124 1165 1166 1168 1167 1150 1150 1149 1168 1172 1169 1170 1170 1171 1172 1176 1173 1174 1174 1175 1176 1180 1177 1178 1178 1179 1180 1184 1181 1182 1182 1183 1184 1186 1185 1180 1180 1179 1186 1190 1187 1188 1188 1189 1190 1192 134 133 133 1191 1192 1194 145 144 144 1193 1194 1196 1195 1178 1178 1177 1196 1200 1197 1198 1198 1199 1200 1204 1201 1202 1202 1203 1204 1064 1058 1060 1060 1065 1064 1208 1205 1206 1206 1207 1208 1212 1209 1210 1210 1211 1212 1216 1213 1214 1214 1215 1216 1220 1217 1218 1218 1219 1220 1224 1221 1222 1222 1223 1224 1087 1225 1088 1226 1227 1228 1229 1230 1231 1232 1233 1234 1233 1235 1236 1236 1234 1233 1238 1228 1227 1227 1237 1238 1240 1229 1231 1231 1239 1240 1244 1241 1242 1242 1243 1244 1248 1245 1246 1246 1247 1248 1249 1230 1229 1229 1244 1249 1253 1250 1251 1251 1252 1253 1232 1226 1228 1228 1233 1232 1255 1254 1245 1245 1248 1255 1250 1253 1256 1256 1257 1250 1259 1233 1228 1228 1258 1259 1229 1260 1261 1261 1244 1229 1265 1262 1263 1263 1264 1265 1244 1243 1249 1269 1266 1267 1267 1268 1269 1273 1270 1271 1271 1272 1273 1277 1274 1275 1275 1276 1277 1281 1278 1279 1279 1280 1281 1285 1282 1283 1283 1284 1285 </p>
        </polylist>
      </mesh>
    </geometry>
  </library_geometries>
  <library_visual_scenes>
    <visual_scene id="root" name="root">
      <node id="Televiz_02" name="Televiz_02">
        <matrix>1 0 0 0 0 1 0 0 0 0 1 0 0 0 0 1</matrix>
        <instance_geometry url="#meshId0">
          <bind_material>
            <technique_common>
              <instance_material symbol="defaultMaterial" target="#Record_front" />
            </technique_common>
          </bind_material>
        </instance_geometry>
      </node>
      <node id="Televiz_01" name="Televiz_01">
        <matrix>1 0 0 0 0 1 0 0 0 0 1 0 0 0 0 1</matrix>
        <instance_geometry url="#meshId1">
          <bind_material>
            <technique_common>
              <instance_material symbol="defaultMaterial" target="#Record" />
            </technique_common>
          </bind_material>
        </instance_geometry>
      </node>
    </visual_scene>
  </library_visual_scenes>
  <scene>
    <instance_visual_scene url="#root" />
  </scene>
</COLLADA>
